2018-09-18 20:07,WAVES/USDT,teio,70,71,0@2.06@2.06,60000@2.06@2.06,120000@2.06@2.06,180000@2.06@2.06,240000@2.06@2.06,300000@2.06@2.06,360000@2.06@2.06,420000@2.06@2.06,480000@2.06@2.06,540000@2.18@2.18,600000@2.26@2.26,660000@2.26@2.26,720000@2.38@2.38,780000@2.39@2.39,840000@2.39@2.39,900000@2.39@2.39,960000@2.39@2.39,1020000@2.35@2.39,1080000@2.35@2.35,1140000@2.35@2.35,1200000@2.4@2.4,1260000@2.4@2.4,1320000@2.4@2.4,1380000@2.4@2.4,1440000@2.4@2.4,1500000@2.4@2.4,1560000@2.4@2.4,1620000@2.4@2.4,1680000@2.4@2.4,1740000@2.4@2.4,1800000@2.4@2.4,1860000@2.4@2.4,1920000@2.4@2.4,1980000@2.4@2.4,2040000@2.4@2.4,2100000@2.4@2.4,2160000@2.4@2.4,2220000@2.4@2.4,2280000@2.4@2.4,2340000@2.4@2.4,2400000@2.4@2.4,2460000@2.4@2.4,2520000@2.4@2.4,2580000@2.4@2.4,2640000@2.4@2.4,2700000@2.4@2.4,2760000@2.4@2.4,2820000@2.4@2.4,2880000@2.4@2.4,2940000@2.4@2.4,3000000@2.4@2.4,3060000@2.4@2.4,3120000@2.4@2.4,3180000@2.4@2.4,3240000@2.25@2.25,3300000@2.25@2.25,3360000@2.25@2.25,3420000@2.25@2.26,3480000@2.25@2.25,3540000@2.25@2.25,3600000@2.25@2.25,3660000@2.25@2.25,3720000@2.25@2.25,3780000@2.25@2.25,3840000@2.25@2.25,3900000@2.25@2.25,3960000@2.25@2.25,4020000@2.25@2.25,4080000@2.25@2.25,4140000@2.25@2.25,4200000@2.25@2.25
2018-09-18 20:07,WAVES/BTC,trex,70,70,0@0.0003423@12.16631292,60000@0.0003423@47.53,120000@0.0003423@40.52,360000@0.0003423@124.5883465,780000@0.00034719@1966.97614287,840000@0.00034796@11657.27949881,900000@0.00036941@26439.11893077,960000@0.00038157@42458.63590836,1020000@0.00038157@2491.88516256,1080000@0.00038965@13857.84010272,1140000@0.00038202@16654.36887794,1200000@0.00037845@4927.94798733,1260000@0.00038302@9636.1359317,1320000@0.00038077@580.79469879,1380000@0.00038055@538.41693985,1440000@0.00038049@888.23923208,1500000@0.00037977@1178.24537393,1560000@0.000377@519.76243978,1620000@0.000377@659.45690846,1680000@0.000378@341.57486178,1740000@0.00037543@296.1039436,1800000@0.00037543@77.28687952,1860000@0.00037614@1781.25391821,1920000@0.0003752@23.77985018,1980000@0.00037263@1104.46272936,2040000@0.00037098@3802.84197143,2100000@0.00036954@1991.28508599,2160000@0.00036954@222.65011635,2220000@0.000364@3295.07806705,2280000@0.00036289@312.23149728,2340000@0.0003655@4840.20925388,2400000@0.00036405@1947.69959607,2460000@0.00036413@1009.17386019,2520000@0.00036163@362.60915997,2580000@0.00036106@6858.71498034,2640000@0.00036051@407.31248328,2700000@0.00035841@442.50458366,2760000@0.00035843@10.0,2820000@0.0003594@1173.07402011,2880000@0.00035936@1005.1040647,2940000@0.00035976@6449.51750259,3000000@0.00035729@3413.79298168,3060000@0.00036329@3465.24344494,3120000@0.00036105@869.25512643,3180000@0.00036108@1537.67616435,3240000@0.0003596@3701.95805426,3300000@0.00036095@4821.38916388,3360000@0.00036132@6112.02976121,3420000@0.00036143@10685.75964395,3480000@0.00036675@4930.71370067,3540000@0.0003662@178.27527622,3600000@0.00036275@224.48254347,3660000@0.00035971@217.34355509,3720000@0.00036269@1347.9388822,3780000@0.00036033@1116.5425337,3840000@0.00035829@2182.01980198,3900000@0.00035858@215.66504063,3960000@0.00035874@404.15339215,4020000@0.00035882@200.0,4080000@0.0003581@4310.56393208,4200000@0.00035825@875.13752857,4260000@0.0003591@453.97057528,4260000@0.0003591@453.97057528,4260000@0.0003591@453.97057528,4260000@0.0003591@453.97057528,4260000@0.0003591@453.97057528,4260000@0.0003591@453.97057528,4260000@0.0003591@453.97057528,4260000@0.0003591@453.97057528,4260000@0.0003591@453.97057528
2018-09-18 20:07,WAVES/BTC,tbtc,70,70,0@0.0003396@1.43,60000@0.0003396@14.76,120000@0.0003396@109.11,180000@0.0003398@12.41,1500000@0.0003398@67.64,2460000@0.0003382@45.71,3960000@0.0003394@0.37,4320000@0.0003381@1.58,4500000@0.0003386@0.31,5040000@0.000339@1.92,5400000@0.0003404@1.5,5580000@0.0003406@0.39,5760000@0.0003381@0.02,5820000@0.0003368@82.12,6720000@0.0003379@3.67,11340000@0.0003379@9.3,11400000@0.0003379@82.42,11460000@0.0003379@3.54,12480000@0.0003367@4.18,17460000@0.0003373@0.01,17880000@0.0003383@1.68,21780000@0.0003403@54.67,24000000@0.0003397@5.21,25560000@0.0003412@4.97,26220000@0.0003403@9.53,28320000@0.0003393@0.11,28620000@0.0003419@5.01,28680000@0.0003434@0.01,29040000@0.0003437@0.01,29460000@0.0003443@82.77,29520000@0.0003478@227.84,29580000@0.0003667@11078.91,29640000@0.0003844@9358.99,29700000@0.0003791@72.54,29760000@0.0003857@301.41,29820000@0.0003831@72.28,29880000@0.0003806@35.89,29940000@0.0003799@51.83,30000000@0.0003787@26.74,30060000@0.0003799@1.95,30180000@0.0003792@164.45,30420000@0.0003749@134.6,30480000@0.0003749@40.2,30660000@0.0003736@0.01,30720000@0.000368@264.45,30780000@0.000369@4.79,30900000@0.0003634@163.38,30960000@0.0003616@21.25,31020000@0.0003622@1311.36,31080000@0.0003634@680.37,31140000@0.0003634@579.32,31260000@0.0003632@95.21,31320000@0.0003601@13.32,31560000@0.0003561@45.65,31740000@0.0003595@557.81,31800000@0.0003594@89.56,31860000@0.000359@61.7,31920000@0.0003574@247.31,31980000@0.0003583@69.18,32040000@0.0003589@294.78,32100000@0.0003593@6.83,32160000@0.0003605@5.31,32220000@0.0003603@779.68,32280000@0.0003608@565.83,32520000@0.000357@1358.96,32580000@0.000357@69.93,32640000@0.0003571@29.5,32700000@0.0003562@290.88,32760000@0.0003559@186.5,33120000@0.0003571@1034.11
2018-09-18 20:07,WAVES/BTC,uobi,70,70,0@0.000358@5.1112,60000@0.000356@1140.4077,120000@0.000356@0.0186,180000@0.000357@0.0236,240000@0.000356@0.0564,300000@0.000355@0.0933,360000@0.000357@288.8491,420000@0.000356@781.0282,480000@0.000356@1884.5893,540000@0.000356@21.1834,600000@0.000357@0.078,660000@0.000356@4.0893,720000@0.000358@20.7139,780000@0.000358@0.0389,840000@0.000359@19.7622,900000@0.000359@0.0576,960000@0.000359@110.8426,1020000@0.000361@19.207442382271466,1080000@0.000358@11025.2971,1140000@0.000358@2985.6793,1200000@0.000356@2044.7856,1260000@0.000357@1011.9199,1320000@0.000357@1239.1735,1380000@0.000358@2691.1452,1440000@0.000358@0.0275,1500000@0.000357@28.1628,1560000@0.000356@226.7468,1620000@0.000358@15.1444,1680000@0.000357@128.6743,1740000@0.000359@289.9018,1800000@0.000358@111.2664,1860000@0.000359@1017.4272,1920000@0.000361@2151.7987,1980000@0.000365@1755.3708,2040000@0.000364@1558.8131,2100000@0.000364@2571.8415,2160000@0.000363@481.2741,2220000@0.000361@138.8338,2280000@0.00036@289.325,2340000@0.000368@1312.1087,2400000@0.000368@14.5508,2460000@0.00037@12.2942,2520000@0.000373@0.0907,2580000@0.000374@3.3254,2640000@0.000373@7.5526,2700000@0.000374@4.342,2760000@0.000377@0.0245,2820000@0.000377@835.5755,2880000@0.000379@2620.2448,2940000@0.000375@497.5664,3000000@0.000377@1897.0679,3060000@0.000379@153.1274,3120000@0.000379@0.0815,3180000@0.00038@629.3104,3240000@0.00038@2121.3928,3300000@0.000376@302.6695,3360000@0.000382@1204.5544,3420000@0.000383@2131.3722,3480000@0.00038@2143.5622,3540000@0.000384@2413.5464,3600000@0.000367@5135.7851,3660000@0.000348@2124.3707,3720000@0.000342@0.0396,3780000@0.000342@0.0517,3840000@0.000342@0.0553,3900000@0.000342@0.0881,3960000@0.000342@0.0195,4020000@0.000342@0.034,4080000@0.000342@0.0443,4140000@0.000342@0.0887
2018-09-18 21:50,TRX/USDT,teio,70,71,0@0.01948@0.01948,60000@0.01948@0.01948,120000@0.01947@0.01947,180000@0.01948@0.01948,240000@0.0195@0.0195,300000@0.01947@0.01947,360000@0.01947@0.01947,420000@0.01947@0.01947,480000@0.01947@0.01947,540000@0.0195@0.0195,600000@0.01963@0.01963,660000@0.0197@0.0197,720000@0.01974@0.01974,780000@0.01974@0.01974,840000@0.01974@0.01974,900000@0.01974@0.01974,960000@0.01981@0.01981,1020000@0.01981@0.01981,1080000@0.01983@0.01983,1140000@0.01983@0.01983,1200000@0.01982@0.01982,1260000@0.01983@0.01983,1320000@0.01997@0.01998,1380000@0.01999@0.01999,1440000@0.02@0.02,1500000@0.01989@0.02003,1560000@0.01989@0.01989,1620000@0.01995@0.01995,1680000@0.02@0.02,1740000@0.02@0.02,1800000@0.02001@0.02001,1860000@0.02@0.02001,1920000@0.02@0.02,1980000@0.01995@0.01996,2040000@0.01995@0.01995,2100000@0.01985@0.01988,2160000@0.01985@0.01985,2220000@0.0199@0.0199,2280000@0.0199@0.0199,2340000@0.01976@0.01978,2400000@0.01976@0.01976,2460000@0.01977@0.01977,2520000@0.01976@0.01977,2580000@0.01976@0.01976,2640000@0.01971@0.01971,2700000@0.01974@0.01974,2760000@0.01976@0.01976,2820000@0.01977@0.01977,2880000@0.01972@0.01972,2940000@0.01972@0.01972,3000000@0.01972@0.01972,3060000@0.01973@0.01973,3120000@0.01973@0.01973,3180000@0.01974@0.01974,3240000@0.01977@0.01977,3300000@0.01978@0.01978,3360000@0.01976@0.01978,3420000@0.01977@0.01977,3480000@0.01977@0.01977,3540000@0.01977@0.01977,3600000@0.01973@0.01973,3660000@0.01969@0.01973,3720000@0.01968@0.01969,3780000@0.01968@0.01968,3840000@0.01968@0.01968,3900000@0.01957@0.01963,3960000@0.01954@0.01954,4020000@0.01954@0.01954,4080000@0.01954@0.01961,4140000@0.01954@0.01954,4200000@0.01954@0.01954
2018-09-18 21:50,TRX/BTC,coin,70,70,0@3.24e-06@949.4098,60000@None@0.0,120000@None@0.0,180000@3.24e-06@7893.4573,240000@3.25e-06@5094.28,300000@None@0.0,360000@None@0.0,420000@3.34e-06@301102.8095,480000@3.32e-06@25183.7781,540000@3.34e-06@34534.1731,600000@3.39e-06@82580.0727,660000@3.38e-06@38094.5685,720000@3.42e-06@15846.2918,780000@3.45e-06@90256.4854,840000@3.38e-06@333960.8738,900000@3.36e-06@22896.7321,960000@3.34e-06@6019.9576,1020000@3.26e-06@16939.0656,1080000@3.24e-06@7941.773,1140000@3.2e-06@41777.7624,1200000@3.18e-06@1691.6398,1260000@3.25e-06@113942.3167,1320000@3.25e-06@14049.8626,1380000@3.23e-06@71265.3919,1440000@3.26e-06@26394.6573,1500000@3.27e-06@1758.5114,1560000@3.24e-06@17685.3653,1620000@3.24e-06@4096.7536,1680000@3.23e-06@192.3467,1740000@3.24e-06@66988.9409,1800000@3.25e-06@18047.3575,1860000@3.23e-06@23096.9158,1920000@3.24e-06@191.9629,1980000@3.21e-06@27419.3496,2040000@3.22e-06@18996.416,2100000@3.2e-06@9120.2907,2160000@3.22e-06@36414.8552,2220000@3.23e-06@20942.8369,2280000@3.22e-06@1813.4223,2340000@3.22e-06@832.1292,2400000@3.21e-06@38236.1125,2460000@3.23e-06@83465.8903,2520000@3.21e-06@1154.73,2580000@3.21e-06@1283.3967,2640000@3.22e-06@1250.078,2700000@3.21e-06@879.5519,2760000@3.22e-06@20303.0662,2820000@3.22e-06@347.5473,2880000@3.23e-06@20830.3547,2940000@3.23e-06@37483.9639,3000000@3.24e-06@36757.3727,3060000@3.24e-06@33621.7129,3120000@3.27e-06@50500.8741,3180000@None@0.0,3240000@None@0.0,3300000@3.26e-06@41638.0618,3360000@3.31e-06@65429.5289,3420000@3.27e-06@292.4297,3480000@3.25e-06@43916.7413,3540000@None@0.0,3600000@3.25e-06@668.3402,3660000@3.26e-06@29910.0639,3720000@3.26e-06@31033.4252,3780000@3.25e-06@163.2293,3840000@None@0.0,3900000@3.24e-06@45131.9127,3960000@3.23e-06@64956.3941,4020000@None@0.0,4080000@3.22e-06@18238.3252,4140000@3.22e-06@24046.1976
2018-09-18 21:50,TRX/BTC,tbtc,70,70,0@3.03e-06@37000.0,120000@3.06e-06@9000.0,360000@3.06e-06@2000.0,420000@3.05e-06@2000.0,480000@3.08e-06@69000.0,1380000@3.07e-06@1000.0,4800000@3.05e-06@5000.0,6120000@3.06e-06@2000.0,6180000@3.04e-06@1000.0,6480000@3.04e-06@6000.0,7020000@3.04e-06@1000.0,7680000@3.04e-06@2000.0,8100000@3.05e-06@5000.0,8760000@3.04e-06@1000.0,9240000@3.03e-06@50000.0,9600000@3.03e-06@18000.0,9720000@3.05e-06@9000.0,10260000@3.05e-06@1000.0,10740000@3.04e-06@13000.0,10920000@3.05e-06@2000.0,11880000@3.05e-06@2000.0,13980000@3.03e-06@42000.0,14280000@3.04e-06@7000.0,15540000@3.02e-06@10000.0,16200000@3.04e-06@2000.0,17580000@3.04e-06@5000.0,18240000@3.05e-06@16000.0,18720000@3.05e-06@1000.0,19200000@3.04e-06@10000.0,20040000@3.02e-06@1000.0,20460000@3.03e-06@2000.0,22680000@3.05e-06@1000.0,25320000@3.05e-06@8000.0,26460000@3.06e-06@4000.0,26520000@3.05e-06@2000.0,26820000@3.03e-06@1000.0,27480000@3.04e-06@3000.0,28020000@3.05e-06@45000.0,28800000@3.05e-06@2000.0,29160000@3.05e-06@4000.0,29340000@3.04e-06@17000.0,29400000@3.04e-06@2000.0,29460000@3.05e-06@4000.0,29880000@3.05e-06@2000.0,30300000@3.04e-06@10000.0,31320000@3.04e-06@1000.0,31440000@3.05e-06@6000.0,31740000@3.04e-06@5000.0,31920000@3.05e-06@7000.0,33300000@3.05e-06@10000.0,33720000@3.04e-06@6000.0,34860000@3.04e-06@1000.0,35460000@3.06e-06@12000.0,36840000@3.07e-06@5000.0,37020000@3.07e-06@19000.0,37080000@3.07e-06@1000.0,39300000@3.07e-06@8000.0,39360000@3.08e-06@455000.0,39420000@3.09e-06@69000.0,39480000@3.1e-06@36000.0,39660000@3.09e-06@408000.0,39720000@3.11e-06@6000.0,40140000@3.13e-06@30000.0,40260000@3.11e-06@56000.0,40380000@3.13e-06@51000.0,40620000@3.14e-06@2000.0,40680000@3.14e-06@2000.0,41280000@3.11e-06@9000.0,41640000@3.12e-06@8000.0,42060000@3.11e-06@1000.0
2018-09-18 21:50,TRX/BTC,uobi,70,70,0@3.0953e-06@28617.83,60000@3.0962e-06@61389.83,120000@3.0929e-06@57097.03,180000@3.0999e-06@40504.14,240000@3.0952e-06@43302.95,300000@3.0951e-06@70465.49548387097,360000@3.1022e-06@43350.91,420000@3.1024e-06@142877.91,480000@3.1157e-06@37494.92,540000@3.1165e-06@51682.94,600000@3.1197e-06@43339.86,660000@3.1133e-06@54179.77,720000@3.1143e-06@45381.65,780000@3.1163e-06@38677.18,840000@3.1153e-06@53185.97,900000@3.1133e-06@45245.36,960000@3.1108e-06@34343.73,1020000@3.1145e-06@44777.64,1080000@3.1144e-06@37933.96,1140000@3.1143e-06@51076.31,1200000@3.112e-06@35840.27,1260000@3.1163e-06@51608.4,1320000@3.1153e-06@48187.3,1380000@3.1146e-06@37589.54,1440000@3.114e-06@52863.87,1500000@3.1141e-06@46576.31,1560000@3.1134e-06@40280.48,1620000@3.109e-06@263727.7,1680000@3.1102e-06@39267.97,1740000@3.1091e-06@60041.36,1800000@3.1074e-06@53575.11,1860000@3.1177e-06@49938.32,1920000@3.125e-06@49101.08,1980000@3.1326e-06@46282.95,2040000@3.1293e-06@47934.29,2100000@3.1316e-06@38175.78,2160000@3.1384e-06@52380.89,2220000@3.1377e-06@78510.8,2280000@3.1363e-06@36294.07,2340000@3.1378e-06@41172.09,2400000@3.1475e-06@36952.87,2460000@3.1387e-06@59643.57,2520000@3.1398e-06@46706.02,2580000@3.1388e-06@58515.74,2640000@3.1355e-06@37504.98,2700000@3.1314e-06@57972.62,2760000@3.1421e-06@34687.02,2820000@3.1443e-06@183580.56,2880000@3.1296e-06@58519.43,2940000@3.1265e-06@76921.37,3000000@3.1272e-06@38353.09,3060000@3.1183e-06@79049.59,3120000@3.1268e-06@168283.92,3180000@3.117e-06@57567.67,3240000@3.1158e-06@32886.93,3300000@3.1231e-06@118780.99,3360000@3.1117e-06@89737.73,3420000@3.1114e-06@126169.89,3480000@3.1182e-06@152423.17439220738,3540000@3.1045e-06@210248.36,3600000@3.1149e-06@258309.43,3660000@3.0868e-06@416951.26,3720000@3.0693e-06@48382.14,3780000@3.0683e-06@33272.01,3840000@3.0692e-06@60573.35,3900000@3.0665e-06@70991.65,3960000@3.0696e-06@45745.08,4020000@3.0675e-06@77341.52,4080000@3.0661e-06@51243.79,4140000@3.0711e-06@53550.23
2018-09-18 21:50,TRX/BTC,trex,70,70,0@3.07e-06@1139.0,60000@3.07e-06@16018.23090797,120000@3.06e-06@14337.50781717,180000@3.07e-06@1251.20005682,240000@3.06e-06@1524.0,300000@3.07e-06@2839.0,360000@3.07e-06@2060.0,420000@3.08e-06@1443.0,480000@3.06e-06@3714.6356909,540000@3.06e-06@5291.0,600000@3.06e-06@1063.0,660000@3.06e-06@1635.0,720000@3.07e-06@1139.0,780000@3.08e-06@1553447.37806896,840000@3.09e-06@325685.16566828,900000@3.11e-06@515297.49531506,960000@3.08e-06@907572.73588477,1020000@3.11e-06@979570.69491696,1080000@3.12e-06@19224.95331908,1140000@3.12e-06@1350.0,1200000@3.11e-06@82217.16128389,1260000@3.11e-06@3596.0,1320000@3.12e-06@80189.15395436,1380000@3.11e-06@59298.5,1440000@3.13e-06@105748.44949327,1500000@3.12e-06@17818.21234967,1560000@3.13e-06@63092.11,1620000@3.13e-06@93759.69056806,1680000@3.14e-06@357803.18915857,1740000@3.14e-06@68463.68081676,1800000@3.14e-06@2991.11210987,1860000@3.14e-06@394643.29268115,1920000@3.14e-06@1844.0,1980000@3.14e-06@21667.9816564,2040000@3.14e-06@435230.7472282,2100000@3.13e-06@177207.19269693,2160000@3.14e-06@4046.5724768,2220000@3.14e-06@1180.0,2280000@3.13e-06@1959.0,2340000@3.14e-06@6504.94845169,2400000@3.14e-06@7618.87716667,2460000@3.13e-06@65641.61983205,2520000@3.14e-06@680.0,2580000@3.12e-06@33521.30272732,2640000@3.13e-06@1091.0,2700000@3.12e-06@142470.0,2760000@3.12e-06@6972.05166262,2820000@3.11e-06@2536.02042816,2880000@3.12e-06@7079.87716667,2940000@3.11e-06@4005.0,3000000@3.12e-06@2761.0,3060000@3.11e-06@63401.056909,3120000@3.12e-06@31636.16757978,3180000@3.11e-06@16041.48575688,3240000@3.11e-06@3461.0,3300000@3.11e-06@3752.93589164,3360000@3.1e-06@50997.0,3420000@3.12e-06@4282.0,3480000@3.11e-06@993.0,3540000@3.11e-06@2357.0,3600000@3.11e-06@3121.0,3660000@3.11e-06@5785.18268312,3720000@3.12e-06@9690.0,3780000@3.11e-06@1019.0,3840000@3.11e-06@2514.0,3900000@3.12e-06@3511.76731248,3960000@3.12e-06@3394.77664812,4020000@3.11e-06@1157.0,4080000@3.11e-06@23229.86042581,4140000@3.1e-06@5596.58461415
2018-09-20 12:04,CNN/BTC,uobi,70,70,0@8.05e-08@294099.81,60000@8.01e-08@91069.07,120000@8e-08@46617.21,180000@8e-08@145093.75,240000@8.01e-08@1290235.45,300000@8.02e-08@3506265.64,360000@7.99e-08@349943.31,420000@7.98e-08@4155725.02,480000@7.99e-08@1292220.89,540000@7.97e-08@1652.49,600000@7.97e-08@1794006.01,660000@7.85e-08@3835293.23,720000@7.63e-08@8704592.09,780000@8.15e-08@707386.6,840000@8.16e-08@659117.41,900000@8.16e-08@4618528.26,960000@8.17e-08@313981.98,1020000@8.17e-08@531174.24,1080000@8.2e-08@1637168.98,1140000@8.22e-08@369060.45,1200000@8.22e-08@3650529.51,1260000@8.29e-08@7336679.41,1320000@8.2e-08@546721.2,1380000@8.14e-08@809976.55,1440000@8.12e-08@3004879.93,1500000@8.12e-08@433009.43,1560000@8.12e-08@3499987.5,1620000@8.14e-08@3016229.81,1680000@8.29e-08@2326097.41,1740000@8.3e-08@474319.8,1800000@8.29e-08@5175559.96,1860000@8.29e-08@2232719.14,1920000@8.3e-08@12615116.36,1980000@8.34e-08@10305538.49,2040000@8.28e-08@4867971.15,2100000@8.22e-08@2028153.09,2160000@8.2e-08@3080775.91,2220000@8.15e-08@11704085.59,2280000@8.11e-08@3484946.8,2340000@8.1e-08@12808490.048148148,2400000@8.02e-08@2241507.55,2460000@8.01e-08@3112521.86,2520000@8.01e-08@6196222.10019802,2580000@8.04e-08@4107549.0382560976,2640000@8.06e-08@14995280.975442424,2700000@7.89e-08@4339853.63,2760000@7.79e-08@629299.11,2820000@7.83e-08@728133.54,2880000@7.83e-08@295334.04,2940000@7.79e-08@277200.87,3000000@7.85e-08@3331391.5275,3060000@7.76e-08@715977.28,3120000@7.64e-08@1184400.07,3180000@7.68e-08@160142.93,3240000@7.67e-08@144275.96,3300000@7.67e-08@710449.16,3360000@7.69e-08@1370180.95,3420000@7.8e-08@2792111.01,3480000@7.69e-08@2329711.53,3540000@7.71e-08@6153736.47,3600000@7.7e-08@3935069.55,3660000@7.66e-08@16950340.6,3720000@7.76e-08@2216596.39,3780000@7.78e-08@43020084.56,3840000@7.5e-08@365970.2,3900000@7.51e-08@66334.41,3960000@7.5e-08@221046.53,4020000@7.5e-08@292718.77,4080000@7.5e-08@235464.6,4140000@7.5e-08@283956.51
2018-09-20 12:04,BOX/BTC,uobi,70,70,0@2.4086e-06@55475.53,60000@2.4128e-06@61862.22,120000@2.4019e-06@87514.69,180000@2.413e-06@38131.41,240000@2.4147e-06@117895.87,300000@2.4431e-06@10314.31,360000@2.4365e-06@1.2,420000@2.4494e-06@5038.39,480000@2.4494e-06@12223.6,540000@2.4404e-06@108909.0,600000@2.4307e-06@44755.06,660000@2.4494e-06@89182.78,720000@2.4367e-06@1772.55,780000@2.4216e-06@10530.37,840000@2.4408e-06@23680.51,900000@2.4315e-06@5.67,960000@2.4386e-06@6.17,1020000@2.4305e-06@11339.44,1080000@2.4356e-06@22734.9,1140000@2.425e-06@97298.6,1200000@2.423e-06@109546.56,1260000@2.4174e-06@31765.91,1320000@2.413e-06@64513.35,1380000@2.44e-06@47594.0,1440000@2.4259e-06@101684.03,1500000@2.4256e-06@39141.36,1560000@2.4214e-06@50633.9,1620000@2.4225e-06@42685.14,1680000@2.4201e-06@103770.19,1740000@2.4395e-06@12692.17,1800000@2.4431e-06@18434.38,1860000@2.4297e-06@97710.44,1920000@2.4378e-06@75213.38,1980000@2.4342e-06@30930.27,2040000@2.4329e-06@77275.92,2100000@2.4137e-06@45358.32,2160000@2.413e-06@162311.35,2220000@2.3962e-06@62854.29,2280000@2.39e-06@18508.19,2340000@2.3962e-06@13024.13,2400000@2.3948e-06@55959.26,2460000@2.3902e-06@36372.42,2520000@2.3855e-06@13111.71,2580000@2.3888e-06@10.48,2640000@2.3891e-06@32461.45,2700000@2.3936e-06@153228.81,2760000@2.3936e-06@112577.24,2820000@2.3895e-06@91346.7,2880000@2.3936e-06@60130.25,2940000@2.3936e-06@10654.77,3000000@2.3856e-06@34360.38,3060000@2.3859e-06@52928.85,3120000@2.3911e-06@39252.99,3180000@2.3951e-06@87944.20966763486,3240000@2.3998e-06@73244.53,3300000@2.3907e-06@27691.48,3360000@2.394e-06@10285.43,3420000@2.3984e-06@90432.84251950207,3480000@2.4145e-06@113320.56,3540000@2.3871e-06@54717.92,3600000@2.39e-06@119549.84,3660000@2.38e-06@278766.34,3720000@2.3666e-06@10992.51,3780000@2.3587e-06@195510.37,3840000@2.3169e-06@102571.11,3900000@2.3198e-06@38964.28,3960000@2.3198e-06@8999.47,4020000@2.3195e-06@167073.94,4080000@2.3168e-06@56553.05,4140000@2.3227e-06@41507.3
2018-09-20 18:33,DTA/BTC,coin,70,70,0@None@0.0,60000@None@0.0,120000@None@0.0,180000@None@0.0,240000@None@0.0,300000@None@0.0,360000@None@0.0,420000@None@0.0,480000@None@0.0,540000@3.8e-07@886991.5184,600000@3.9e-07@60164.3304,660000@4.1e-07@670725.6542,720000@4.2e-07@48436.0097,780000@4.3e-07@103187.5595,840000@4.3e-07@63369.019,900000@4.4e-07@18535.4423,960000@4.3e-07@4837.5696,1020000@4e-07@41471.9097,1080000@4.3e-07@6724.0694,1140000@4.3e-07@37140.402,1200000@None@0.0,1260000@4.2e-07@256431.5628,1320000@4.1e-07@84470.5295,1380000@4.3e-07@15715.4867,1440000@None@0.0,1500000@4.2e-07@55386.3758,1560000@4.1e-07@187854.7883,1620000@4.1e-07@15000.0,1680000@4.3e-07@17394.6781,1740000@None@0.0,1800000@4.1e-07@30000.0,1860000@None@0.0,1920000@None@0.0,1980000@None@0.0,2040000@4.2e-07@332748.4112,2100000@4.1e-07@68789.3914,2160000@4.5e-07@347660.2207,2220000@4.3e-07@37566.2395,2280000@4.5e-07@580233.5986,2340000@None@0.0,2400000@4.4e-07@13949.1847,2460000@None@0.0,2520000@4.3e-07@65209.9658,2580000@4.3e-07@39025.1152,2640000@None@0.0,2700000@4.1e-07@61937.12,2760000@None@0.0,2820000@4.1e-07@0.0094,2880000@4.2e-07@245390.6337,2940000@None@0.0,3000000@4.2e-07@265405.7341,3060000@None@0.0,3120000@None@0.0,3180000@None@0.0,3240000@4.3e-07@365987.8319,3300000@4.8e-07@300000.0,3360000@5.2e-07@439666.0618,3420000@5.2e-07@332771.6041,3480000@6.4e-07@594878.0365,3540000@6.4e-07@76537.7075,3600000@6.2e-07@255544.2754,3660000@6.3e-07@252222.9985,3720000@6.7e-07@115060.6811,3780000@7e-07@272266.3315,3840000@6.9e-07@119559.116,3900000@6.9e-07@47560.1969,3960000@7.2e-07@66159.0051,4020000@7.4e-07@31651.6262,4080000@7.6e-07@25273.6048,4140000@None@0.0
2018-10-07 04:10,PAX/USDT,teio,70,71,0@1.001@1.001,60000@1.001@1.001,120000@1.001@1.001,180000@1.001@1.001,240000@1.001@1.001,300000@1.001@1.001,360000@1.001@1.001,420000@1.001@1.001,480000@1.001@1.001,540000@1.001@1.001,600000@1.001@1.001,660000@1.001@1.001,720000@1.001@1.001,780000@1.001@1.001,840000@1.001@1.001,900000@1.001@1.001,960000@1.001@1.001,1020000@1.001@1.001,1080000@1.001@1.001,1140000@1.001@1.001,1200000@1.001@1.001,1260000@1.001@1.001,1320000@1.001@1.001,1380000@1.001@1.001,1440000@1.001@1.001,1500000@1.001@1.001,1560000@1.001@1.001,1620000@1.001@1.001,1680000@1.001@1.001,1740000@1.001@1.001,1800000@1.001@1.001,1860000@1.001@1.001,1920000@1.001@1.001,1980000@1.001@1.001,2040000@1.001@1.001,2100000@1.001@1.001,2160000@1.001@1.001,2220000@1.001@1.001,2280000@1.001@1.001,2340000@1.001@1.001,2400000@1.001@1.001,2460000@1.001@1.001,2520000@1.001@1.001,2580000@1.001@1.001,2640000@1.001@1.001,2700000@1.001@1.001,2760000@1.001@1.001,2820000@1.001@1.001,2880000@1.001@1.001,2940000@1.001@1.001,3000000@1.001@1.001,3060000@1.001@1.001,3120000@1.001@1.001,3180000@1.001@1.001,3240000@1.001@1.001,3300000@1.001@1.001,3360000@1.001@1.001,3420000@1.001@1.001,3480000@1.001@1.001,3540000@1.001@1.001,3600000@1.001@1.001,3660000@1.001@1.001,3720000@1.001@1.001,3780000@1.001@1.001,3840000@1.001@1.001,3900000@1.001@1.001,3960000@1.001@1.001,4020000@1.001@1.001,4080000@1.001@1.001,4140000@1.001@1.001,4200000@1.001@1.001
2018-10-09 22:28,XHV/BTC,trex,70,70,0@0.00022752@25.02713199,180000@0.00022756@236.42994349,300000@0.00022998@464.40446188,360000@0.00022998@87.28754415,420000@0.00023@1829.10723951,540000@0.00023@4.71587641,600000@0.00023217@36.12533661,720000@0.00023217@250.0,780000@0.00023217@4.29642073,840000@0.00024999@23204.71114138,900000@0.000255@20154.16753607,960000@0.000257@81146.43498342,1020000@0.00024294@27745.43673625,1080000@0.00024295@44046.46807774,1140000@0.00022607@28503.14012115,1200000@0.00019672@41907.51140811,1260000@0.00021195@27253.64931367,1320000@0.00020107@14001.2130942,1380000@0.00020362@4154.30699252,1440000@0.00020362@7524.36577239,1500000@0.00020227@5830.21740534,1560000@0.00020211@7416.81281461,1620000@0.00018124@18666.13009019,1680000@0.000189@10409.09666394,1740000@0.00019114@5838.51409875,1800000@0.00018747@5467.83764288,1860000@0.00019001@3196.66687549,1920000@0.00018998@13347.76728042,1980000@0.00018991@3277.52540402,2040000@0.00019533@3418.44698078,2100000@0.00019532@2914.84538407,2160000@0.00019532@1126.87807411,2220000@0.00020579@10083.40616468,2280000@0.0002094@14382.78882701,2340000@0.00020879@6263.17400105,2400000@0.00020102@6656.2300814,2460000@0.00019543@3578.56758126,2520000@0.00019543@726.8963806,2580000@0.00020464@1921.47901811,2640000@0.00020398@7353.23130435,2700000@0.0002014@1514.90103076,2760000@0.00019881@318.52139658,2820000@0.00019842@4446.6833099,2880000@0.00019842@78.40000844,2940000@0.00019844@1089.26772379,3000000@0.00020382@2060.74832205,3060000@0.00020812@2040.18347188,3120000@0.00020381@4619.1374988,3180000@0.00020139@2552.72783676,3240000@0.00020139@468.80429971,3300000@0.00019917@2089.6565064,3360000@0.00019925@2531.83995159,3420000@0.00019923@1753.8240725,3480000@0.00019615@404.55638752,3540000@0.00019855@4378.39919923,3600000@0.00020096@1706.72326323,3780000@0.00019997@373.06179468,3840000@0.00019971@1484.72158141,3900000@0.00019949@17.72588023,3960000@0.00019949@1267.44565224,4020000@0.00019913@2205.64598909,4080000@0.00019904@2189.54574331,4140000@0.00019903@2926.67407992,4200000@0.00019615@1400.37235524,4260000@0.00019615@2620.70205966,4320000@0.00019902@919.81913551,4320000@0.00019902@919.81913551,4320000@0.00019902@919.81913551,4320000@0.00019902@919.81913551,4320000@0.00019902@919.81913551
2018-10-10 04:03,ETH/USDT,teio,70,71,0@225.99@225.99,60000@226.1@226.1,120000@226.25@226.34,180000@226.2@226.2,240000@225.75@226.2,300000@225.65@226.1,360000@225.87@225.87,420000@226.2@226.2,480000@226@226.19,540000@226@226,600000@225.88@225.88,660000@225.99@225.99,720000@225.99@225.99,780000@226@226,840000@225.99@226.04,900000@226.06@226.21,960000@226.06@226.07,1020000@225.88@226.11,1080000@225.86@226.03,1140000@226.27@226.27,1200000@225.88@226.27,1260000@226.27@226.27,1320000@226.26@226.26,1380000@225.68@226.28,1440000@226.15@226.43,1500000@226.46@226.46,1560000@226.35@226.51,1620000@226.32@226.32,1680000@226.32@226.53,1740000@226.3@226.33,1800000@226@226.33,1860000@226.02@226.11,1920000@226.07@226.17,1980000@226@226.18,2040000@226.38@226.38,2100000@226.54@226.54,2160000@226.36@226.6,2220000@226.36@226.36,2280000@226.53@226.53,2340000@226@226.35,2400000@226.25@226.46,2460000@226.32@226.32,2520000@226.2@226.59,2580000@226.14@226.37,2640000@226.17@226.55,2700000@226.27@226.27,2760000@226.27@226.34,2820000@226.09@226.29,2880000@226.22@226.29,2940000@226.17@226.28,3000000@226.09@226.17,3060000@225.94@226.12,3120000@226.17@226.17,3180000@225.92@226.14,3240000@225.92@226.03,3300000@226.15@226.16,3360000@226.01@226.23,3420000@225.98@225.99,3480000@225.79@226.08,3540000@225.85@226.08,3600000@226.07@226.1,3660000@226.08@226.08,3720000@226.08@226.08,3780000@226.08@226.08,3840000@226.23@226.23,3900000@226.1@226.3,3960000@226.09@226.09,4020000@226.2@226.38,4080000@226.39@226.39,4140000@226.33@226.33,4200000@226.33@226.33
2018-10-10 04:03,ETH/BTC,coin,70,70,0@0.034368@1.2325616,60000@0.03432@0.1947092,120000@0.03432@2.5660502,180000@0.03432471@5.530133,240000@0.0343055@1.4086497,300000@0.03432474@0.4577967,360000@0.03432474@0.1707927,420000@0.03430551@6.2807846,480000@0.03430951@6.98e-05,540000@0.03434546@0.3120694,600000@None@0.0,660000@0.03434548@3.5262892,720000@0.03435853@0.1445049,780000@0.0343055@0.3377302,840000@0.03430551@0.0020979,900000@0.0343055@4.7650501,960000@0.03435435@0.4826358,1020000@0.03430558@0.0842867,1080000@0.03430555@0.7041386,1140000@0.03435429@0.7029911,1200000@0.03435426@0.0574478,1260000@0.03435428@5.8407753,1320000@None@0.0,1380000@0.03435428@6.8695834,1440000@None@0.0,1500000@0.03430337@5.6158081,1560000@0.03436829@1.3073358,1620000@0.03436823@0.953984,1680000@0.034321@0.0353424,1740000@0.03432572@0.1467354,1800000@0.03430335@10.468807,1860000@0.03436892@4.2595737,1920000@0.03436803@0.0295047,1980000@0.03436892@2.660263,2040000@0.03436892@1.3148523,2100000@0.03436892@1.7405286,2160000@0.03436892@0.0667205,2220000@None@0.0,2280000@0.03432452@0.0911849,2340000@0.03436892@7.4522091,2400000@0.03436892@1.7728156,2460000@0.0343689@0.169954,2520000@0.03436892@5.4859291,2580000@None@0.0,2640000@0.03435147@0.0090005,2700000@0.03435079@0.8299949,2760000@0.03430344@2.208394,2820000@None@0.0,2880000@0.0343134@0.2683954,2940000@0.03436892@0.7739975,3000000@0.03431345@0.4391574,3060000@None@0.0,3120000@0.03431345@0.1607915,3180000@0.03435585@3.5978407,3240000@0.03430137@0.0682774,3300000@0.03430143@1.4315189,3360000@0.03430145@1.6120333,3420000@0.03430162@0.0774295,3480000@0.03436869@0.1604838,3540000@0.03436891@0.592224,3600000@0.03436891@0.0386114,3660000@0.03436892@8.1934085,3720000@0.03436892@0.2318477,3780000@0.03436892@0.4389924,3840000@None@0.0,3900000@0.03432225@3.2723003,3960000@0.03436892@0.0997689,4020000@0.03436892@0.7927837,4080000@0.03432238@1.3961661,4140000@None@0.0
2018-10-10 04:03,ETH/BTC,uobi,70,70,0@0.034314@4.2773,60000@0.03433@44.0712,120000@0.034351@36.5482,180000@0.034348@47.1312,240000@0.03435@34.0707,300000@0.034315@10.3596,360000@0.034324@28.942,420000@0.034347@50.6792,480000@0.034338@26.4619,540000@0.034343@73.1064,600000@0.034339@16.5888,660000@0.034344@129.6511,720000@0.03433@45.8487,780000@0.034337@28.4986,840000@0.034326@44.6381,900000@0.034337@83.2579,960000@0.034312@28.5699,1020000@0.034321@60.2521,1080000@0.034335@88.1439,1140000@0.034321@26.2224,1200000@0.034322@128.9791,1260000@0.034351@91.8364,1320000@0.034338@4.5635,1380000@0.03434@3.3717,1440000@0.034345@41.2254,1500000@0.034343@2.2207,1560000@0.03434@30.6347,1620000@0.034328@77.5455,1680000@0.034341@26.9729,1740000@0.034342@90.3057,1800000@0.034366@54.0952,1860000@0.034341@64.78,1920000@0.034343@41.8668,1980000@0.034351@3.9646,2040000@0.034366@12.9305,2100000@0.034363@22.9266,2160000@0.034325@28.783,2220000@0.03435@24.8252,2280000@0.034336@51.8749,2340000@0.03435@49.0454,2400000@0.034344@8.3215,2460000@0.034346@2.5865,2520000@0.034347@40.2326,2580000@0.034332@23.5739,2640000@0.034339@5.0465,2700000@0.034332@73.597,2760000@0.034328@14.4931,2820000@0.034316@29.9174,2880000@0.034335@50.1534,2940000@0.034312@30.2172,3000000@0.034343@80.6102,3060000@0.034334@47.6897,3120000@0.034328@58.1643,3180000@0.034338@81.1858,3240000@0.034333@143.7631,3300000@0.034323@44.3852,3360000@0.034337@3.5332,3420000@0.034317@29.452,3480000@0.034342@115.9833,3540000@0.034318@91.1698,3600000@0.034321@168.4602,3660000@0.034313@55.519,3720000@0.034331@52.8814,3780000@0.034322@89.8444,3840000@0.034331@30.5231,3900000@0.034312@82.9107,3960000@0.034317@126.0356,4020000@0.034335@84.0851,4080000@0.034335@21.9058,4140000@0.03434@7.4597
2018-10-10 04:03,ETH/BTC,trex,70,70,0@0.0344@0.24398618,120000@0.0344@1.56589875,180000@0.0344@0.247961,240000@0.0344@1.12822571,300000@0.03423502@16.46508479,360000@0.03424105@0.02144975,480000@0.034205@64.58243401,600000@0.03438596@1.039293,660000@0.03438596@1.7122859,780000@0.0343@4.17650669,840000@0.0343@1.33379936,900000@0.0343@2.62308104,960000@0.0343@0.58444594,1020000@0.0343@1.1161808,1080000@0.0343@0.26276605,1140000@0.0343@4.88994007,1200000@0.0343@0.30196173,1260000@0.0343@0.96361426,1320000@0.0343@10.47719181,1380000@0.0344@3.96433518,1440000@0.0344@0.03190313,1560000@0.03422506@0.21673064,1620000@0.03435@0.1817935,1800000@0.03435@0.17947873,2040000@0.03435@0.087249,2100000@0.03435@0.4313524,2220000@0.03425356@35.0,2280000@0.03435@0.23773316,2340000@0.0344@1.85725648,2400000@0.0344@0.79078612,2520000@0.0344@1.78913678,2580000@0.0344@3.56778776,2640000@0.0344@0.50919609,2700000@0.0344@0.07677059,2820000@0.03438435@0.03422653,2880000@0.03425555@0.1594321,3060000@0.03425755@1.55,3120000@0.03425755@0.24094493,3180000@0.03425755@1.2643211,3240000@0.03438435@0.43828051,3300000@0.03439697@13.86137688,3420000@0.03441745@23.91547287,3480000@0.03441645@1.30111078,3600000@0.0343@0.392,3780000@0.0343@3.08464718,3840000@0.0343@3.0,3900000@0.034399@0.1812694,4020000@0.034399@0.07320428,4080000@0.034399@0.15901977,4080000@0.034399@0.15901977,4080000@0.034399@0.15901977,4080000@0.034399@0.15901977,4080000@0.034399@0.15901977,4080000@0.034399@0.15901977,4080000@0.034399@0.15901977,4080000@0.034399@0.15901977,4080000@0.034399@0.15901977,4080000@0.034399@0.15901977,4080000@0.034399@0.15901977,4080000@0.034399@0.15901977,4080000@0.034399@0.15901977,4080000@0.034399@0.15901977,4080000@0.034399@0.15901977,4080000@0.034399@0.15901977,4080000@0.034399@0.15901977,4080000@0.034399@0.15901977,4080000@0.034399@0.15901977,4080000@0.034399@0.15901977,4080000@0.034399@0.15901977,4080000@0.034399@0.15901977
2018-10-10 04:31,ETH/USDT,teio,70,71,0@226.32@226.53,60000@226.3@226.33,120000@226@226.33,180000@226.02@226.11,240000@226.07@226.17,300000@226@226.18,360000@226.38@226.38,420000@226.54@226.54,480000@226.36@226.6,540000@226.36@226.36,600000@226.53@226.53,660000@226@226.35,720000@226.25@226.46,780000@226.32@226.32,840000@226.2@226.59,900000@226.14@226.37,960000@226.17@226.55,1020000@226.27@226.27,1080000@226.27@226.34,1140000@226.09@226.29,1200000@226.22@226.29,1260000@226.17@226.28,1320000@226.09@226.17,1380000@225.94@226.12,1440000@226.17@226.17,1500000@225.92@226.14,1560000@225.92@226.03,1620000@226.15@226.16,1680000@226.01@226.23,1740000@225.98@225.99,1800000@225.79@226.08,1860000@225.85@226.08,1920000@226.07@226.1,1980000@226.08@226.08,2040000@226.08@226.08,2100000@226.08@226.08,2160000@226.23@226.23,2220000@226.1@226.3,2280000@226.09@226.09,2340000@226.2@226.38,2400000@226.39@226.39,2460000@226.33@226.33,2520000@226.17@226.2,2580000@226.13@226.13,2640000@226.01@226.17,2700000@226.03@226.17,2760000@226.01@226.24,2820000@226.17@226.17,2880000@226.18@226.18,2940000@226.03@226.03,3000000@226.06@226.24,3060000@226.17@226.32,3120000@226.18@226.18,3180000@226.07@226.33,3240000@226.09@226.09,3300000@226.09@226.09,3360000@226.07@226.09,3420000@226.07@226.07,3480000@225.99@226.01,3540000@225.95@225.99,3600000@225.87@225.99,3660000@225.82@225.9,3720000@225.82@225.82,3780000@225.88@225.88,3840000@225.91@226,3900000@225.91@226,3960000@225.9@225.91,4020000@225.92@225.92,4080000@225.96@225.96,4140000@225.92@225.96,4200000@225.98@225.98
2018-10-10 04:31,ETH/BTC,uobi,70,70,0@0.034343@0.4155,60000@0.034348@45.6774,120000@0.034349@108.1765,180000@0.03433@161.1954,240000@0.034366@48.5391,300000@0.034337@47.5063,360000@0.034326@19.3597,420000@0.034359@46.3143,480000@0.034322@69.332,540000@0.034345@50.4437,600000@0.034353@22.7718,660000@0.034326@125.8227,720000@0.034354@51.5633,780000@0.034356@22.0615,840000@0.034335@52.8254,900000@0.034336@48.204,960000@0.034336@18.7344,1020000@0.034356@32.5056,1080000@0.034338@79.6127,1140000@0.034335@32.5409,1200000@0.034361@33.4881,1260000@0.034328@10.7713,1320000@0.034344@46.4377,1380000@0.034332@80.108,1440000@0.034328@27.3589,1500000@0.034321@120.6763,1560000@0.03435@84.1656,1620000@0.034319@34.2178,1680000@0.034333@79.3821,1740000@0.03433@44.0712,1800000@0.034351@36.5482,1860000@0.034348@47.1312,1920000@0.03435@34.0707,1980000@0.034315@10.3596,2040000@0.034324@28.942,2100000@0.034347@50.6792,2160000@0.034338@26.4619,2220000@0.034343@73.1064,2280000@0.034339@16.5888,2340000@0.034344@129.6511,2400000@0.03433@45.8487,2460000@0.034337@28.4986,2520000@0.034326@44.6381,2580000@0.034337@83.2579,2640000@0.034312@28.5699,2700000@0.034321@60.2521,2760000@0.034335@88.1439,2820000@0.034321@26.2224,2880000@0.034322@128.9791,2940000@0.034351@91.8364,3000000@0.034338@4.5635,3060000@0.03434@3.3717,3120000@0.034345@41.2254,3180000@0.034343@2.2207,3240000@0.03434@30.6347,3300000@0.034328@77.5455,3360000@0.034341@26.9729,3420000@0.034342@90.3057,3480000@0.034366@54.0952,3540000@0.034341@64.78,3600000@0.034343@41.8668,3660000@0.034351@3.9646,3720000@0.034366@12.9305,3780000@0.034363@22.9266,3840000@0.034325@28.783,3900000@0.03435@24.8252,3960000@0.034336@51.8749,4020000@0.03435@49.0454,4080000@0.034344@8.3215,4140000@0.034346@2.5865
2018-10-10 04:31,ETH/BTC,tbtc,70,70,0@0.034311@4.072,60000@0.034313@0.054,120000@0.03431@2.49,180000@0.034307@9.051,240000@0.034307@55.402,300000@0.034313@10.505,360000@0.034336@103.96,420000@0.034335@1.981,480000@0.034335@2.103,540000@0.034336@262.857,600000@0.034323@193.225,660000@0.034327@1.093,720000@0.034315@0.584,780000@0.03431@0.284,840000@0.034322@6.52,900000@0.034323@0.19,960000@0.034321@513.75,1020000@0.034315@1.693,1080000@0.034315@0.827,1140000@0.034316@3.153,1200000@0.034323@0.102,1260000@0.034317@3.905,1320000@0.03431@0.1,1380000@0.034322@6.03,1440000@0.034318@1.102,1500000@0.034306@3.452,1560000@0.034304@36.14,1620000@0.034294@0.674,1680000@0.034294@14.114,1740000@0.034296@205.938,1800000@0.034301@10.66,1860000@0.034301@0.046,1920000@0.034305@0.283,1980000@0.034307@0.742,2040000@0.034325@12.846,2100000@0.034331@6.21,2160000@0.03433@0.157,2220000@0.034344@18.42,2280000@0.034344@114.044,2340000@0.034348@4.663,2400000@0.034338@4.844,2460000@0.034347@0.379,2520000@0.034337@3.51,2580000@0.034342@562.062,2640000@0.034339@451.12,2700000@0.034343@91.236,2760000@0.034344@1.265,2880000@0.034344@1.853,2940000@0.034336@11.651,3000000@0.034332@6.401,3060000@0.034329@0.875,3120000@0.034328@0.539,3180000@0.034342@23.223,3240000@0.034355@3.704,3300000@0.034343@5.495,3360000@0.034327@66.794,3420000@0.03433@2.077,3480000@0.03433@0.025,3540000@0.034328@29.424,3600000@0.03433@0.001,3660000@0.03433@1.0,3780000@0.03433@0.224,3840000@0.034325@0.602,3900000@0.034324@1.932,3960000@0.034324@0.581,4020000@0.034326@0.16,4080000@0.03432@1.798,4200000@0.034319@0.129,4260000@0.034319@8.93,4320000@0.034319@2.062
2018-10-10 04:31,ETH/BTC,trex,70,70,0@0.03422506@0.21673064,60000@0.03435@0.1817935,240000@0.03435@0.17947873,480000@0.03435@0.087249,540000@0.03435@0.4313524,660000@0.03425356@35.0,720000@0.03435@0.23773316,780000@0.0344@1.85725648,840000@0.0344@0.79078612,960000@0.0344@1.78913678,1020000@0.0344@3.56778776,1080000@0.0344@0.50919609,1140000@0.0344@0.07677059,1260000@0.03438435@0.03422653,1320000@0.03425555@0.1594321,1500000@0.03425755@1.55,1560000@0.03425755@0.24094493,1620000@0.03425755@1.2643211,1680000@0.03438435@0.43828051,1740000@0.03439697@13.86137688,1860000@0.03441745@23.91547287,1920000@0.03441645@1.30111078,2040000@0.0343@0.392,2220000@0.0343@3.08464718,2280000@0.0343@3.0,2340000@0.034399@0.1812694,2460000@0.034399@0.07320428,2520000@0.034399@0.15901977,2640000@0.034399@0.30074873,2700000@0.034399@1.90850334,2760000@0.034399@0.27311302,2880000@0.03427001@7.47728371,2940000@0.03441956@0.61533402,3000000@0.0343@3.15027191,3060000@0.03427@2.00337528,3180000@0.03427@2.35971648,3240000@0.03441357@0.2511119,3420000@0.03442256@0.0290583,3540000@0.03442356@0.04172034,3600000@0.03441856@0.0305,3660000@0.03442356@11.50029621,3720000@0.03440944@0.02647966,3780000@0.03442356@0.06729541,3840000@0.03442361@23.91603874,4080000@0.034273@9.94652542,4200000@0.034273@0.27243989,4200000@0.034273@0.27243989,4200000@0.034273@0.27243989,4200000@0.034273@0.27243989,4200000@0.034273@0.27243989,4200000@0.034273@0.27243989,4200000@0.034273@0.27243989,4200000@0.034273@0.27243989,4200000@0.034273@0.27243989,4200000@0.034273@0.27243989,4200000@0.034273@0.27243989,4200000@0.034273@0.27243989,4200000@0.034273@0.27243989,4200000@0.034273@0.27243989,4200000@0.034273@0.27243989,4200000@0.034273@0.27243989,4200000@0.034273@0.27243989,4200000@0.034273@0.27243989,4200000@0.034273@0.27243989,4200000@0.034273@0.27243989,4200000@0.034273@0.27243989,4200000@0.034273@0.27243989,4200000@0.034273@0.27243989,4200000@0.034273@0.27243989,4200000@0.034273@0.27243989
2018-10-11 05:02,RVN/BTC,trex,70,70,0@2.21e-06@250.7768028,60000@2.21e-06@605.90110207,180000@2.21e-06@5323.97859371,300000@2.21e-06@2500.0,480000@2.95e-06@11449370.55888789,540000@3.18e-06@5005197.44469101,600000@3.32e-06@8115373.68371612,660000@3.34e-06@2676877.43115479,720000@3.18e-06@2164242.37322698,780000@2.9e-06@1797861.81171935,840000@3.15e-06@3659688.30878441,900000@2.89e-06@1994207.30859741,960000@3.1e-06@664901.70611992,1020000@3.14e-06@1692324.36056373,1080000@3.12e-06@1456409.80636553,1140000@3.04e-06@1578451.57363413,1200000@2.95e-06@1473411.9681623,1260000@2.94e-06@1600838.77973337,1320000@2.89e-06@2651891.64221499,1380000@2.94e-06@771143.01806086,1440000@2.95e-06@1990182.75949751,1500000@3.07e-06@2011900.61605832,1560000@2.95e-06@1682764.38245896,1620000@2.97e-06@439270.01835888,1680000@3.05e-06@1185030.22195791,1740000@3e-06@604540.71746786,1800000@2.97e-06@221541.27009418,1860000@3.01e-06@252786.96926082,1920000@2.99e-06@211370.62424003,1980000@2.9e-06@1504694.28484461,2040000@2.89e-06@700268.62080887,2100000@2.85e-06@2200501.03256642,2160000@2.92e-06@364791.22569184,2220000@2.93e-06@147844.28802775,2280000@2.89e-06@147216.78319026,2340000@2.91e-06@464403.70887606,2400000@2.92e-06@113791.81834056,2460000@2.95e-06@364582.86104471,2520000@2.99e-06@1414156.18455535,2580000@2.97e-06@745699.57750055,2640000@3.04e-06@722225.36480865,2700000@3.08e-06@561083.81873187,2760000@3.08e-06@626351.44136416,2820000@3.06e-06@284017.81774684,2880000@3.05e-06@463749.86971553,2940000@2.99e-06@588631.52260784,3000000@3.01e-06@269351.57911471,3060000@2.99e-06@254230.61571437,3120000@2.95e-06@878860.75202748,3180000@2.98e-06@204022.41381973,3240000@2.98e-06@183874.75769944,3300000@2.94e-06@261758.36906988,3360000@2.94e-06@211873.47642429,3420000@2.88e-06@999078.20034977,3480000@2.95e-06@627941.76547776,3540000@2.91e-06@1098584.88781389,3600000@2.88e-06@164023.9283391,3660000@2.87e-06@198130.60649774,3720000@2.87e-06@206258.00785756,3780000@2.95e-06@856992.90732125,3840000@2.9e-06@6838.37711975,3900000@2.94e-06@146133.7651094,3900000@2.94e-06@146133.7651094,3900000@2.94e-06@146133.7651094,3900000@2.94e-06@146133.7651094,3900000@2.94e-06@146133.7651094,3900000@2.94e-06@146133.7651094,3900000@2.94e-06@146133.7651094,3900000@2.94e-06@146133.7651094,3900000@2.94e-06@146133.7651094
2018-10-11 11:57,ZRX/USDT,teio,70,71,0@0.6809@0.6809,60000@0.6809@0.6809,120000@0.6809@0.6809,180000@0.6809@0.6809,240000@0.6809@0.6809,300000@0.6809@0.6809,360000@0.6809@0.6809,420000@0.6809@0.6809,480000@0.6809@0.6809,540000@0.6809@0.6809,600000@0.6879@0.6879,660000@0.7124@0.7124,720000@0.7551@0.7551,780000@0.7846@0.7846,840000@0.7969@0.7969,900000@0.7729@0.808,960000@0.7922@0.7922,1020000@0.7938@0.7938,1080000@0.793@0.793,1140000@0.7995@0.7995,1200000@0.8157@0.8166,1260000@0.8173@0.847,1320000@0.8401@0.8529,1380000@0.835@0.8731,1440000@0.8676@0.8676,1500000@0.8643@0.8676,1560000@0.8658@0.8667,1620000@0.8787@0.8787,1680000@0.8797@0.8798,1740000@0.8635@0.89,1800000@0.8564@0.8564,1860000@0.8793@0.8796,1920000@0.8796@0.8804,1980000@0.8796@0.8796,2040000@0.8796@0.8796,2100000@0.8796@0.8796,2160000@0.8753@0.8796,2220000@0.8753@0.8753,2280000@0.8952@0.8952,2340000@0.895@0.895,2400000@0.895@0.895,2460000@0.865@0.8807,2520000@0.8326@0.865,2580000@0.8326@0.8326,2640000@0.8529@0.8569,2700000@0.8619@0.8619,2760000@0.862@0.862,2820000@0.8427@0.8427,2880000@0.8427@0.8427,2940000@0.8397@0.846,3000000@0.8397@0.8397,3060000@0.84@0.84,3120000@0.8382@0.84,3180000@0.8382@0.8382,3240000@0.8382@0.8382,3300000@0.8382@0.8382,3360000@0.8105@0.815,3420000@0.8102@0.8102,3480000@0.8102@0.8102,3540000@0.8102@0.8102,3600000@0.8286@0.8286,3660000@0.8225@0.8225,3720000@0.8225@0.8225,3780000@0.8225@0.8225,3840000@0.8323@0.8323,3900000@0.8336@0.8336,3960000@0.8336@0.8336,4020000@0.8229@0.8229,4080000@0.823@0.8231,4140000@0.823@0.823,4200000@0.823@0.823
2018-10-11 11:57,ZRX/BTC,trex,70,70,0@0.00010882@21.64626332,240000@0.000125@236587.54478305,300000@0.000135@202577.32972712,360000@0.00013567@32583.65946817,420000@0.00013756@36773.47967767,480000@0.000135@39899.10314364,540000@0.000132@11166.84269248,600000@0.00013183@39937.35032319,660000@0.0001288@19834.59083336,720000@0.00013393@90803.92147931,780000@0.000136@26247.68979842,840000@0.00013753@205775.92843941,900000@0.00013803@46954.86220024,960000@0.00014228@42122.57275254,1020000@0.0001394@93023.39782163,1080000@0.00013563@76841.54296678,1140000@0.00013712@39011.13200645,1200000@0.00013708@38804.66874083,1260000@0.0001388@52930.34799726,1320000@0.00013937@132244.06567913,1380000@0.00013825@33286.38169341,1440000@0.00013521@32808.38092015,1500000@0.0001373@73004.24879697,1560000@0.00013898@25896.19308761,1620000@0.00013857@67012.81078673,1680000@0.00013856@22560.38324653,1740000@0.00013723@32393.66391769,1800000@0.00013779@12740.93817348,1860000@0.00013782@28684.98982412,1920000@0.0001389@5656.91967254,1980000@0.00013785@6167.75051333,2040000@0.00013736@2342.83335448,2100000@0.00013603@11659.46715961,2160000@0.00013306@23824.49813026,2220000@0.00013579@25208.61014098,2280000@0.0001345@16911.93603421,2340000@0.0001355@15623.42904782,2400000@0.00013471@10063.64465264,2460000@0.00013471@14375.23693045,2520000@0.00013385@38557.25367833,2580000@0.00013496@24486.42555638,2640000@0.00013364@959.37206358,2700000@0.0001335@6366.35183031,2760000@0.00013174@47109.16581132,2820000@0.00013168@39907.58608378,2880000@0.00013107@7987.93037627,2940000@0.0001301@7907.08094658,3000000@0.0001296@12784.50770258,3060000@0.00012875@9440.15990979,3120000@0.00012906@6591.68610469,3180000@0.0001301@17833.63831492,3240000@0.0001301@11713.07285139,3300000@0.00013154@26504.99902693,3360000@0.00013154@5269.43760736,3420000@0.00013153@12467.00887923,3480000@0.000132@7917.43960388,3540000@0.00013012@2638.48697056,3600000@0.00013039@529.9753672,3660000@0.00013069@2132.75944903,3720000@0.0001319@874.15185126,3720000@0.0001319@874.15185126,3720000@0.0001319@874.15185126,3720000@0.0001319@874.15185126,3720000@0.0001319@874.15185126,3720000@0.0001319@874.15185126,3720000@0.0001319@874.15185126,3720000@0.0001319@874.15185126,3720000@0.0001319@874.15185126,3720000@0.0001319@874.15185126,3720000@0.0001319@874.15185126
2018-10-11 11:57,ZRX/BTC,tbtc,70,70,0@0.000111@1.629,720000@0.00011@0.937,840000@0.000111@77.873,2640000@0.00011@45.663,3420000@0.00011@259.126,3540000@0.000109@0.008,3720000@0.00011@204.484,4260000@0.000109@12.0,4860000@0.000109@293.486,5460000@0.00011@4.803,5580000@0.000109@0.012,6840000@0.00011@1486.562,7620000@0.000117@50948.841,7680000@0.000122@128248.693,7740000@0.000122@1457.117,7800000@0.000127@2398.429,7860000@0.000127@2720.889,7920000@0.000124@7342.301,7980000@0.000124@1460.263,8040000@0.000125@277.423,8100000@0.000129@1020.106,8160000@0.000129@2629.614,8220000@0.000135@2728.317,8280000@0.000137@2098.434,8340000@0.00014@9817.68,8400000@0.000136@14971.218,8460000@0.000136@263.665,8520000@0.000137@88.713,8580000@0.000143@3118.584,8640000@0.000139@11764.777,8700000@0.00014@505.619,8760000@0.000139@791.765,8820000@0.000137@1095.618,8880000@0.000138@4288.225,8940000@0.000139@186.331,9000000@0.000138@212.428,9060000@0.000138@54.618,9180000@0.000139@441.72,9240000@0.00014@380.976,9300000@0.000138@5757.19,9360000@0.000137@1707.713,9420000@0.000137@203.941,9480000@0.000136@667.333,9540000@0.000134@3556.17,9600000@0.000136@631.698,9660000@0.000135@1081.979,9720000@0.000136@244.182,9780000@0.000135@6032.666,9840000@0.000135@691.893,9900000@0.000135@869.671,9960000@0.000135@7316.19,10020000@0.000133@223.364,10080000@0.000133@1106.619,10140000@0.000131@785.07,10200000@0.000131@3354.219,10260000@0.00013@3740.642,10380000@0.000129@989.178,10440000@0.000128@1546.536,10500000@0.000128@4374.063,10560000@0.00013@14939.081,10620000@0.000129@8390.633,10680000@0.00013@1443.841,10740000@0.00013@2414.324,10800000@0.000131@770.789,10860000@0.000131@3339.991,10920000@0.000131@102.174,10980000@0.000131@2356.706,11040000@0.000131@96.594,11160000@0.000131@357.252,11220000@0.00013@9.849
2018-10-11 11:57,ZRX/BTC,coin,70,70,0@None@0.0,60000@None@0.0,120000@None@0.0,180000@None@0.0,240000@None@0.0,300000@None@0.0,360000@None@0.0,420000@None@0.0,480000@None@0.0,540000@0.00011198@707.2749,600000@0.0001186@5451.9243,660000@0.000122@9681.7895,720000@0.00012254@2292.2741,780000@0.0001254@2294.1221,840000@0.00012217@1063.6797,900000@0.00012668@2129.5166,960000@None@0.0,1020000@0.00014665@25250.3002,1080000@0.00013328@253.5152,1140000@0.000133@1095.1228,1200000@0.00013386@2279.749,1260000@0.00013797@382.2424,1320000@0.00014001@13413.6189,1380000@0.00013802@611.7015,1440000@0.00013999@2078.4922,1500000@0.00013998@311.9449,1560000@0.00013998@998.1211,1620000@0.00013997@5761.0309,1680000@0.00013997@7073.3427,1740000@0.00013997@3308.3278,1800000@0.00013702@316.9501,1860000@0.000138@7816.9711,1920000@0.00013889@5150.5621,1980000@0.00013889@122.1246,2040000@0.00013702@1968.4852,2100000@0.00013857@1667.6395,2160000@0.0001393@2231.7896,2220000@None@0.0,2280000@0.00013895@115.7232,2340000@0.00013716@719.8071,2400000@0.00013702@492.4167,2460000@0.00013505@36.8973,2520000@0.00013399@929.6829,2580000@0.00013406@1203.7169,2640000@0.00013314@974.5991,2700000@0.00013316@966.2123,2760000@0.00013431@215.4967,2820000@0.00013431@71.1005,2880000@None@0.0,2940000@0.00013313@643.6253,3000000@0.00013291@198.5472,3060000@0.00013376@278.2736,3120000@0.00013211@804.1415,3180000@0.00012884@406.5835,3240000@None@0.0,3300000@0.00012892@256.1536,3360000@0.00012956@1418.7796,3420000@0.000129@523.401,3480000@0.00013047@536.7945,3540000@0.00013046@1469.2819,3600000@0.00013066@663.8061,3660000@0.00013068@492.0153,3720000@None@0.0,3780000@None@0.0,3840000@None@0.0,3900000@0.00013369@226.1171,3960000@0.00013369@849.6307,4020000@0.00013368@388.8601,4080000@None@0.0,4140000@None@0.0
2018-10-11 11:57,ZRX/BTC,uobi,70,70,0@0.00013244@523.3,60000@0.00013244@1198.1,120000@0.00013158@25.06,180000@0.00013142@1489.33,240000@0.00013064@650.49,300000@0.00013109@3555.1,360000@0.00013226@5856.625122687807,420000@0.0001316@482.39,480000@0.00013066@1984.22,540000@0.0001305@5348.5,600000@0.00013013@7215.45,660000@0.00013133@9007.295105275247,720000@0.00012863@701.99,780000@0.00012847@2584.71,840000@0.00012941@1063.3,900000@0.00013037@3495.81,960000@0.00013097@11251.93,1020000@0.00013136@11709.215492329782,1080000@0.00013032@7639.01,1140000@0.00013269@3364.79,1200000@0.0001338@1771.4,1260000@0.00013411@658.88,1320000@0.00013438@2412.85,1380000@0.00013499@9312.94,1440000@0.00013469@5314.97,1500000@0.00013516@13991.01,1560000@0.00013528@7991.65,1620000@0.00013663@6421.9540880825225,1680000@0.00013406@11700.24,1740000@0.00013667@15944.8,1800000@0.00013687@6258.33,1860000@0.00013734@5152.95,1920000@0.00013827@8636.8,1980000@0.00013838@4782.357575300122,2040000@0.00013755@18814.98,2100000@0.00013774@6516.63,2160000@0.00013918@5988.54,2220000@0.00013874@423.54,2280000@0.00013917@7166.96,2340000@0.00013888@10632.26,2400000@0.00013646@7559.24,2460000@0.0001391@23804.71768683274,2520000@0.00013967@10950.626500678716,2580000@0.00013946@6634.7,2640000@0.00013988@42597.27349932128,2700000@0.00013814@3053.48,2760000@0.00013733@18383.457453813528,2820000@0.00013912@10689.06,2880000@0.00014199@18768.04,2940000@0.00013993@13587.503135714285,3000000@0.0001382@38619.56,3060000@0.00013385@19216.01,3120000@0.00012889@70328.91,3180000@0.00012584@15518.477743960584,3240000@0.00012598@21572.15,3300000@0.00012469@18325.82,3360000@0.00012665@5962.7,3420000@0.00012707@28962.82,3480000@0.00012154@24261.21,3540000@0.00011883@35746.36147372037,3600000@0.00011464@23076.32,3660000@0.00010835@28.01,3720000@0.00010838@29.79,3780000@0.00010839@24.13,3840000@0.00010843@25.91,3900000@0.00010844@32.23,3960000@0.00010843@26.54,4020000@0.00010855@20.99,4080000@0.00010849@27.5,4140000@0.00010851@27.93
2018-10-11 16:28,MTL/BTC,uobi,70,70,0@0.00010401@0.3965,60000@0.00010405@1.0506,120000@0.00010418@1.0064,180000@0.00010415@0.1713,240000@0.00010411@0.9472,300000@0.00010371@52.5294,360000@0.00010406@53.3961,420000@0.00010444@3.8281,480000@0.000105@0.3776,540000@0.00010404@72.43,600000@0.00010321@89.4012,660000@0.0001031@4.7401,720000@0.00010307@20.4707,780000@0.00010349@184.3479,840000@0.00010451@7.4082,900000@0.00010455@60.296,960000@0.0001057@752.77,1020000@0.00010471@2.1483,1080000@0.00010535@23.2861,1140000@0.00010476@24.9162,1200000@0.00010509@1797.8106,1260000@0.00010551@53.1333,1320000@0.000106@33.4735,1380000@0.00010658@1911.3335,1440000@0.00010739@20060.5585,1500000@0.00010739@7937.9282,1560000@0.0001075@3.1607,1620000@0.00010754@1.6396,1680000@0.00010739@836.5547,1740000@0.00010824@4.5968,1800000@0.00010768@271.7984,1860000@0.00010793@995.464,1920000@0.00010773@2503.8504,1980000@0.00010899@2830.7417,2040000@0.0001092@0.3453,2100000@0.00010999@6021.2371,2160000@0.000109@4990.1149,2220000@0.00011046@3080.6028,2280000@0.00011016@283.4229,2340000@0.00010987@9562.3877,2400000@0.00011025@9713.5165,2460000@0.0001081@732.2492,2520000@0.0001083@20203.8648,2580000@0.0001074@7428.3537,2640000@0.00010742@20617.8919,2700000@0.00010679@4439.3588,2760000@0.00010658@2167.8904,2820000@0.00010658@27.5291,2880000@0.00010626@2221.734,2940000@0.00010602@22848.0431,3000000@0.00010635@6493.958,3060000@0.00010612@25.6034,3120000@0.00010614@1281.7341,3180000@0.00010608@622.4528,3240000@0.00010614@23891.574,3300000@0.00010505@3925.96,3360000@0.00010716@10141.4027,3420000@0.00010711@809.1169441130443,3480000@0.00010825@2642.2195558869557,3540000@0.00010827@30672.3276,3600000@0.00010718@25778.764,3660000@9.632e-05@3.2389,3720000@9.632e-05@7.0646,3780000@9.641e-05@3.6769,3840000@9.648e-05@0.6999,3900000@9.626e-05@0.7354,3960000@9.622e-05@0.4577,4020000@9.625e-05@120.3412,4080000@9.622e-05@0.1454,4140000@9.609e-05@236.9852
2018-10-12 02:57,UPP/BTC,trex,70,70,0@3.99e-06@601.50375939,60000@3.94e-06@8540.66281034,120000@4.16e-06@200.0,240000@3.98e-06@754.40490395,300000@3.94e-06@104000.0,420000@3.91e-06@135.0,480000@3.94e-06@9491.75369294,540000@3.94e-06@41651.74858714,660000@4.13e-06@75251.72767207,720000@4.13e-06@61751.92539569,780000@4.13e-06@95300.28346605,840000@8.88e-06@4598121.42026228,900000@1.375e-05@6790107.53882132,960000@1.061e-05@1513587.86986836,1020000@9.48e-06@1898325.83716869,1080000@8.56e-06@4605988.77327299,1140000@7.61e-06@1854960.45063082,1200000@7.85e-06@1093556.87921466,1260000@8e-06@415952.93521565,1320000@8.12e-06@408550.11789916,1380000@8.48e-06@289792.17893541,1440000@8.04e-06@604727.77895657,1500000@8.02e-06@484937.67569267,1560000@7.9e-06@160208.51486775,1620000@8.16e-06@166267.53576705,1680000@8.07e-06@68266.31683113,1740000@8.1e-06@364746.94634542,1800000@7.9e-06@579961.59672665,1860000@7.5e-06@341861.80535195,1920000@6.94e-06@482338.50863507,1980000@6.74e-06@544923.75016093,2040000@6.8e-06@219703.71705326,2100000@6.9e-06@292512.58844201,2160000@6.56e-06@784881.68458664,2220000@6.5e-06@641701.76924126,2280000@6.5e-06@408554.8534972,2340000@6.23e-06@213773.86421257,2400000@6.07e-06@402136.12290514,2460000@5.96e-06@414416.19049485,2520000@6.07e-06@396960.50235697,2580000@5.79e-06@389582.40506636,2640000@5.6e-06@269935.94370284,2700000@5.66e-06@149576.540218,2760000@5.6e-06@358374.46107935,2820000@5.89e-06@230938.2241685,2880000@5.79e-06@200114.33981592,2940000@5.88e-06@1194149.38283328,3000000@5.9e-06@44845.23857509,3060000@5.88e-06@264907.05569596,3120000@5.91e-06@192148.73714602,3180000@5.88e-06@370700.39305908,3240000@5.63e-06@180976.31716446,3300000@5.66e-06@373345.83502607,3360000@5.84e-06@87307.51198866,3420000@5.76e-06@793331.74719759,3480000@5.88e-06@301007.764755,3540000@5.77e-06@142269.8769508,3600000@5.85e-06@5248.63062895,3660000@5.85e-06@549156.00240369,3720000@5.82e-06@274681.90792099,3780000@5.65e-06@125480.57185288,3840000@5.6e-06@361028.6465413,3900000@5.5e-06@76109.66389771,3960000@5.69e-06@2926.72100621,4020000@5.68e-06@17457.59071045,4080000@5.8e-06@142297.19422746,4140000@5.75e-06@219374.09008359,4200000@5.69e-06@26375.12685435,4200000@5.69e-06@26375.12685435,4200000@5.69e-06@26375.12685435
2018-10-12 02:57,UP/BTC,trex,70,70,0@4.46e-06@6072.22586274,900000@4.48e-06@2035.874,960000@4.56e-06@187516.52922282,1380000@4.57e-06@27949.11138631,1440000@4.6e-06@3491.42347826,1560000@4.6e-06@1582.07960726,1620000@4.6e-06@3121.42956562,1740000@4.62e-06@4118.37586144,1800000@4.62e-06@18015.39409091,1860000@4.55e-06@1128.05269344,1920000@4.65e-06@34664.75627071,2040000@4.56e-06@32826.77425976,2100000@4.56e-06@270.78603075,2160000@4.5e-06@101091.85883792,2340000@4.5e-06@4901.17197418,2700000@4.51e-06@454.974,3720000@4.59e-06@500.0,3780000@4.61e-06@649.13864136,3840000@4.62e-06@5664.02047397,3960000@4.64e-06@1804.329693,4020000@4.61e-06@288.21662103,4080000@4.65e-06@13989.00067548,4140000@4.65e-06@11654.29455917,4200000@4.65e-06@25213.08301613,4260000@4.64e-06@8639.12417232,4260000@4.64e-06@8639.12417232,4260000@4.64e-06@8639.12417232,4260000@4.64e-06@8639.12417232,4260000@4.64e-06@8639.12417232,4260000@4.64e-06@8639.12417232,4260000@4.64e-06@8639.12417232,4260000@4.64e-06@8639.12417232,4260000@4.64e-06@8639.12417232,4260000@4.64e-06@8639.12417232,4260000@4.64e-06@8639.12417232,4260000@4.64e-06@8639.12417232,4260000@4.64e-06@8639.12417232,4260000@4.64e-06@8639.12417232,4260000@4.64e-06@8639.12417232,4260000@4.64e-06@8639.12417232,4260000@4.64e-06@8639.12417232,4260000@4.64e-06@8639.12417232,4260000@4.64e-06@8639.12417232,4260000@4.64e-06@8639.12417232,4260000@4.64e-06@8639.12417232,4260000@4.64e-06@8639.12417232,4260000@4.64e-06@8639.12417232,4260000@4.64e-06@8639.12417232,4260000@4.64e-06@8639.12417232,4260000@4.64e-06@8639.12417232,4260000@4.64e-06@8639.12417232,4260000@4.64e-06@8639.12417232,4260000@4.64e-06@8639.12417232,4260000@4.64e-06@8639.12417232,4260000@4.64e-06@8639.12417232,4260000@4.64e-06@8639.12417232,4260000@4.64e-06@8639.12417232,4260000@4.64e-06@8639.12417232,4260000@4.64e-06@8639.12417232,4260000@4.64e-06@8639.12417232,4260000@4.64e-06@8639.12417232,4260000@4.64e-06@8639.12417232,4260000@4.64e-06@8639.12417232,4260000@4.64e-06@8639.12417232,4260000@4.64e-06@8639.12417232,4260000@4.64e-06@8639.12417232,4260000@4.64e-06@8639.12417232,4260000@4.64e-06@8639.12417232,4260000@4.64e-06@8639.12417232,4260000@4.64e-06@8639.12417232
2018-10-15 11:48,PAX/USDT,teio,70,71,0@1.082@1.082,60000@1.082@1.082,120000@1.082@1.082,180000@1.082@1.082,240000@1.082@1.082,300000@1.082@1.082,360000@1.082@1.082,420000@1.082@1.082,480000@1.082@1.082,540000@1.082@1.082,600000@1.082@1.082,660000@1.082@1.082,720000@1.082@1.082,780000@1.082@1.082,840000@1.096@1.096,900000@1.096@1.096,960000@1.096@1.096,1020000@1.096@1.096,1080000@1.096@1.096,1140000@1.096@1.096,1200000@1.096@1.096,1260000@1.096@1.096,1320000@1.096@1.096,1380000@1.096@1.096,1440000@1.096@1.096,1500000@1.096@1.096,1560000@1.096@1.096,1620000@1.096@1.096,1680000@1.096@1.096,1740000@1.096@1.096,1800000@1.096@1.096,1860000@1.096@1.096,1920000@1.096@1.096,1980000@1.096@1.096,2040000@1.096@1.096,2100000@1.096@1.096,2160000@1.096@1.096,2220000@1.096@1.096,2280000@1.096@1.096,2340000@1.096@1.096,2400000@1.096@1.096,2460000@1.096@1.096,2520000@1.096@1.096,2580000@1.096@1.096,2640000@1.096@1.096,2700000@1.078@1.078,2760000@1.078@1.078,2820000@1.078@1.078,2880000@1.078@1.078,2940000@1.078@1.078,3000000@1.078@1.078,3060000@1.078@1.078,3120000@1.078@1.078,3180000@1.078@1.078,3240000@1.078@1.078,3300000@1.078@1.078,3360000@1.078@1.078,3420000@1.078@1.078,3480000@1.078@1.078,3540000@1.078@1.078,3600000@1.079@1.079,3660000@1.079@1.079,3720000@1.079@1.079,3780000@1.079@1.079,3840000@1.079@1.079,3900000@1.079@1.079,3960000@1.079@1.079,4020000@1.079@1.079,4080000@1.079@1.079,4140000@1.079@1.079,4200000@1.079@1.079
2018-10-15 11:48,TUSD/BTC,trex,70,70,0@0.00015744@373.53671131,300000@0.00015816@1050.02727478,720000@0.00015696@129.1942859,900000@0.00015798@9.28541002,1140000@0.00015736@83.0,1740000@0.00015763@14667.0,1800000@0.00015763@14443.16,1860000@0.00015774@36526.0,1920000@0.00015774@13316.0,1980000@0.00015763@6129.0,2100000@0.00015763@29908.66823899,2160000@0.00015763@2424.0,2220000@0.00015763@2080.0,2280000@0.00015765@6.95190545,2460000@0.00015763@2604.0,2520000@0.00015763@134.0,2580000@0.00015763@1322.0,2820000@0.00015763@886.0,2880000@0.00015834@4.00934019,3120000@0.00015763@1356.0,3360000@0.00015763@10627.0,3420000@0.00015763@14947.0,4080000@0.00015794@64.1267773,4200000@0.00015795@22.78600711,4200000@0.00015795@22.78600711,4200000@0.00015795@22.78600711,4200000@0.00015795@22.78600711,4200000@0.00015795@22.78600711,4200000@0.00015795@22.78600711,4200000@0.00015795@22.78600711,4200000@0.00015795@22.78600711,4200000@0.00015795@22.78600711,4200000@0.00015795@22.78600711,4200000@0.00015795@22.78600711,4200000@0.00015795@22.78600711,4200000@0.00015795@22.78600711,4200000@0.00015795@22.78600711,4200000@0.00015795@22.78600711,4200000@0.00015795@22.78600711,4200000@0.00015795@22.78600711,4200000@0.00015795@22.78600711,4200000@0.00015795@22.78600711,4200000@0.00015795@22.78600711,4200000@0.00015795@22.78600711,4200000@0.00015795@22.78600711,4200000@0.00015795@22.78600711,4200000@0.00015795@22.78600711,4200000@0.00015795@22.78600711,4200000@0.00015795@22.78600711,4200000@0.00015795@22.78600711,4200000@0.00015795@22.78600711,4200000@0.00015795@22.78600711,4200000@0.00015795@22.78600711,4200000@0.00015795@22.78600711,4200000@0.00015795@22.78600711,4200000@0.00015795@22.78600711,4200000@0.00015795@22.78600711,4200000@0.00015795@22.78600711,4200000@0.00015795@22.78600711,4200000@0.00015795@22.78600711,4200000@0.00015795@22.78600711,4200000@0.00015795@22.78600711,4200000@0.00015795@22.78600711,4200000@0.00015795@22.78600711,4200000@0.00015795@22.78600711,4200000@0.00015795@22.78600711,4200000@0.00015795@22.78600711,4200000@0.00015795@22.78600711,4200000@0.00015795@22.78600711,4200000@0.00015795@22.78600711
2018-10-16 12:05,BITS/BTC,tbtc,70,70,0@1.22e-06@8100.0,60000@1.23e-06@7600.0,420000@1.23e-06@2900.0,480000@1.22e-06@2300.0,600000@1.23e-06@5700.0,660000@1.23e-06@4900.0,720000@1.22e-06@3000.0,780000@1.24e-06@31100.0,840000@1.3e-06@29600.0,1080000@1.26e-06@1500.0,1140000@1.25e-06@7100.0,1260000@1.24e-06@14200.0,1380000@1.24e-06@11100.0,1560000@1.24e-06@18400.0,1620000@1.24e-06@19500.0,1920000@1.24e-06@10300.0,2040000@1.23e-06@1100.0,2280000@1.24e-06@5600.0,2400000@1.24e-06@7200.0,2520000@1.24e-06@24500.0,2760000@1.25e-06@16000.0,3000000@1.24e-06@100.0,3480000@1.24e-06@3300.0,3780000@1.26e-06@5000.0,3840000@1.25e-06@8100.0,3900000@1.26e-06@10400.0,3960000@1.25e-06@10400.0,4020000@1.25e-06@11200.0,4080000@1.26e-06@11200.0,4140000@1.28e-06@4800.0,4320000@1.27e-06@11200.0,4380000@1.26e-06@12200.0,4440000@1.25e-06@6200.0,4500000@1.24e-06@12700.0,4620000@1.25e-06@7800.0,4680000@1.25e-06@22700.0,4740000@1.23e-06@9200.0,4980000@1.24e-06@14500.0,5160000@1.25e-06@11600.0,5220000@1.27e-06@14900.0,5280000@1.27e-06@17300.0,5340000@1.3e-06@8900.0,5400000@1.32e-06@6100.0,5460000@1.29e-06@14700.0,5520000@1.29e-06@5700.0,5580000@1.31e-06@5400.0,5700000@1.31e-06@9000.0,5940000@1.31e-06@6200.0,6060000@1.33e-06@37500.0,6120000@1.35e-06@41600.0,6180000@1.33e-06@71200.0,6300000@1.32e-06@2600.0,6420000@1.33e-06@5600.0,6480000@1.33e-06@10900.0,6600000@1.32e-06@9000.0,6720000@1.34e-06@200.0,6780000@1.35e-06@8400.0,6840000@1.32e-06@10000.0,6900000@1.34e-06@100.0,6960000@1.31e-06@13500.0,7140000@1.3e-06@11700.0,7200000@1.3e-06@15700.0,7260000@1.32e-06@16000.0,7500000@1.31e-06@6700.0,7680000@1.31e-06@9300.0,8040000@1.31e-06@11500.0,8160000@1.31e-06@7400.0,8280000@1.3e-06@6100.0,8400000@1.3e-06@3500.0,8760000@1.3e-06@11800.0
2018-10-17 13:43,ZRX/BTC,coin,70,70,0@None@0.0,60000@0.000141@0.4925,120000@0.00014099@99.1831,180000@0.00014099@28.8856,240000@0.00014001@627.1289,300000@None@0.0,360000@0.00013946@2558.5431,420000@None@0.0,480000@None@0.0,540000@0.00014099@198.0447,600000@0.00014099@8.3,660000@0.000141@338.6802,720000@None@0.0,780000@0.000141@8.2917,840000@None@0.0,900000@None@0.0,960000@None@0.0,1020000@None@0.0,1080000@None@0.0,1140000@None@0.0,1200000@0.00014242@2.6434,1260000@None@0.0,1320000@None@0.0,1380000@None@0.0,1440000@None@0.0,1500000@0.00014242@52.8362,1560000@None@0.0,1620000@None@0.0,1680000@None@0.0,1740000@0.0001415@140.1824,1800000@0.0001417@4.828,1860000@None@0.0,1920000@0.000142@11.667,1980000@None@0.0,2040000@0.000141@75.1758,2100000@None@0.0,2160000@None@0.0,2220000@None@0.0,2280000@0.0001413@14.91,2340000@None@0.0,2400000@None@0.0,2460000@0.0001413@40.29,2520000@None@0.0,2580000@0.00014125@2.2819,2640000@0.00014123@13.1347,2700000@None@0.0,2760000@0.0001411@1.6924,2820000@None@0.0,2880000@0.000141@30.139,2940000@0.000141@1.9003,3000000@None@0.0,3060000@0.00014087@564.2095,3120000@None@0.0,3180000@None@0.0,3240000@0.000139@50.9554,3300000@None@0.0,3360000@0.00013878@3.6748,3420000@0.00013878@2596.7981,3480000@None@0.0,3540000@None@0.0,3600000@None@0.0,3660000@0.0001388@360.3267,3720000@0.00013999@213.8259,3780000@None@0.0,3840000@None@0.0,3900000@0.00013744@1.7573,3960000@None@0.0,4020000@0.00013964@200.5059,4080000@None@0.0,4140000@None@0.0
2018-10-17 13:43,ZRX/BTC,uobi,70,70,0@0.000138@1.35,60000@0.00013785@30.15,120000@0.00013871@22.44,180000@0.00013858@70.16,240000@0.00013893@29.48,300000@0.00013931@28.56,360000@0.00013917@1936.53,420000@0.00013855@33.11,480000@0.00013818@42.18,540000@0.00013823@645.15,600000@0.00013833@860.27,660000@0.00013858@106.33,720000@0.00013894@23.39,780000@0.00013904@20.49,840000@0.0001391@31.43,900000@0.00013935@101.78,960000@0.00013881@499.76,1020000@0.00013926@3156.54,1080000@0.00014002@33.68,1140000@0.00014025@403.35,1200000@0.00014048@38.38,1260000@0.00014056@27.08,1320000@0.00014091@106.68,1380000@0.00014006@6158.42,1440000@0.00013974@23.23,1500000@0.00013973@30.76,1560000@0.00013977@197.19,1620000@0.00014013@34.41,1680000@0.00014017@50.86,1740000@0.00014028@170.62,1800000@0.00013962@422.04,1860000@0.00014082@27.23,1920000@0.00014085@542.05,1980000@0.00014103@52.34,2040000@0.00014116@99.27,2100000@0.00014117@306.6,2160000@0.00014166@30.8,2220000@0.00014177@38.06,2280000@0.00014232@28.8,2340000@0.00014225@231.89,2400000@0.0001423@28.82,2460000@0.0001423@25.89,2520000@0.00014228@1790.26,2580000@0.00014238@23.82,2640000@0.00014267@34.63,2700000@0.00014263@498.52,2760000@0.00014325@854.9,2820000@0.00014372@25.14,2880000@0.00014346@693.38,2940000@0.00014289@301.0,3000000@0.00014278@187.12,3060000@0.00014262@9939.429936184211,3120000@0.00014197@26.47,3180000@0.00014184@28.44,3240000@0.00014165@85.6,3300000@0.00014148@20.83,3360000@0.00014136@142.0,3420000@0.00014153@422.86,3480000@0.00014113@237.27,3540000@0.00014096@25.9,3600000@0.00014065@4905.39,3660000@0.00014058@24.23,3720000@0.00014055@115.03,3780000@0.00014052@321.26,3840000@0.00014061@28.32,3900000@0.00014064@33.03,3960000@0.00014055@29.4,4020000@0.0001404@84.72,4080000@0.00014038@412.77,4140000@0.00014077@25.66
2018-10-17 13:43,ZRX/BTC,tbtc,70,70,0@0.000145@1001.647,120000@0.000145@1097.034,180000@0.000145@159.885,240000@0.000144@175.28,360000@0.000143@975.658,420000@0.000144@204.697,540000@0.000144@1349.837,780000@0.000144@0.039,840000@0.000143@1125.0,960000@0.000143@393.0,1020000@0.000144@1309.28,1140000@0.000144@315.081,1260000@0.000142@1379.841,1320000@0.000142@646.265,1500000@0.000143@36.923,1560000@0.000142@2.0,1620000@0.000143@136.16,1680000@0.000142@35.612,1740000@0.000141@518.92,1920000@0.000143@80.188,1980000@0.000142@100.0,2040000@0.000142@1142.814,2160000@0.000143@1.407,2220000@0.000143@460.965,2280000@0.000143@552.326,2520000@0.000142@132.896,2580000@0.000144@468.559,2640000@0.000142@13.6,2700000@0.000142@370.683,2820000@0.000141@274.022,2880000@0.000141@1.055,2940000@0.00014@159.863,3120000@0.00014@365.84,3180000@0.000142@1325.634,3240000@0.00014@377.48,3300000@0.000142@55.577,3540000@0.000141@268.323,3600000@0.000141@131.726,4020000@0.000142@30.39,4080000@0.000143@63.419,4140000@0.000142@9.12,4320000@0.000144@8.158,4380000@0.000144@626.0,4440000@0.000145@1092.163,4500000@0.000143@656.355,4800000@0.000143@0.001,4860000@0.000142@105.699,4920000@0.000142@75.0,4980000@0.000141@803.123,5040000@0.000142@133.26,5100000@0.000143@69.923,5160000@0.000142@293.624,5340000@0.000141@2060.336,5400000@0.000141@74.97,5520000@0.000141@0.004,5580000@0.00014@1131.135,5760000@0.00014@978.739,5820000@0.00014@50.0,5880000@0.000141@31.408,6120000@0.00014@216.927,6180000@0.000139@117.295,6420000@0.000138@1092.163,6540000@0.00014@152.65,6600000@0.000138@1573.26,6720000@0.000138@572.73,6780000@0.000138@137.199,6900000@0.000138@68.407,6960000@0.000138@77.478,7080000@0.000137@669.575,7200000@0.000139@411.223
2018-10-18 11:33,MLN/BTC,trex,70,70,0@0.00152102@5.0,960000@0.00156862@21.01631538,1200000@0.00156853@7.06321373,1440000@0.00141775@24.06635468,1860000@0.00158778@34.94339042,2040000@0.00163055@168.15232386,2160000@0.00158374@37.83970342,2220000@0.00164197@11.60273077,2280000@0.00154182@12.72541814,2520000@0.00159041@5.95158138,2580000@0.00159041@47.03313385,2820000@0.00158@36.41318161,3540000@0.0015904@2.84245478,3600000@0.00159055@6.41215238,3960000@0.00155827@6.7,3960000@0.00155827@6.7,3960000@0.00155827@6.7,3960000@0.00155827@6.7,3960000@0.00155827@6.7,3960000@0.00155827@6.7,3960000@0.00155827@6.7,3960000@0.00155827@6.7,3960000@0.00155827@6.7,3960000@0.00155827@6.7,3960000@0.00155827@6.7,3960000@0.00155827@6.7,3960000@0.00155827@6.7,3960000@0.00155827@6.7,3960000@0.00155827@6.7,3960000@0.00155827@6.7,3960000@0.00155827@6.7,3960000@0.00155827@6.7,3960000@0.00155827@6.7,3960000@0.00155827@6.7,3960000@0.00155827@6.7,3960000@0.00155827@6.7,3960000@0.00155827@6.7,3960000@0.00155827@6.7,3960000@0.00155827@6.7,3960000@0.00155827@6.7,3960000@0.00155827@6.7,3960000@0.00155827@6.7,3960000@0.00155827@6.7,3960000@0.00155827@6.7,3960000@0.00155827@6.7,3960000@0.00155827@6.7,3960000@0.00155827@6.7,3960000@0.00155827@6.7,3960000@0.00155827@6.7,3960000@0.00155827@6.7,3960000@0.00155827@6.7,3960000@0.00155827@6.7,3960000@0.00155827@6.7,3960000@0.00155827@6.7,3960000@0.00155827@6.7,3960000@0.00155827@6.7,3960000@0.00155827@6.7,3960000@0.00155827@6.7,3960000@0.00155827@6.7,3960000@0.00155827@6.7,3960000@0.00155827@6.7,3960000@0.00155827@6.7,3960000@0.00155827@6.7,3960000@0.00155827@6.7,3960000@0.00155827@6.7,3960000@0.00155827@6.7,3960000@0.00155827@6.7,3960000@0.00155827@6.7,3960000@0.00155827@6.7,3960000@0.00155827@6.7
2018-10-18 11:34,WTC/BTC,coin,70,70,0@0.00047451@1.1281,60000@None@0.0,120000@0.00047453@30.7844,180000@None@0.0,240000@None@0.0,300000@None@0.0,360000@None@0.0,420000@0.00047631@12.64,480000@None@0.0,540000@0.00047631@482.8577,600000@None@0.0,660000@None@0.0,720000@0.00047444@9.3943,780000@None@0.0,840000@0.00047398@0.0011,900000@None@0.0,960000@None@0.0,1020000@0.00043806@0.5764,1080000@None@0.0,1140000@None@0.0,1200000@None@0.0,1260000@0.000484@7.0765,1320000@None@0.0,1380000@None@0.0,1440000@None@0.0,1500000@None@0.0,1560000@None@0.0,1620000@None@0.0,1680000@0.00045312@0.3147,1740000@None@0.0,1800000@None@0.0,1860000@None@0.0,1920000@None@0.0,1980000@None@0.0,2040000@None@0.0,2100000@None@0.0,2160000@0.00047@4.6224,2220000@None@0.0,2280000@None@0.0,2340000@None@0.0,2400000@None@0.0,2460000@None@0.0,2520000@None@0.0,2580000@None@0.0,2640000@None@0.0,2700000@None@0.0,2760000@None@0.0,2820000@None@0.0,2880000@None@0.0,2940000@None@0.0,3000000@None@0.0,3060000@0.0004788@0.2564,3120000@None@0.0,3180000@None@0.0,3240000@0.00047856@256.83,3300000@None@0.0,3360000@None@0.0,3420000@0.00047849@45.2004,3480000@0.00047848@167.1286,3540000@None@0.0,3600000@None@0.0,3660000@0.00047916@1.4103,3720000@None@0.0,3780000@None@0.0,3840000@None@0.0,3900000@None@0.0,3960000@None@0.0,4020000@None@0.0,4080000@0.00047@4.6224,4140000@None@0.0
2018-10-18 11:34,WTC/BTC,uobi,70,70,0@0.00046736@15.94,60000@0.00046736@89.13,120000@0.00047171@123.66,180000@0.00047331@94.88,240000@0.00047327@144.15,300000@0.00047461@209.36,360000@0.00047567@25.03,420000@0.00047618@0.04,480000@0.0004757@2.5,540000@0.00047605@0.06,600000@0.00047543@0.03,660000@0.00047594@6.44,720000@0.00047596@10.2,780000@0.00047644@5.93,840000@0.00047591@5.58,900000@0.00047584@0.02,960000@0.00047638@0.03,1020000@0.00047592@3.77,1080000@0.00047592@0.04,1140000@0.00047594@2.84,1200000@0.00047523@4.29,1260000@0.00047479@0.03,1320000@0.00047545@3.17,1380000@0.00047483@24.83,1440000@0.00047573@10.01,1500000@0.00047637@12.97,1560000@0.00047497@44.36,1620000@0.00047328@32.83,1680000@0.00047667@13.58,1740000@0.00047679@6.94,1800000@0.00047583@43.64,1860000@0.00047813@41.74,1920000@0.00047826@51.16,1980000@0.00047699@205.23,2040000@0.00048003@16.86,2100000@0.00047815@108.58,2160000@0.00048235@65.31,2220000@0.00047775@701.43,2280000@0.00047476@12.41,2340000@0.00047616@7.71,2400000@0.00047471@35.56,2460000@0.00047436@203.03,2520000@0.00047563@22.31,2580000@0.00047577@26.66,2640000@0.00047479@28.44,2700000@0.00047495@13.16,2760000@0.0004743@14.19,2820000@0.00047274@43.68,2880000@0.00047404@93.43666863555818,2940000@0.0004751@0.17,3000000@0.00047273@11.84,3060000@0.00047216@94.0,3120000@0.00047342@138.09,3180000@0.00046887@32.44,3240000@0.00046879@17.57,3300000@0.00046502@333.74,3360000@0.00047409@551.27,3420000@0.0004761@79.58,3480000@0.00047566@66.94,3540000@0.00047598@78.67,3600000@0.00047625@254.55,3660000@0.00047895@1947.3,3720000@0.00047701@24.73,3780000@0.00047762@70.44,3840000@0.00047621@12.28,3900000@0.00047538@170.65,3960000@0.00047746@40.03,4020000@0.00047611@546.08,4080000@0.00048055@0.05,4140000@0.000481@3.75
2018-10-18 11:34,WTC/BTC,tbtc,70,70,0@0.00042@7.1,32340000@0.00045@89.0,57240000@0.00044@1.6,79500000@0.00044@2.8,88380000@0.00043@18.7,124980000@0.00045@35.0,135960000@0.00042@4.7,139320000@0.00045@32.2,139800000@0.00045@1.2,188460000@0.00044@10.4,188580000@0.00044@20.5,188820000@0.00044@480.6,188880000@0.00044@72.6,188940000@0.00044@107.8,189000000@0.00044@98.7,189420000@0.00045@10.4,189540000@0.00041@1076.6,189660000@0.00046@36.2,190080000@0.00044@9.3,190140000@0.00044@257.5,190200000@0.00044@276.3,190440000@0.00045@67.0,190500000@0.00045@394.5,190560000@0.00043@322.1,190800000@0.00044@12.3,191820000@0.00042@0.2,193560000@0.00042@143.4,193680000@0.00043@12.3,197340000@0.00043@0.2,198960000@0.00043@22.0,211140000@0.00043@48.1,212400000@0.00044@23.7,214920000@0.00042@46.2,215040000@0.00043@11.9,220560000@0.00044@2.9,220620000@0.00044@3.6,222240000@0.00044@42.9,230820000@0.00043@111.1,245880000@0.00044@36.1,250800000@0.00044@4.0,253020000@0.00044@0.1,257520000@0.00044@0.7,260040000@0.00043@87.2,265860000@0.00045@225.0,274380000@0.00044@5.3,286800000@0.00043@0.2,298320000@0.00042@10.0,322140000@0.00042@100.0,324840000@0.00043@1.3,334560000@0.00044@12.9,338640000@0.00043@1.5,343260000@0.00044@2.8,345300000@0.00044@7.9,375480000@0.00046@30.0,383280000@0.00045@20.8,383640000@0.00046@1.0,383760000@0.00046@2.0,397980000@0.00046@44.8,406140000@0.00044@10.0,425340000@0.00044@1.0,446100000@0.00046@1.1,465720000@0.00046@3.0,471900000@0.00046@0.3,480120000@0.00046@37.2,480600000@0.00047@13.4,480660000@0.00047@22.9,480780000@0.00048@39.5,480960000@0.00048@2.9,481020000@0.00048@22.5,483000000@0.00048@2.7
2018-10-18 11:35,CS/USDT,teio,70,71,0@0.172@0.172,60000@0.1718@0.1718,120000@0.1702@0.1711,180000@0.1731@0.1731,240000@0.1727@0.1727,300000@0.1733@0.1733,360000@0.1733@0.1733,420000@0.1733@0.1733,480000@0.1733@0.1733,540000@0.1733@0.1733,600000@0.1733@0.1733,660000@0.1733@0.1733,720000@0.1727@0.1727,780000@0.175@0.175,840000@0.1759@0.1759,900000@0.1759@0.1759,960000@0.1759@0.1759,1020000@0.1759@0.1759,1080000@0.175@0.175,1140000@0.175@0.175,1200000@0.175@0.175,1260000@0.175@0.175,1320000@0.175@0.175,1380000@0.175@0.175,1440000@0.175@0.175,1500000@0.175@0.175,1560000@0.175@0.1751,1620000@0.175@0.175,1680000@0.175@0.175,1740000@0.1759@0.1759,1800000@0.1759@0.1759,1860000@0.1757@0.1757,1920000@0.175@0.175,1980000@0.1751@0.1751,2040000@0.1774@0.1774,2100000@0.1746@0.1746,2160000@0.175@0.175,2220000@0.175@0.175,2280000@0.175@0.175,2340000@0.175@0.175,2400000@0.175@0.175,2460000@0.172@0.172,2520000@0.1702@0.1702,2580000@0.1702@0.1702,2640000@0.1702@0.1702,2700000@0.1702@0.1702,2760000@0.1702@0.1702,2820000@0.1702@0.1702,2880000@0.1702@0.1702,2940000@0.1702@0.1702,3000000@0.1702@0.1702,3060000@0.1702@0.1702,3120000@0.1702@0.1702,3180000@0.172@0.172,3240000@0.172@0.172,3300000@0.1722@0.1722,3360000@0.1722@0.1722,3420000@0.1722@0.1722,3480000@0.1722@0.1722,3540000@0.1722@0.1722,3600000@0.171@0.171,3660000@0.1756@0.1756,3720000@0.1753@0.1753,3780000@0.1723@0.1737,3840000@0.1729@0.1729,3900000@0.1728@0.1728,3960000@0.171@0.1711,4020000@0.171@0.171,4080000@0.171@0.171,4140000@0.171@0.171,4200000@0.171@0.171
2018-10-18 11:43,NUSD/BTC,coin,70,70,0@None@0.0,60000@None@0.0,120000@None@0.0,180000@None@0.0,240000@None@0.0,300000@None@0.0,360000@None@0.0,420000@None@0.0,480000@None@0.0,540000@None@0.0,600000@None@0.0,660000@None@0.0,720000@None@0.0,780000@None@0.0,840000@None@0.0,900000@None@0.0,960000@None@0.0,1020000@None@0.0,1080000@None@0.0,1140000@None@0.0,1200000@None@0.0,1260000@None@0.0,1320000@None@0.0,1380000@None@0.0,1440000@None@0.0,1500000@None@0.0,1560000@0.00015195@13.13,1620000@None@0.0,1680000@None@0.0,1740000@None@0.0,1800000@None@0.0,1860000@None@0.0,1920000@None@0.0,1980000@None@0.0,2040000@None@0.0,2100000@None@0.0,2160000@None@0.0,2220000@0.00015194@2.3322,2280000@0.00015305@10.6799,2340000@None@0.0,2400000@None@0.0,2460000@None@0.0,2520000@None@0.0,2580000@None@0.0,2640000@None@0.0,2700000@None@0.0,2760000@None@0.0,2820000@None@0.0,2880000@None@0.0,2940000@None@0.0,3000000@None@0.0,3060000@None@0.0,3120000@None@0.0,3180000@None@0.0,3240000@None@0.0,3300000@None@0.0,3360000@None@0.0,3420000@None@0.0,3480000@None@0.0,3540000@None@0.0,3600000@None@0.0,3660000@None@0.0,3720000@None@0.0,3780000@None@0.0,3840000@None@0.0,3900000@None@0.0,3960000@None@0.0,4020000@None@0.0,4080000@None@0.0,4140000@None@0.0
2018-10-19 00:30,ELF/USDT,teio,70,71,0@0.3872@0.3872,60000@0.3891@0.3891,120000@0.3909@0.3909,180000@0.3954@0.3954,240000@0.3941@0.396,300000@0.3903@0.3941,360000@0.3915@0.3915,420000@0.3915@0.3915,480000@0.3916@0.3916,540000@0.3916@0.392,600000@0.3925@0.3925,660000@0.386@0.3956,720000@0.3824@0.386,780000@0.3851@0.3869,840000@0.3854@0.3899,900000@0.384@0.3854,960000@0.3835@0.3838,1020000@0.3824@0.3855,1080000@0.3823@0.3824,1140000@0.3824@0.385,1200000@0.3823@0.3824,1260000@0.3825@0.385,1320000@0.3823@0.3848,1380000@0.3821@0.3823,1440000@0.3808@0.3822,1500000@0.3825@0.3826,1560000@0.3818@0.3833,1620000@0.382@0.382,1680000@0.383@0.383,1740000@0.3817@0.3826,1800000@0.3803@0.382,1860000@0.3793@0.3802,1920000@0.3801@0.3801,1980000@0.3804@0.3804,2040000@0.3825@0.3825,2100000@0.3827@0.3827,2160000@0.38@0.3808,2220000@0.3783@0.38,2280000@0.3783@0.3783,2340000@0.378@0.3783,2400000@0.377@0.3771,2460000@0.3739@0.3772,2520000@0.3771@0.3771,2580000@0.3742@0.3742,2640000@0.3746@0.3751,2700000@0.375@0.375,2760000@0.375@0.375,2820000@0.3737@0.3737,2880000@0.3737@0.3744,2940000@0.3746@0.3748,3000000@0.3746@0.3746,3060000@0.3758@0.3759,3120000@0.3762@0.3762,3180000@0.3765@0.3765,3240000@0.3748@0.3748,3300000@0.3747@0.3748,3360000@0.3765@0.3765,3420000@0.3738@0.3754,3480000@0.3745@0.3747,3540000@0.3738@0.3743,3600000@0.3738@0.3739,3660000@0.3735@0.3743,3720000@0.3741@0.3741,3780000@0.3738@0.3745,3840000@0.3739@0.3739,3900000@0.3738@0.3753,3960000@0.3737@0.3738,4020000@0.3755@0.3755,4080000@0.3755@0.3755,4140000@0.3744@0.375,4200000@0.3744@0.3744
2018-10-19 00:30,ELF/BTC,coin,70,70,0@5.933e-05@70.9537,60000@5.934e-05@1089.9376,120000@5.942e-05@50.0681,180000@5.936e-05@61.1402,240000@5.933e-05@69.9102,300000@5.927e-05@86.824,360000@5.937e-05@67.6718,420000@5.937e-05@43.7759,480000@5.935e-05@44.9079,540000@6.019e-05@2226.2047,600000@6.036e-05@1036.388,660000@5.899e-05@63.6562,720000@5.89e-05@68.3945,780000@5.871e-05@175.4224,840000@5.862e-05@43.041,900000@5.858e-05@41.3675,960000@5.86e-05@49.9804,1020000@5.861e-05@68.247,1080000@5.86e-05@160.1035,1140000@5.867e-05@47.5907,1200000@5.714e-05@126.6706,1260000@5.83e-05@144.3797,1320000@5.758e-05@145.164,1380000@5.774e-05@320.284,1440000@5.818e-05@280.5868,1500000@5.776e-05@153.5111,1560000@5.777e-05@279.6191,1620000@5.775e-05@243.287,1680000@5.777e-05@231.8999,1740000@5.775e-05@202.4716,1800000@5.775e-05@201.0384,1860000@5.775e-05@768.5256,1920000@5.797e-05@170.3077,1980000@5.795e-05@87.4582,2040000@5.775e-05@266.0819,2100000@5.729e-05@203.2952,2160000@5.729e-05@449.9772,2220000@5.73e-05@239.0427,2280000@5.728e-05@252.2052,2340000@5.728e-05@204.888,2400000@5.56e-05@144.5018,2460000@5.583e-05@316.5421,2520000@5.61e-05@206.2535,2580000@5.701e-05@978.6716,2640000@5.703e-05@233.927,2700000@5.707e-05@215.0705,2760000@5.735e-05@1082.1908,2820000@5.71e-05@177.7382,2880000@5.708e-05@314.0401,2940000@5.708e-05@161.6453,3000000@5.708e-05@201.7284,3060000@5.711e-05@287.724,3120000@5.709e-05@238.1576,3180000@5.71e-05@148.7517,3240000@5.708e-05@156.9191,3300000@5.708e-05@162.671,3360000@5.715e-05@241.0939,3420000@5.708e-05@1035.0638,3480000@5.709e-05@156.165,3540000@5.708e-05@242.1698,3600000@5.708e-05@402.8174,3660000@5.711e-05@202.5174,3720000@5.708e-05@433.146,3780000@5.708e-05@363.1407,3840000@5.709e-05@116.5354,3900000@5.709e-05@69.1698,3960000@5.717e-05@50.1373,4020000@5.701e-05@165.8979,4080000@5.702e-05@186.9035,4140000@5.71e-05@1.0
2018-10-19 00:30,ELF/BTC,tbtc,70,70,0@4.88e-05@700.0,240000@4.89e-05@50.0,1140000@4.89e-05@360.0,1260000@4.9e-05@40.0,1440000@4.9e-05@170.0,2100000@4.76e-05@30.0,2160000@4.88e-05@2900.0,2700000@4.89e-05@410.0,5880000@4.9e-05@940.0,6660000@4.9e-05@350.0,7680000@4.9e-05@630.0,7740000@4.9e-05@300.0,8100000@4.9e-05@1500.0,8160000@4.9e-05@120.0,8220000@4.9e-05@580.0,8280000@4.9e-05@80.0,17280000@4.95e-05@160.0,17940000@4.9e-05@10.0,18060000@4.86e-05@240.0,18360000@4.86e-05@40.0,23160000@5.11e-05@420.0,23220000@5.23e-05@100.0,23280000@4.91e-05@340.0,23400000@5.16e-05@30.0,23460000@5.16e-05@20.0,24720000@4.92e-05@250.0,28440000@5.8e-05@7690.0,28500000@5.69e-05@1610.0,28620000@6.1e-05@680.0,28740000@6.29e-05@4840.0,28800000@6.1e-05@2580.0,28980000@6.29e-05@670.0,29100000@6.34e-05@40.0,29460000@5.66e-05@410.0,29700000@6.01e-05@210.0,29760000@5.9e-05@560.0,30360000@5.84e-05@10.0,30780000@6.33e-05@220.0,31020000@5.79e-05@230.0,31140000@6.17e-05@120.0,31200000@5.83e-05@330.0,31380000@5.87e-05@90.0,31560000@5.87e-05@60.0,31920000@6e-05@380.0,32160000@6.23e-05@150.0,32280000@6.36e-05@110.0,32400000@6.41e-05@180.0,32460000@5.91e-05@590.0,32520000@5.86e-05@330.0,32580000@5.8e-05@690.0,32760000@5.3e-05@700.0,32820000@5.2e-05@740.0,32880000@5.62e-05@10.0,32940000@5.8e-05@1650.0,33000000@5.98e-05@190.0,33120000@6.32e-05@70.0,33180000@6.18e-05@20.0,33720000@5.97e-05@160.0,34260000@6.04e-05@190.0,34320000@6.44e-05@2120.0,34440000@6.33e-05@530.0,34500000@6.37e-05@310.0,34560000@6.41e-05@20.0,35040000@6.2e-05@90.0,35100000@5.8e-05@190.0,35160000@5.8e-05@1250.0,35220000@5.8e-05@710.0,35280000@5.96e-05@600.0,35760000@6.01e-05@90.0,36420000@5.76e-05@10.0
2018-10-19 00:30,ELF/BTC,uobi,70,70,0@5.694e-05@353.0,60000@5.696e-05@4699.0,120000@5.699e-05@3882.0,180000@5.686e-05@1780.0,240000@5.683e-05@1942.0,300000@5.688e-05@1077.0,360000@5.678e-05@9326.0,420000@5.684e-05@7327.0,480000@5.682e-05@11745.0,540000@5.695e-05@656.0,600000@5.693e-05@10400.0,660000@5.695e-05@1410.0,720000@5.706e-05@11154.0,780000@5.693e-05@7242.0,840000@5.713e-05@463.0,900000@5.719e-05@8481.0,960000@5.723e-05@784.0,1020000@5.72e-05@667.0,1080000@5.709e-05@18410.0,1140000@5.718e-05@1948.0,1200000@5.715e-05@2904.0,1260000@5.711e-05@2516.0,1320000@5.708e-05@602.0,1380000@5.702e-05@9813.0,1440000@5.693e-05@841.0,1500000@5.694e-05@3376.0,1560000@5.716e-05@25934.0,1620000@5.705e-05@6804.0,1680000@5.712e-05@3198.0,1740000@5.714e-05@17630.963286713286,1800000@5.743e-05@6431.0,1860000@5.741e-05@3465.0,1920000@5.759e-05@4263.0,1980000@5.755e-05@6436.0,2040000@5.775e-05@31993.74706694272,2100000@5.79e-05@3168.0,2160000@5.795e-05@15733.0,2220000@5.8e-05@16259.0,2280000@5.8e-05@7517.0,2340000@5.744e-05@7907.0,2400000@5.755e-05@8222.0,2460000@5.788e-05@6541.0,2520000@5.772e-05@10352.0,2580000@5.794e-05@3856.0,2640000@5.805e-05@25572.0,2700000@5.811e-05@13273.0,2760000@5.795e-05@5094.0,2820000@5.799e-05@4782.0,2880000@5.795e-05@2056.0,2940000@5.791e-05@3803.0,3000000@5.787e-05@5973.0,3060000@5.783e-05@51220.0,3120000@5.79e-05@49710.0,3180000@5.817e-05@10229.0,3240000@5.834e-05@14441.0,3300000@5.83e-05@12837.0,3360000@5.83e-05@13781.0,3420000@5.84e-05@16088.0,3480000@5.856e-05@7447.0,3540000@5.792e-05@112527.0,3600000@5.907e-05@288851.9853968254,3660000@5.916e-05@1364.0,3720000@5.884e-05@3711.0,3780000@5.893e-05@3701.0,3840000@5.931e-05@5551.0,3900000@5.946e-05@6956.0,3960000@5.963e-05@1980.0,4020000@5.945e-05@23473.0,4080000@5.964e-05@11241.0,4140000@5.942e-05@22147.0
2018-10-23 16:10,TNT/USDT,teio,70,71,0@0.0336@0.0336,60000@0.0336@0.0336,120000@0.0336@0.0336,180000@0.0336@0.0336,240000@0.0336@0.0336,300000@0.0336@0.0336,360000@0.0336@0.0336,420000@0.0336@0.0336,480000@0.0336@0.0336,540000@0.0336@0.0336,600000@0.0336@0.0336,660000@0.0336@0.0336,720000@0.0336@0.0336,780000@0.0336@0.0336,840000@0.0336@0.0336,900000@0.0336@0.0336,960000@0.0336@0.0336,1020000@0.0336@0.0336,1080000@0.0336@0.0336,1140000@0.0336@0.0336,1200000@0.0336@0.0336,1260000@0.0336@0.0336,1320000@0.0336@0.0336,1380000@0.0336@0.0336,1440000@0.0336@0.0336,1500000@0.0336@0.0336,1560000@0.0336@0.0336,1620000@0.0336@0.0336,1680000@0.0336@0.0336,1740000@0.0336@0.0336,1800000@0.0336@0.0336,1860000@0.0336@0.0336,1920000@0.0336@0.0336,1980000@0.0336@0.0336,2040000@0.0336@0.0336,2100000@0.0336@0.0336,2160000@0.0336@0.0336,2220000@0.0336@0.0336,2280000@0.0336@0.0336,2340000@0.0336@0.0336,2400000@0.0336@0.0336,2460000@0.0336@0.0336,2520000@0.0336@0.0336,2580000@0.0336@0.0336,2640000@0.0336@0.0336,2700000@0.0336@0.0336,2760000@0.0336@0.0336,2820000@0.0336@0.0336,2880000@0.0336@0.0336,2940000@0.0336@0.0336,3000000@0.0336@0.0336,3060000@0.0336@0.0336,3120000@0.0336@0.0336,3180000@0.0336@0.0336,3240000@0.0336@0.0336,3300000@0.0336@0.0336,3360000@0.0336@0.0336,3420000@0.0336@0.0336,3480000@0.0336@0.0336,3540000@0.0336@0.0336,3600000@0.0336@0.0336,3660000@0.0336@0.0336,3720000@0.0336@0.0336,3780000@0.0336@0.0336,3840000@0.0336@0.0336,3900000@0.0336@0.0336,3960000@0.0336@0.0336,4020000@0.0336@0.0336,4080000@0.0336@0.0336,4140000@0.0336@0.0336,4200000@0.0336@0.0336
2018-10-23 16:10,TNT/BTC,uobi,70,70,0@5.0851e-06@2.0,60000@5.0893e-06@19.0,120000@5.0885e-06@239.0,180000@5.0912e-06@849.0,240000@5.0926e-06@305.0,300000@5.0881e-06@153.0,360000@5.088e-06@223.0,420000@5.0881e-06@174.0,480000@5.0885e-06@202.0,540000@5.0842e-06@123.0,600000@5.0833e-06@552.0,660000@5.0907e-06@438.0,720000@5.0881e-06@533.0,780000@5.0858e-06@268.0,840000@5.0881e-06@19.0,900000@5.0897e-06@3276.0,960000@5.0881e-06@377.0,1020000@5.0881e-06@255.0,1080000@5.0852e-06@15.0,1140000@5.0912e-06@6787.0,1200000@5.0889e-06@255.0,1260000@5.0895e-06@1212.0,1320000@5.0937e-06@1364.0,1380000@5.0861e-06@79.0,1440000@5.1003e-06@111.0,1500000@5.1012e-06@506.0,1560000@5.0885e-06@2087.0,1620000@5.0954e-06@841.0,1680000@5.0922e-06@196.0,1740000@5.0924e-06@476.0,1800000@5.0922e-06@16866.0,1860000@5.1001e-06@142.0,1920000@5.1031e-06@165.0,1980000@5.1038e-06@224.0,2040000@5.0949e-06@232.0,2100000@5.0963e-06@209.0,2160000@5.0925e-06@665.0,2220000@5.0962e-06@1632.0,2280000@5.1063e-06@518.0,2340000@5.0988e-06@534.0,2400000@5.105e-06@478.0,2460000@5.098e-06@971.0,2520000@5.1021e-06@333.0,2580000@5.104e-06@2042.0,2640000@5.1023e-06@285.0,2700000@5.1022e-06@735.0,2760000@5.101e-06@220.0,2820000@5.1064e-06@302.0,2880000@5.0988e-06@801.0,2940000@5.0944e-06@6733.0,3000000@5.0977e-06@2408.0,3060000@5.1034e-06@332.0,3120000@5.1033e-06@434.0,3180000@5.1012e-06@383.0,3240000@5.1029e-06@652.0,3300000@5.1062e-06@394.0,3360000@5.1035e-06@362.0,3420000@5.1e-06@1275.0,3480000@5.1014e-06@896.0,3540000@5.1014e-06@2270.0,3600000@5.1063e-06@262.0,3660000@5.1085e-06@4536.0,3720000@5.0983e-06@687.0,3780000@5.1011e-06@601.0,3840000@5.1e-06@488.0,3900000@5.0981e-06@2212.0,3960000@5.1076e-06@282.0,4020000@5.1073e-06@180.0,4080000@5.1091e-06@276.0,4140000@5.0981e-06@7497.0
2018-10-23 16:10,TNT/BTC,tbtc,70,70,0@5e-06@287.5,60000@5e-06@3.594,120000@5e-06@0.004,180000@5e-06@3.078,300000@5e-06@0.04,420000@5e-06@5.985,3480000@5e-06@497.299,4440000@5e-06@287.5,6600000@5e-06@287.5,10860000@5e-06@287.5,13020000@5e-06@287.5,15120000@5e-06@287.5,21000000@5e-06@450.655,21180000@5e-06@50.0,22920000@5e-06@0.09,33060000@5e-06@19999.91,34260000@5e-06@287.5,38520000@5e-06@50.0,40380000@4e-06@50.0,80760000@4e-06@500.0,82740000@5e-06@5.623,140640000@4e-06@11528.396,141120000@4e-06@18011.61,141960000@3e-06@39887.623,145140000@5e-06@1.0,150780000@4e-06@1.0,162780000@5e-06@0.222,162840000@5e-06@0.009,204060000@5e-06@0.2,241860000@4e-06@23747.543,243840000@5e-06@0.005,249120000@4e-06@0.831,249840000@5e-06@0.054,250080000@4e-06@0.054,280320000@4e-06@0.01,303780000@5e-06@65.052,316020000@4e-06@350.0,321660000@5e-06@14416.522,323400000@5e-06@0.25,323520000@5e-06@0.2,328920000@5e-06@0.104,334860000@5e-06@2.176,369720000@5e-06@1238.99,371400000@5e-06@287.5,375600000@5e-06@287.5,378720000@6e-06@0.005,385920000@5e-06@414.974,385980000@5e-06@971.411,386280000@5e-06@287.5,388380000@5e-06@287.5,390540000@5e-06@287.5,392640000@5e-06@287.5,394680000@5e-06@287.5,398880000@5e-06@287.5,408000000@4e-06@0.26,416520000@5e-06@1.05,537240000@4e-06@48.0,552480000@5e-06@2105.0,552540000@5e-06@1755.821,554520000@5e-06@287.5,556620000@5e-06@287.5,559020000@5e-06@287.5,563640000@5e-06@0.1,566340000@6e-06@0.702,566400000@6e-06@0.01,575880000@5e-06@1.24,587220000@5e-06@0.359,587820000@5e-06@0.439,587940000@5e-06@0.002,588180000@5e-06@0.01
2018-10-23 18:15,BAT/BTC,uobi,70,70,0@3.907e-05@0.0,60000@3.907e-05@12.0,120000@3.912e-05@14.0,180000@3.904e-05@6.0,240000@3.904e-05@16.0,300000@3.905e-05@12.0,360000@3.899e-05@219.0,420000@3.903e-05@12.0,480000@3.897e-05@11.0,540000@3.902e-05@2818.0,600000@3.91e-05@19.0,660000@3.903e-05@5326.0,720000@3.913e-05@10.0,780000@3.913e-05@8.0,840000@3.912e-05@13.0,900000@3.911e-05@115.0,960000@3.908e-05@652.0,1020000@3.918e-05@15.0,1080000@3.917e-05@11.0,1140000@3.916e-05@16.0,1200000@3.923e-05@10.0,1260000@3.918e-05@12.0,1320000@3.918e-05@23.0,1380000@3.909e-05@10.0,1440000@3.908e-05@8.0,1500000@3.91e-05@1505.0,1560000@3.9e-05@15.0,1620000@3.901e-05@8.0,1680000@3.903e-05@15.0,1740000@3.896e-05@9.0,1800000@3.897e-05@15.0,1860000@3.901e-05@705.0,1920000@3.897e-05@5.0,1980000@3.902e-05@11.0,2040000@3.897e-05@17.0,2100000@3.897e-05@6.0,2160000@3.896e-05@10.0,2220000@3.898e-05@9.0,2280000@3.902e-05@1938.0,2340000@3.909e-05@4869.0,2400000@3.909e-05@220.0,2460000@3.907e-05@12.0,2520000@3.913e-05@12.0,2580000@3.919e-05@15.0,2640000@3.923e-05@9.0,2700000@3.925e-05@12.0,2760000@3.93e-05@11.0,2820000@3.927e-05@10.0,2880000@3.928e-05@15.0,2940000@3.918e-05@15.0,3000000@3.919e-05@1013.0,3060000@3.932e-05@15757.0,3120000@3.938e-05@14.0,3180000@3.928e-05@20.0,3240000@3.925e-05@9.0,3300000@3.927e-05@16.0,3360000@3.927e-05@5539.0,3420000@3.91e-05@16.0,3480000@3.898e-05@14.0,3540000@3.899e-05@18.0,3600000@3.896e-05@13.0,3660000@3.901e-05@11.0,3720000@3.902e-05@14.0,3780000@3.902e-05@14.0,3840000@3.92e-05@10.0,3900000@3.922e-05@11.0,3960000@3.922e-05@10.0,4020000@3.922e-05@12.0,4080000@3.922e-05@21.0,4140000@3.922e-05@11.0
2018-10-23 23:00,DCR/BTC,coin,70,70,0@None@0.0,60000@None@0.0,120000@None@0.0,180000@None@0.0,240000@None@0.0,300000@None@0.0,360000@None@0.0,420000@None@0.0,480000@None@0.0,540000@None@0.0,600000@0.00799998@4.8124,660000@None@0.0,720000@None@0.0,780000@0.00779982@4.041,840000@0.00779983@17.4252,900000@None@0.0,960000@0.00779979@7.7722,1020000@0.00799898@34.5381,1080000@0.00799898@1.2087,1140000@None@0.0,1200000@None@0.0,1260000@None@0.0,1320000@0.00799999@1.7359,1380000@0.00799999@5.445,1440000@0.00799999@5.5919,1500000@0.00782014@13.7545,1560000@0.00782012@1.4604,1620000@0.00799999@53.9147,1680000@0.008@10.7473,1740000@None@0.0,1800000@0.00799799@1.1634,1860000@0.00799999@0.1461,1920000@0.008@1.6807,1980000@None@0.0,2040000@None@0.0,2100000@0.00806@2.0,2160000@0.00807@0.977,2220000@0.00807@0.4072,2280000@None@0.0,2340000@0.00808@1.0691,2400000@0.00807998@0.15,2460000@0.00801@18.9141,2520000@None@0.0,2580000@None@0.0,2640000@None@0.0,2700000@0.00801@1.2914,2760000@None@0.0,2820000@None@0.0,2880000@0.00801@10.3984,2940000@None@0.0,3000000@None@0.0,3060000@None@0.0,3120000@None@0.0,3180000@None@0.0,3240000@0.00782066@4.0369,3300000@0.00779979@1.5561,3360000@0.00750125@1.4672,3420000@None@0.0,3480000@0.00750183@0.4566,3540000@0.0077@4.8526,3600000@None@0.0,3660000@None@0.0,3720000@None@0.0,3780000@None@0.0,3840000@None@0.0,3900000@None@0.0,3960000@None@0.0,4020000@0.0077@4.7083,4080000@None@0.0,4140000@None@0.0
2018-10-23 23:00,DCR/USDT,teio,70,71,0@49.002@49.002,60000@49.747@49.747,120000@49.747@49.747,180000@49.747@49.747,240000@49.747@49.747,300000@49.747@49.747,360000@49.747@49.747,420000@47.279@48.801,480000@47@48.806,540000@47.004@47.004,600000@49.484@49.486,660000@49.974@49.974,720000@49.484@50.382,780000@49.484@49.484,840000@49.68@49.68,900000@50.8@50.947,960000@50.8@50.8,1020000@50.897@50.897,1080000@51.5@52,1140000@51.912@51.912,1200000@52.002@52.003,1260000@51.5@52.002,1320000@52@52,1380000@52@52,1440000@52.05@52.8,1500000@52.352@52.902,1560000@52.347@52.351,1620000@52.35@52.35,1680000@52.004@52.004,1740000@52.102@52.102,1800000@52.121@52.121,1860000@52.12@52.121,1920000@52.119@52.119,1980000@52.7@52.747,2040000@52.889@52.889,2100000@52.939@52.939,2160000@53.84@53.84,2220000@53.996@54,2280000@53.8@53.8,2340000@54@54,2400000@53.006@53.006,2460000@53.009@53.01,2520000@53.25@53.25,2580000@53.25@53.25,2640000@52.941@52.941,2700000@52.4@52.4,2760000@52.4@52.4,2820000@52.66@52.66,2880000@53.395@53.397,2940000@53.496@53.496,3000000@53.442@53.442,3060000@52.68@52.68,3120000@51.5@52.683,3180000@51.5@51.5,3240000@51.5@51.5,3300000@51.5@51.5,3360000@51.5@51.5,3420000@51.5@51.5,3480000@51.5@51.5,3540000@51.5@51.5,3600000@51.5@51.5,3660000@51.5@51.5,3720000@51.5@51.5,3780000@51.5@51.5,3840000@51.5@51.5,3900000@51.5@51.5,3960000@51.5@51.5,4020000@51.189@51.189,4080000@51.237@51.237,4140000@51.237@51.237,4200000@51.237@51.237
2018-10-23 23:00,DCR/BTC,trex,70,70,0@0.00766659@29.08664978,120000@0.007573@21.5525717,180000@0.00761837@9.60063115,240000@0.00756001@1.28058544,300000@0.007707@259.16469693,360000@0.0076@3.85914331,420000@0.0076@8.00877936,480000@0.00756@102.39607441,600000@0.00762656@5.04435711,660000@0.00756001@1.32177864,780000@0.00755001@47.35151185,840000@0.00755001@149.99170712,900000@0.00788148@835.44880727,960000@0.00779997@1114.27116596,1020000@0.00757029@261.35446199,1080000@0.00760016@477.56470892,1140000@0.00767532@280.68634572,1200000@0.00775377@518.81382892,1260000@0.00779997@48.74901407,1320000@0.00793185@245.693209,1380000@0.00815@1055.50364941,1440000@0.00815@308.55909881,1500000@0.00807387@189.71683052,1560000@0.00784583@319.27479789,1620000@0.00808831@234.13544055,1680000@0.00805005@271.78704478,1740000@0.00816199@186.95771342,1800000@0.00813@449.80250975,1860000@0.00810005@94.96317467,1920000@0.0080143@12.43588787,1980000@0.00801847@268.93306239,2040000@0.00807847@189.37228465,2100000@0.00800007@16.31117686,2160000@0.0080699@41.18333327,2220000@0.00800087@295.97831291,2280000@0.008125@383.60630362,2340000@0.00813179@194.71419814,2400000@0.00818893@71.83926383,2460000@0.00825@505.06018341,2520000@0.00812024@1260.54160767,2580000@0.00817@119.80389482,2640000@0.00815@86.37273211,2700000@0.0082@146.32750129,2760000@0.00813051@129.59865984,2820000@0.00813068@48.24025197,2880000@0.00813074@0.39371887,2940000@0.00813084@62.59959853,3000000@0.00813005@167.24881176,3060000@0.00812065@137.73312769,3120000@0.00812105@146.66044312,3180000@0.00813005@58.70078757,3240000@0.00808779@91.22295604,3300000@0.00800642@21.04543219,3360000@0.007961@244.98800386,3420000@0.00792644@50.68144662,3480000@0.00793682@56.70755128,3540000@0.00785304@102.91809669,3600000@0.00771@301.29120201,3660000@0.00769@74.26976818,3720000@0.00769@145.31075884,3780000@0.00769@275.5489726,3840000@0.00770891@74.38085623,3900000@0.00767094@93.78,3960000@0.00767059@68.69210941,4020000@0.00760021@200.40968013,4080000@0.0076@176.63243882,4140000@0.00760021@0.13157531,4200000@0.00766033@741.96559338,4260000@0.00764506@61.43146673,4320000@0.0078239@69.39415838
2018-10-23 23:00,DCR/BTC,uobi,70,70,0@0.007744@0.0013,60000@0.007735@73.8959,120000@0.007793@18.3805,180000@0.00789@107.0122,240000@0.00779@59.3315,300000@0.007609@72.95167713122291,360000@0.007579@4.5109,420000@0.007586@7.6097,480000@0.007621@21.7613,540000@0.007618@86.2717,600000@0.007634@10.7302,660000@0.007686@8.9511,720000@0.007701@81.8789,780000@0.007651@281.0009,840000@0.007667@135.1525,900000@0.007751@144.9723,960000@0.007841@38.0092,1020000@0.007846@23.8175,1080000@0.007889@52.6124,1140000@0.00795@58.0145,1200000@0.007951@1.1709,1260000@0.007951@61.277,1320000@0.007951@19.114,1380000@0.007931@65.2056,1440000@0.008001@174.7314,1500000@0.00802@41.2348,1560000@0.008005@152.4488,1620000@0.008003@1.2662,1680000@0.008037@14.205,1740000@0.00803@12.0247,1800000@0.008085@18.4061,1860000@0.008081@0.128,1920000@0.008048@71.446,1980000@0.008076@32.36267525595164,2040000@0.008107@185.8022,2100000@0.008066@74.4109,2160000@0.008043@1.6065,2220000@0.008038@231.7636,2280000@0.007938@138.7771,2340000@0.007919@32.0414,2400000@0.007894@29.8576,2460000@0.007889@178.7044,2520000@0.007892@143.0974,2580000@0.007841@16.6293,2640000@0.007857@61.8007,2700000@0.007911@95.0171,2760000@0.007929@96.3477,2820000@0.0078@129.3733,2880000@0.007832@219.1184,2940000@0.007819@324.8345,3000000@0.007878@366.9049300113536,3060000@0.00789@155.9924,3120000@0.007841@2113.4321,3180000@0.007809@606.0759,3240000@0.00776@32.21651245960967,3300000@0.007718@21.56448754039033,3360000@0.007693@253.2865,3420000@0.007626@318.8445,3480000@0.00762@121.1919,3540000@0.00762@1746.2055,3600000@0.007802@922.565,3660000@0.007553@11.9622,3720000@0.007522@28.1031,3780000@0.007539@27.32,3840000@0.007578@1.3334,3900000@0.007584@22.333643773683523,3960000@0.007547@0.2676,4020000@0.007565@227.4974,4080000@0.007575@105.2719,4140000@0.007625@12.009939672131148
2018-10-25 10:52,DOGE/USDT,teio,70,71,0@0.003743@0.003753,60000@0.003743@0.003743,120000@0.003743@0.003748,180000@0.003748@0.003748,240000@0.003747@0.003748,300000@0.003742@0.003747,360000@0.003736@0.003741,420000@0.003735@0.003736,480000@0.003735@0.00374,540000@0.003734@0.003734,600000@0.003734@0.003735,660000@0.003735@0.003738,720000@0.003742@0.003742,780000@0.003741@0.003743,840000@0.003743@0.003744,900000@0.003744@0.003744,960000@0.003741@0.003744,1020000@0.003741@0.003744,1080000@0.003741@0.003741,1140000@0.003742@0.003742,1200000@0.003742@0.003742,1260000@0.003742@0.003742,1320000@0.003742@0.003742,1380000@0.003742@0.003742,1440000@0.003742@0.003742,1500000@0.003742@0.003743,1560000@0.003743@0.003743,1620000@0.003744@0.003745,1680000@0.003744@0.003745,1740000@0.003742@0.003744,1800000@0.003742@0.003742,1860000@0.003742@0.003742,1920000@0.003741@0.003742,1980000@0.003741@0.003741,2040000@0.00374@0.003741,2100000@0.003741@0.003741,2160000@0.003741@0.003741,2220000@0.00374@0.003741,2280000@0.00374@0.003741,2340000@0.00374@0.00374,2400000@0.003739@0.003739,2460000@0.003739@0.00374,2520000@0.003739@0.003739,2580000@0.003739@0.003739,2640000@0.003742@0.003742,2700000@0.003743@0.003743,2760000@0.003742@0.003742,2820000@0.003742@0.003743,2880000@0.003742@0.003742,2940000@0.003739@0.003739,3000000@0.003739@0.003739,3060000@0.003738@0.003738,3120000@0.003735@0.003742,3180000@0.003736@0.003738,3240000@0.003736@0.003736,3300000@0.003738@0.003742,3360000@0.003742@0.003742,3420000@0.003742@0.003742,3480000@0.003742@0.003742,3540000@0.003736@0.003736,3600000@0.003742@0.003742,3660000@0.003742@0.003742,3720000@0.003742@0.003742,3780000@0.003738@0.003738,3840000@0.003735@0.003736,3900000@0.003735@0.003735,3960000@0.003732@0.003735,4020000@0.003735@0.003735,4080000@0.003737@0.003737,4140000@0.003737@0.003737,4200000@0.003737@0.003737
2018-10-25 10:52,ZRX/USDT,teio,70,71,0@0.8564@0.8564,60000@0.8555@0.8555,120000@0.8555@0.8555,180000@0.8564@0.8564,240000@0.8555@0.8564,300000@0.8564@0.8564,360000@0.8564@0.8564,420000@0.8555@0.8564,480000@0.8555@0.8555,540000@0.8555@0.8555,600000@0.8555@0.8555,660000@0.8555@0.8555,720000@0.8555@0.8555,780000@0.8555@0.8555,840000@0.8543@0.8543,900000@0.8543@0.8543,960000@0.8543@0.8543,1020000@0.8543@0.8543,1080000@0.8543@0.8543,1140000@0.8543@0.8543,1200000@0.8543@0.8543,1260000@0.8543@0.8543,1320000@0.8543@0.8543,1380000@0.8543@0.8543,1440000@0.8543@0.8543,1500000@0.8543@0.8543,1560000@0.8543@0.8543,1620000@0.8543@0.8543,1680000@0.8543@0.8543,1740000@0.8543@0.8543,1800000@0.8543@0.8543,1860000@0.8543@0.8543,1920000@0.8536@0.8536,1980000@0.8536@0.8536,2040000@0.8536@0.8536,2100000@0.8536@0.8536,2160000@0.8536@0.8536,2220000@0.8536@0.8536,2280000@0.8536@0.8536,2340000@0.8536@0.8536,2400000@0.8536@0.8536,2460000@0.8536@0.8536,2520000@0.8536@0.8536,2580000@0.8536@0.8536,2640000@0.8536@0.8536,2700000@0.8536@0.8536,2760000@0.8536@0.8536,2820000@0.8535@0.8535,2880000@0.8535@0.8535,2940000@0.8535@0.8535,3000000@0.8535@0.8535,3060000@0.8535@0.8535,3120000@0.8535@0.8535,3180000@0.8535@0.8535,3240000@0.8535@0.8535,3300000@0.8535@0.8535,3360000@0.8535@0.8535,3420000@0.8535@0.8535,3480000@0.8535@0.8535,3540000@0.8535@0.8535,3600000@0.8535@0.8535,3660000@0.8535@0.8535,3720000@0.8535@0.8535,3780000@0.8535@0.8535,3840000@0.8535@0.8535,3900000@0.8535@0.8535,3960000@0.8535@0.8535,4020000@0.8535@0.8535,4080000@0.8535@0.8535,4140000@0.851@0.851,4200000@0.851@0.851
2018-10-25 10:52,BAT/USDT,teio,70,71,0@0.2762@0.2762,60000@0.2762@0.2762,120000@0.2762@0.2762,180000@0.2762@0.2762,240000@0.2762@0.2762,300000@0.2762@0.2762,360000@0.2762@0.2762,420000@0.2762@0.2762,480000@0.2762@0.2762,540000@0.2762@0.2762,600000@0.2762@0.2762,660000@0.2762@0.2762,720000@0.2762@0.2762,780000@0.2762@0.2762,840000@0.2762@0.2762,900000@0.2762@0.2762,960000@0.2762@0.2762,1020000@0.2762@0.2762,1080000@0.2762@0.2762,1140000@0.2762@0.2762,1200000@0.2762@0.2762,1260000@0.2762@0.2762,1320000@0.2762@0.2762,1380000@0.2762@0.2762,1440000@0.2762@0.2762,1500000@0.2762@0.2762,1560000@0.2762@0.2762,1620000@0.2762@0.2762,1680000@0.2762@0.2762,1740000@0.2762@0.2762,1800000@0.2762@0.2762,1860000@0.2762@0.2762,1920000@0.2762@0.2762,1980000@0.2762@0.2762,2040000@0.2762@0.2762,2100000@0.2762@0.2762,2160000@0.2762@0.2762,2220000@0.2762@0.2762,2280000@0.2762@0.2762,2340000@0.2762@0.2762,2400000@0.2762@0.2762,2460000@0.2762@0.2762,2520000@0.2762@0.2762,2580000@0.2762@0.2762,2640000@0.2762@0.2762,2700000@0.2762@0.2762,2760000@0.2762@0.2762,2820000@0.2762@0.2762,2880000@0.2762@0.2762,2940000@0.2762@0.2762,3000000@0.2762@0.2762,3060000@0.2762@0.2762,3120000@0.2762@0.2762,3180000@0.2762@0.2762,3240000@0.2762@0.2762,3300000@0.2762@0.2762,3360000@0.2762@0.2762,3420000@0.2762@0.2762,3480000@0.2762@0.2762,3540000@0.2762@0.2762,3600000@0.2762@0.2762,3660000@0.2762@0.2762,3720000@0.2762@0.2762,3780000@0.2739@0.2739,3840000@0.2739@0.2739,3900000@0.2739@0.2739,3960000@0.2739@0.2739,4020000@0.2739@0.2739,4080000@0.2739@0.2739,4140000@0.2739@0.2739,4200000@0.2739@0.2739
2018-10-25 10:52,DOGE/BTC,trex,70,70,0@5.8e-07@79897.27432828,60000@5.7e-07@4440.0,120000@5.8e-07@23333.76472611,180000@5.8e-07@1719.82758621,240000@5.7e-07@9983.64739487,300000@5.8e-07@53984.14953994,360000@5.8e-07@438176.30724439,420000@5.8e-07@588034.86633621,480000@5.7e-07@22389.493716,540000@5.8e-07@43015.10018058,600000@5.7e-07@1547.34683097,660000@5.7e-07@900.0,720000@5.8e-07@352000.0,780000@5.8e-07@3658.40123774,840000@5.8e-07@13843.10344828,960000@5.8e-07@1719.84478448,1020000@5.8e-07@9449.72512938,1080000@5.8e-07@143444.24923276,1140000@5.8e-07@859913.79310345,1200000@5.8e-07@1262.81780172,1260000@5.8e-07@30000.0,1320000@5.7e-07@44449.4899569,1380000@5.8e-07@13324.93733109,1440000@5.8e-07@18555.989337,1620000@5.7e-07@59882.74662425,1680000@5.7e-07@12000.0,1740000@5.7e-07@4694.0,1800000@5.7e-07@2184960.74125,1860000@5.7e-07@5000.0,1980000@5.7e-07@1859.12315217,2040000@5.8e-07@4102.71689198,2220000@5.8e-07@4421.0,2280000@5.8e-07@7385.415282,2400000@5.7e-07@8000.0,2460000@5.7e-07@65920.48863348,2520000@5.7e-07@16657.9,2700000@5.8e-07@328085.51952214,2760000@5.7e-07@17564.07302421,2820000@5.8e-07@1298.65900861,3000000@5.7e-07@79346.59090909,3060000@5.7e-07@11444.521533,3360000@5.7e-07@124666.72097926,3480000@5.8e-07@131326.15014188,3540000@5.8e-07@2503.81355172,3600000@5.8e-07@7796.49439655,3660000@5.7e-07@43086.02735811,3720000@5.7e-07@457577.98945259,3840000@5.8e-07@147700.451668,3900000@5.8e-07@14142.7115481,3960000@5.8e-07@12611.52793661,4080000@5.8e-07@12966.677795,4260000@5.7e-07@153265.06752828,4260000@5.7e-07@153265.06752828,4260000@5.7e-07@153265.06752828,4260000@5.7e-07@153265.06752828,4260000@5.7e-07@153265.06752828,4260000@5.7e-07@153265.06752828,4260000@5.7e-07@153265.06752828,4260000@5.7e-07@153265.06752828,4260000@5.7e-07@153265.06752828,4260000@5.7e-07@153265.06752828,4260000@5.7e-07@153265.06752828,4260000@5.7e-07@153265.06752828,4260000@5.7e-07@153265.06752828,4260000@5.7e-07@153265.06752828,4260000@5.7e-07@153265.06752828,4260000@5.7e-07@153265.06752828,4260000@5.7e-07@153265.06752828,4260000@5.7e-07@153265.06752828,4260000@5.7e-07@153265.06752828
2018-10-25 10:52,DOGE/BTC,tbtc,70,70,0@5.78e-07@18000.0,180000@5.77e-07@9000.0,240000@5.77e-07@2000.0,300000@5.79e-07@842000.0,360000@5.77e-07@2000.0,420000@5.77e-07@10000.0,480000@5.74e-07@36000.0,660000@5.77e-07@1000.0,1200000@5.73e-07@141000.0,1260000@5.75e-07@166000.0,1380000@5.75e-07@35000.0,1440000@5.73e-07@290000.0,1500000@5.73e-07@171000.0,1620000@5.72e-07@500000.0,1680000@5.75e-07@11000.0,1800000@5.71e-07@213000.0,1860000@5.72e-07@51000.0,1980000@5.7e-07@32000.0,2040000@5.7e-07@54000.0,2160000@5.7e-07@45000.0,2220000@5.7e-07@5000.0,2280000@5.68e-07@44000.0,2340000@5.66e-07@24000.0,2400000@5.66e-07@29000.0,2460000@5.65e-07@49000.0,2580000@5.67e-07@323000.0,2640000@5.66e-07@794000.0,2700000@5.63e-07@31000.0,2940000@5.65e-07@27000.0,3000000@5.68e-07@127000.0,3180000@5.7e-07@1434000.0,3480000@5.7e-07@42000.0,3780000@5.7e-07@81000.0,3960000@5.72e-07@40000.0,4020000@5.72e-07@20000.0,4140000@5.76e-07@85000.0,4320000@5.78e-07@177000.0,4500000@5.79e-07@34000.0,4560000@5.79e-07@28000.0,4680000@5.77e-07@54000.0,4740000@5.74e-07@326000.0,5280000@5.73e-07@277000.0,5460000@5.75e-07@10000.0,5640000@5.75e-07@9000.0,5880000@5.76e-07@1000.0,6000000@5.76e-07@1000.0,6120000@5.74e-07@11000.0,6240000@5.74e-07@162000.0,6360000@5.74e-07@7000.0,6600000@5.74e-07@43000.0,6660000@5.73e-07@10000.0,6720000@5.71e-07@26000.0,6840000@5.72e-07@33000.0,6900000@5.73e-07@172000.0,7620000@5.73e-07@3000.0,7680000@5.73e-07@11000.0,7740000@5.71e-07@75000.0,8040000@5.72e-07@1000.0,8100000@5.71e-07@7000.0,8160000@5.71e-07@157000.0,8460000@5.71e-07@19000.0,8640000@5.73e-07@143000.0,8700000@5.74e-07@9000.0,8760000@5.75e-07@30000.0,9000000@5.72e-07@19000.0,9120000@5.75e-07@8000.0,9300000@5.75e-07@3000.0,9360000@5.73e-07@87000.0,9720000@5.73e-07@7000.0,9780000@5.73e-07@4000.0
2018-10-25 10:52,BAT/BTC,tbtc,70,70,0@4.131e-05@1000.0,300000@4.101e-05@4000.0,420000@4.116e-05@11500.0,480000@4.131e-05@6800.0,540000@4.115e-05@2200.0,600000@4.115e-05@2800.0,720000@4.115e-05@400.0,780000@4.117e-05@8700.0,840000@4.13e-05@1100.0,900000@4.115e-05@14500.0,960000@4.115e-05@600.0,1020000@4.153e-05@22800.0,1080000@4.132e-05@82600.0,1140000@4.132e-05@20600.0,1200000@4.131e-05@4900.0,1260000@4.132e-05@5600.0,1320000@4.137e-05@5000.0,1440000@4.137e-05@500.0,1500000@4.138e-05@33100.0,1560000@4.138e-05@500.0,1620000@4.133e-05@9500.0,1680000@4.125e-05@140400.0,1740000@4.125e-05@6300.0,1800000@4.131e-05@4300.0,1980000@4.104e-05@9100.0,2040000@4.118e-05@56100.0,2100000@4.117e-05@1200.0,2220000@4.117e-05@4800.0,2280000@4.117e-05@1000.0,2400000@4.124e-05@9200.0,2460000@4.131e-05@39300.0,2520000@4.119e-05@1500.0,2760000@4.119e-05@400.0,2820000@4.137e-05@15900.0,2940000@4.141e-05@800.0,3000000@4.144e-05@1600.0,3060000@4.144e-05@1800.0,3120000@4.144e-05@500.0,3180000@4.155e-05@8900.0,3240000@4.16e-05@9200.0,3300000@4.159e-05@3200.0,3360000@4.16e-05@600.0,4620000@4.141e-05@500.0,4680000@4.15e-05@4200.0,4800000@4.145e-05@1700.0,4860000@4.145e-05@600.0,4920000@4.149e-05@600.0,5340000@4.15e-05@600.0,5520000@4.15e-05@100.0,5640000@4.15e-05@300.0,5760000@4.16e-05@600.0,6060000@4.16e-05@800.0,6120000@4.16e-05@700.0,6240000@4.16e-05@1500.0,6300000@4.16e-05@700.0,6840000@4.16e-05@8700.0,6960000@4.16e-05@800.0,7020000@4.16e-05@800.0,7500000@4.16e-05@1900.0,7560000@4.16e-05@1600.0,7620000@4.16e-05@3200.0,7680000@4.16e-05@4200.0,7740000@4.16e-05@1600.0,8160000@4.16e-05@1100.0,8520000@4.16e-05@700.0,8580000@4.16e-05@700.0,8640000@4.16e-05@1300.0,8700000@4.16e-05@1400.0,9180000@4.16e-05@1200.0,9480000@4.16e-05@300.0
2018-10-25 10:52,BAT/BTC,uobi,70,70,0@4.178e-05@5.0,60000@4.178e-05@12.0,120000@4.179e-05@9.0,180000@4.18e-05@13.0,240000@4.18e-05@9.0,300000@4.178e-05@10.0,360000@4.182e-05@10.0,420000@4.179e-05@8.0,480000@4.181e-05@12.0,540000@4.182e-05@11.0,600000@4.18e-05@13.0,660000@4.18e-05@12.0,720000@4.18e-05@15.0,780000@4.183e-05@14.0,840000@4.185e-05@12.0,900000@4.188e-05@12.0,960000@4.185e-05@10.0,1020000@4.188e-05@14.0,1080000@4.187e-05@9.0,1140000@4.18e-05@204.0,1200000@4.184e-05@11.0,1260000@4.184e-05@11.0,1320000@4.184e-05@11.0,1380000@4.182e-05@13.0,1440000@4.185e-05@38.0,1500000@4.185e-05@11.0,1560000@4.186e-05@14.0,1620000@4.186e-05@11.0,1680000@4.189e-05@14.0,1740000@4.197e-05@9.0,1800000@4.188e-05@8.0,1860000@4.187e-05@11.0,1920000@4.187e-05@13.0,1980000@4.189e-05@18.0,2040000@4.189e-05@12.0,2100000@4.197e-05@11.0,2160000@4.201e-05@11.0,2220000@4.198e-05@13.0,2280000@4.2e-05@8.0,2340000@4.198e-05@518.0,2400000@4.199e-05@11.0,2460000@4.203e-05@8.0,2520000@4.205e-05@11.0,2580000@4.2e-05@177.0,2640000@4.197e-05@14.0,2700000@4.196e-05@13.0,2760000@4.2e-05@14.0,2820000@4.198e-05@23.0,2880000@4.197e-05@556.0,2940000@4.2e-05@9.0,3000000@4.2e-05@12.0,3060000@4.2e-05@10.0,3120000@4.199e-05@10.0,3180000@4.2e-05@155.0,3240000@4.198e-05@10.0,3300000@4.198e-05@12.0,3360000@4.197e-05@12.0,3420000@4.203e-05@7.0,3480000@4.206e-05@12.0,3540000@4.204e-05@12.0,3600000@4.207e-05@612.0,3660000@4.206e-05@1154.0,3720000@4.206e-05@9.0,3780000@4.204e-05@609.0,3840000@4.206e-05@13.0,3900000@4.203e-05@16.0,3960000@4.203e-05@10.0,4020000@4.2e-05@12.0,4080000@4.206e-05@8.0,4140000@4.203e-05@389.0
2018-10-25 10:52,ZRX/BTC,coin,70,70,0@None@0.0,60000@None@0.0,120000@None@0.0,180000@None@0.0,240000@None@0.0,300000@None@0.0,360000@None@0.0,420000@None@0.0,480000@None@0.0,540000@None@0.0,600000@None@0.0,660000@None@0.0,720000@0.00013117@2.6906,780000@None@0.0,840000@None@0.0,900000@None@0.0,960000@None@0.0,1020000@None@0.0,1080000@0.00013065@5.1297,1140000@None@0.0,1200000@None@0.0,1260000@None@0.0,1320000@None@0.0,1380000@None@0.0,1440000@None@0.0,1500000@None@0.0,1560000@None@0.0,1620000@None@0.0,1680000@None@0.0,1740000@None@0.0,1800000@None@0.0,1860000@None@0.0,1920000@None@0.0,1980000@None@0.0,2040000@None@0.0,2100000@None@0.0,2160000@None@0.0,2220000@0.00013065@4.4974,2280000@None@0.0,2340000@None@0.0,2400000@None@0.0,2460000@None@0.0,2520000@None@0.0,2580000@None@0.0,2640000@0.00013065@17.2659,2700000@None@0.0,2760000@None@0.0,2820000@None@0.0,2880000@None@0.0,2940000@0.00013@11.801,3000000@0.00012937@2.186,3060000@None@0.0,3120000@None@0.0,3180000@0.00012937@93.0878,3240000@None@0.0,3300000@None@0.0,3360000@None@0.0,3420000@None@0.0,3480000@None@0.0,3540000@None@0.0,3600000@None@0.0,3660000@None@0.0,3720000@None@0.0,3780000@None@0.0,3840000@None@0.0,3900000@None@0.0,3960000@None@0.0,4020000@None@0.0,4080000@None@0.0,4140000@None@0.0
2018-10-25 10:52,ZRX/BTC,tbtc,70,70,0@0.00013@28.0,300000@0.00013@188.0,420000@0.000129@912.894,1620000@0.000129@264.809,1740000@0.00013@0.06,1800000@0.000129@27.0,1980000@0.000129@12.0,2520000@0.00013@10873.872,3060000@0.00013@182.252,3180000@0.00013@22.748,3660000@0.00013@0.05,4260000@0.000129@2300.0,4500000@0.000131@1604.391,4560000@0.000131@68.702,4860000@0.000129@526.287,5220000@0.00013@13.73,5280000@0.00013@3.36,5940000@0.000131@152.671,6120000@0.00013@68.0,6360000@0.00013@102.249,6720000@0.000131@10.206,7140000@0.00013@696.0,7680000@0.00013@188.0,8580000@0.000131@101.366,9120000@0.00013@17.0,9240000@0.00013@0.79,9360000@0.00013@296.0,9480000@0.00013@513.75,9600000@0.00013@0.19,9720000@0.00013@5.265,11520000@0.00013@138.461,12360000@0.00013@2.908,13920000@0.00013@55.0,13980000@0.00013@5.0,14280000@0.000129@112.64,15000000@0.000129@1036.529,15300000@0.000129@301.044,16920000@0.00013@38.653,17580000@0.00013@1276.521,18000000@0.00013@112.414,18840000@0.000131@100.0,19260000@0.00013@158.27,19380000@0.00013@167.0,20400000@0.00013@126.0,21120000@0.000131@4.816,21300000@0.00013@135.659,23940000@0.00013@10.945,25080000@0.00013@437.935,25560000@0.00013@128.0,28320000@0.000131@1245.704,28380000@0.000131@4.186,29280000@0.000131@1381.744,29520000@0.000131@505.793,29700000@0.000131@214.532,32220000@0.000132@11.818,32280000@0.000132@322.174,34140000@0.000131@11.89,34320000@0.000131@188.935,34500000@0.000131@113.415,34620000@0.000132@0.142,34800000@0.000132@2.523,34980000@0.000131@341.729,35280000@0.000131@6.497,35460000@0.00013@1.32,35580000@0.00013@163.0,35640000@0.00013@37.0,36240000@0.00013@188.0,37380000@0.00013@31.49,37440000@0.00013@420.0,37500000@0.00013@0.142
2018-10-25 10:52,RVN/BTC,trex,70,70,0@8.12e-06@96670.32137412,60000@8.13e-06@34361.40775801,120000@8.15e-06@62569.32886214,180000@8.17e-06@33765.1708174,240000@8.11e-06@40671.25540041,300000@8.1e-06@12112.90577411,360000@8.18e-06@962.94835468,420000@8.18e-06@15691.85723467,480000@8.13e-06@19508.14449153,540000@8.13e-06@25402.03746649,600000@8.1e-06@46145.57556952,660000@8.08e-06@30438.0,720000@8.08e-06@17088.18334416,780000@8.2e-06@17700.9686061,840000@8.15e-06@4217.81900238,900000@8.18e-06@36565.67662744,960000@8.1e-06@68488.17851243,1020000@8.11e-06@2531.7244,1080000@8.15e-06@9173.8728681,1140000@8.16e-06@35299.67260345,1200000@8.11e-06@31763.69865059,1260000@8.11e-06@17829.37,1320000@8.11e-06@27833.41999999,1380000@8.11e-06@10640.87378071,1440000@8.11e-06@322.03596787,1500000@8.16e-06@22570.11769614,1560000@8.16e-06@28429.34907109,1620000@8.17e-06@2036.2927,1680000@8.17e-06@3926.0,1740000@8.17e-06@14060.49700968,1860000@8.07e-06@195857.05822232,1920000@8.05e-06@109750.35066111,1980000@8e-06@208263.7353067,2040000@7.99e-06@42180.11327906,2100000@8e-06@23040.54084123,2160000@7.91e-06@95178.82952084,2220000@7.94e-06@17808.45923141,2280000@7.98e-06@28964.03974016,2340000@8.05e-06@28897.90437309,2400000@8.1e-06@380.0,2460000@8.05e-06@41537.04358487,2520000@8.11e-06@161818.44813006,2580000@8.06e-06@29149.802472,2640000@8.06e-06@28437.54307071,2700000@8.04e-06@44572.85169984,2760000@7.97e-06@29925.76662178,2820000@7.99e-06@26645.25717817,2880000@7.99e-06@5909.01846508,2940000@8e-06@100.9369,3000000@8.02e-06@1391.03952672,3060000@8.02e-06@237.4246,3120000@8.03e-06@60.58312927,3180000@8.05e-06@5740.02135263,3240000@8.02e-06@101675.77538901,3300000@8.01e-06@97.06446702,3360000@8.09e-06@23344.68017005,3420000@8.09e-06@26722.61329144,3480000@8.11e-06@14555.38431563,3540000@8.17e-06@139055.20551015,3600000@8.14e-06@82.2923,3660000@8.26e-06@217380.18775288,3720000@8.29e-06@88755.12197226,3780000@8.19e-06@67259.72074513,3840000@8.18e-06@19111.35490396,3900000@8.3e-06@120822.66781993,3960000@8.17e-06@21896.17900361,4020000@8.2e-06@50923.35486816,4080000@8.2e-06@267617.86506897,4140000@8.2e-06@29506.66524613,4200000@8.21e-06@64055.53196847
2018-10-25 10:52,ZRX/BTC,trex,70,70,0@0.0001313@23.45322684,240000@0.00013101@22.06619761,360000@0.00013073@228.2562625,480000@0.0001311@117.55273489,720000@0.00013107@5.42998123,1020000@0.00013074@120.0,1080000@0.00013074@449.60948197,1140000@0.00013101@762.70832881,1200000@0.00013076@2000.0,1260000@0.00013101@73.8675,1320000@0.00013076@54.82760259,1440000@0.00013076@176.8,1500000@0.00013076@22.06619761,1860000@0.00013075@10.48218029,2340000@0.00013075@806.0,2580000@0.00013074@750.0,2760000@0.00013074@127.95522485,2820000@0.00013062@578.0,2880000@0.00013051@409.68631998,3360000@0.00012999@1000.0,3960000@0.00012999@317.42280722,4020000@0.00012952@13498.66886666,4020000@0.00012952@13498.66886666,4020000@0.00012952@13498.66886666,4020000@0.00012952@13498.66886666,4020000@0.00012952@13498.66886666,4020000@0.00012952@13498.66886666,4020000@0.00012952@13498.66886666,4020000@0.00012952@13498.66886666,4020000@0.00012952@13498.66886666,4020000@0.00012952@13498.66886666,4020000@0.00012952@13498.66886666,4020000@0.00012952@13498.66886666,4020000@0.00012952@13498.66886666,4020000@0.00012952@13498.66886666,4020000@0.00012952@13498.66886666,4020000@0.00012952@13498.66886666,4020000@0.00012952@13498.66886666,4020000@0.00012952@13498.66886666,4020000@0.00012952@13498.66886666,4020000@0.00012952@13498.66886666,4020000@0.00012952@13498.66886666,4020000@0.00012952@13498.66886666,4020000@0.00012952@13498.66886666,4020000@0.00012952@13498.66886666,4020000@0.00012952@13498.66886666,4020000@0.00012952@13498.66886666,4020000@0.00012952@13498.66886666,4020000@0.00012952@13498.66886666,4020000@0.00012952@13498.66886666,4020000@0.00012952@13498.66886666,4020000@0.00012952@13498.66886666,4020000@0.00012952@13498.66886666,4020000@0.00012952@13498.66886666,4020000@0.00012952@13498.66886666,4020000@0.00012952@13498.66886666,4020000@0.00012952@13498.66886666,4020000@0.00012952@13498.66886666,4020000@0.00012952@13498.66886666,4020000@0.00012952@13498.66886666,4020000@0.00012952@13498.66886666,4020000@0.00012952@13498.66886666,4020000@0.00012952@13498.66886666,4020000@0.00012952@13498.66886666,4020000@0.00012952@13498.66886666,4020000@0.00012952@13498.66886666,4020000@0.00012952@13498.66886666,4020000@0.00012952@13498.66886666,4020000@0.00012952@13498.66886666,4020000@0.00012952@13498.66886666
2018-10-25 10:52,BAT/BTC,trex,70,70,0@4.195e-05@991.2,300000@4.183e-05@1408.23529412,360000@4.183e-05@542.33908461,660000@4.192e-05@7727.90660647,780000@4.192e-05@46.16159105,1200000@4.18e-05@2485.63755746,1320000@4.18e-05@14822.65211993,1620000@4.216e-05@542.90644851,1680000@4.216e-05@119.78178368,2040000@4.217e-05@12.13432367,2100000@4.216e-05@201.68470714,2580000@4.185e-05@18.00407478,2700000@4.201e-05@28.01073077,2880000@4.201e-05@13.14202094,3120000@4.169e-05@9005.92289207,3180000@4.17e-05@240.28004101,3300000@4.17e-05@2000.0,3360000@4.202e-05@1189.90956687,3480000@4.17e-05@250.0,3780000@4.2e-05@256.0,3780000@4.2e-05@256.0,3780000@4.2e-05@256.0,3780000@4.2e-05@256.0,3780000@4.2e-05@256.0,3780000@4.2e-05@256.0,3780000@4.2e-05@256.0,3780000@4.2e-05@256.0,3780000@4.2e-05@256.0,3780000@4.2e-05@256.0,3780000@4.2e-05@256.0,3780000@4.2e-05@256.0,3780000@4.2e-05@256.0,3780000@4.2e-05@256.0,3780000@4.2e-05@256.0,3780000@4.2e-05@256.0,3780000@4.2e-05@256.0,3780000@4.2e-05@256.0,3780000@4.2e-05@256.0,3780000@4.2e-05@256.0,3780000@4.2e-05@256.0,3780000@4.2e-05@256.0,3780000@4.2e-05@256.0,3780000@4.2e-05@256.0,3780000@4.2e-05@256.0,3780000@4.2e-05@256.0,3780000@4.2e-05@256.0,3780000@4.2e-05@256.0,3780000@4.2e-05@256.0,3780000@4.2e-05@256.0,3780000@4.2e-05@256.0,3780000@4.2e-05@256.0,3780000@4.2e-05@256.0,3780000@4.2e-05@256.0,3780000@4.2e-05@256.0,3780000@4.2e-05@256.0,3780000@4.2e-05@256.0,3780000@4.2e-05@256.0,3780000@4.2e-05@256.0,3780000@4.2e-05@256.0,3780000@4.2e-05@256.0,3780000@4.2e-05@256.0,3780000@4.2e-05@256.0,3780000@4.2e-05@256.0,3780000@4.2e-05@256.0,3780000@4.2e-05@256.0,3780000@4.2e-05@256.0,3780000@4.2e-05@256.0,3780000@4.2e-05@256.0,3780000@4.2e-05@256.0,3780000@4.2e-05@256.0
2018-10-25 10:52,ZRX/BTC,uobi,70,70,0@0.00012998@14.34,60000@0.00012997@23.82,120000@0.00012999@27.7,180000@0.00013003@22.34,240000@0.00013022@973.19,300000@0.00013034@34.18,360000@0.00013025@29.27,420000@0.00013027@31.77,480000@0.00013016@25.84,540000@0.00013016@34.2,600000@0.00013008@29.53,660000@0.00013009@40.91,720000@0.00013008@34.47,780000@0.00013007@26.53,840000@0.00013014@22.75,900000@0.00013018@23.92,960000@0.00013012@29.86,1020000@0.00013011@29.21,1080000@0.00013006@26.55,1140000@0.00013@25.54,1200000@0.00013@27.98,1260000@0.00013@35.25,1320000@0.00013014@24.57,1380000@0.00013022@25.6,1440000@0.00013037@20.15,1500000@0.0001305@21.76,1560000@0.00013057@25.09,1620000@0.00013056@29.35,1680000@0.00013059@24.28,1740000@0.00013059@23.68,1800000@0.00013065@31.26,1860000@0.00013078@23.15,1920000@0.00013078@26.23,1980000@0.0001308@18.65,2040000@0.00013088@28.42,2100000@0.00013093@35.48,2160000@0.00013094@24.35,2220000@0.00013089@35.55,2280000@0.00013089@24.81,2340000@0.00013093@25.34,2400000@0.00013085@28.8,2460000@0.00013102@30.97,2520000@0.00013093@29.05,2580000@0.00013098@29.81,2640000@0.00013094@35.58,2700000@0.00013101@23.73,2760000@0.00013102@24.67,2820000@0.00013103@2116.66,2880000@0.00013115@29.21,2940000@0.00013122@25.84,3000000@0.00013118@27.36,3060000@0.00013119@27.0,3120000@0.00013114@28.44,3180000@0.00013107@1756.03,3240000@0.00013123@1679.05,3300000@0.00013122@1268.76,3360000@0.00013104@20.65,3420000@0.00013109@25.46,3480000@0.00013111@23.94,3540000@0.00013111@24.9,3600000@0.00013119@28.75,3660000@0.00013125@20.3,3720000@0.00013119@30.66,3780000@0.00013117@29.87,3840000@0.00013118@18.48,3900000@0.00013125@25.13,3960000@0.00013119@26.98,4020000@0.00013123@27.68,4080000@0.00013119@23.6,4140000@0.00013121@294.45
2018-10-25 23:15,USDC/BTC,coin,70,70,0@None@0.0,60000@None@0.0,120000@None@0.0,180000@None@0.0,240000@None@0.0,300000@None@0.0,360000@None@0.0,420000@None@0.0,480000@None@0.0,540000@None@0.0,600000@None@0.0,660000@None@0.0,720000@None@0.0,780000@None@0.0,840000@None@0.0,900000@None@0.0,960000@None@0.0,1020000@None@0.0,1080000@None@0.0,1140000@None@0.0,1200000@None@0.0,1260000@None@0.0,1320000@None@0.0,1380000@None@0.0,1440000@None@0.0,1500000@None@0.0,1560000@None@0.0,1620000@None@0.0,1680000@None@0.0,1740000@None@0.0,1800000@None@0.0,1860000@None@0.0,1920000@None@0.0,1980000@None@0.0,2040000@None@0.0,2100000@None@0.0,2160000@None@0.0,2220000@None@0.0,2280000@None@0.0,2340000@None@0.0,2400000@None@0.0,2460000@None@0.0,2520000@None@0.0,2580000@None@0.0,2640000@None@0.0,2700000@None@0.0,2760000@None@0.0,2820000@None@0.0,2880000@None@0.0,2940000@None@0.0,3000000@None@0.0,3060000@None@0.0,3120000@None@0.0,3180000@None@0.0,3240000@None@0.0,3300000@None@0.0,3360000@None@0.0,3420000@None@0.0,3480000@None@0.0,3540000@None@0.0,3600000@None@0.0,3660000@None@0.0,3720000@None@0.0,3780000@None@0.0,3840000@None@0.0,3900000@None@0.0,3960000@None@0.0,4020000@None@0.0,4080000@None@0.0,4140000@None@0.0
2018-10-25 23:15,USDC/BTC,coin,70,70,0@None@0.0,60000@None@0.0,120000@None@0.0,180000@None@0.0,240000@None@0.0,300000@None@0.0,360000@None@0.0,420000@None@0.0,480000@None@0.0,540000@None@0.0,600000@None@0.0,660000@None@0.0,720000@None@0.0,780000@None@0.0,840000@None@0.0,900000@None@0.0,960000@None@0.0,1020000@None@0.0,1080000@None@0.0,1140000@None@0.0,1200000@None@0.0,1260000@None@0.0,1320000@None@0.0,1380000@None@0.0,1440000@None@0.0,1500000@None@0.0,1560000@None@0.0,1620000@None@0.0,1680000@None@0.0,1740000@None@0.0,1800000@None@0.0,1860000@None@0.0,1920000@None@0.0,1980000@None@0.0,2040000@None@0.0,2100000@None@0.0,2160000@None@0.0,2220000@None@0.0,2280000@None@0.0,2340000@None@0.0,2400000@None@0.0,2460000@None@0.0,2520000@None@0.0,2580000@None@0.0,2640000@None@0.0,2700000@None@0.0,2760000@None@0.0,2820000@None@0.0,2880000@None@0.0,2940000@None@0.0,3000000@None@0.0,3060000@None@0.0,3120000@None@0.0,3180000@None@0.0,3240000@None@0.0,3300000@None@0.0,3360000@None@0.0,3420000@None@0.0,3480000@None@0.0,3540000@None@0.0,3600000@None@0.0,3660000@None@0.0,3720000@None@0.0,3780000@None@0.0,3840000@None@0.0,3900000@None@0.0,3960000@None@0.0,4020000@None@0.0,4080000@None@0.0,4140000@None@0.0
2018-10-26 05:43,EOS/BTC,coin,70,70,0@None@0.0,60000@None@0.0,120000@None@0.0,180000@None@0.0,240000@None@0.0,300000@None@0.0,360000@None@0.0,420000@None@0.0,480000@None@0.0,540000@None@0.0,600000@None@0.0,660000@None@0.0,720000@None@0.0,780000@None@0.0,840000@None@0.0,900000@None@0.0,960000@None@0.0,1020000@0.00083176@0.4352,1080000@None@0.0,1140000@None@0.0,1200000@None@0.0,1260000@None@0.0,1320000@None@0.0,1380000@0.00083178@147.5327,1440000@None@0.0,1500000@None@0.0,1560000@None@0.0,1620000@None@0.0,1680000@None@0.0,1740000@0.00083231@0.5803,1800000@None@0.0,1860000@None@0.0,1920000@None@0.0,1980000@None@0.0,2040000@None@0.0,2100000@None@0.0,2160000@None@0.0,2220000@None@0.0,2280000@None@0.0,2340000@None@0.0,2400000@None@0.0,2460000@None@0.0,2520000@None@0.0,2580000@None@0.0,2640000@None@0.0,2700000@None@0.0,2760000@0.00083259@0.3417,2820000@None@0.0,2880000@None@0.0,2940000@None@0.0,3000000@None@0.0,3060000@None@0.0,3120000@None@0.0,3180000@None@0.0,3240000@None@0.0,3300000@None@0.0,3360000@None@0.0,3420000@None@0.0,3480000@None@0.0,3540000@None@0.0,3600000@None@0.0,3660000@None@0.0,3720000@None@0.0,3780000@None@0.0,3840000@None@0.0,3900000@None@0.0,3960000@None@0.0,4020000@0.000835@0.135,4080000@None@0.0,4140000@None@0.0
2018-10-26 05:43,EOS/USDT,teio,70,71,0@5.466@5.466,60000@5.466@5.466,120000@5.466@5.466,180000@5.466@5.466,240000@5.466@5.466,300000@5.466@5.466,360000@5.4602@5.461,420000@5.458@5.4588,480000@5.4538@5.458,540000@5.454@5.4542,600000@5.4542@5.4542,660000@5.4542@5.4542,720000@5.4576@5.4576,780000@5.455@5.455,840000@5.455@5.455,900000@5.455@5.455,960000@5.455@5.455,1020000@5.455@5.455,1080000@5.455@5.455,1140000@5.455@5.455,1200000@5.455@5.455,1260000@5.455@5.455,1320000@5.455@5.455,1380000@5.4545@5.4547,1440000@5.4545@5.4545,1500000@5.4545@5.4545,1560000@5.4545@5.4545,1620000@5.4545@5.4545,1680000@5.4531@5.4547,1740000@5.465@5.466,1800000@5.465@5.465,1860000@5.466@5.466,1920000@5.4667@5.4667,1980000@5.4668@5.4668,2040000@5.468@5.468,2100000@5.469@5.469,2160000@5.4602@5.4602,2220000@5.4602@5.4602,2280000@5.4602@5.4602,2340000@5.4602@5.4602,2400000@5.4602@5.4602,2460000@5.4602@5.4602,2520000@5.4602@5.4602,2580000@5.4602@5.4602,2640000@5.46@5.46,2700000@5.46@5.46,2760000@5.46@5.46,2820000@5.4643@5.4643,2880000@5.4641@5.4641,2940000@5.4641@5.4641,3000000@5.46@5.461,3060000@5.46@5.46,3120000@5.46@5.46,3180000@5.4648@5.4648,3240000@5.4648@5.4648,3300000@5.4648@5.4648,3360000@5.4648@5.4648,3420000@5.4648@5.4648,3480000@5.4647@5.4647,3540000@5.4645@5.4645,3600000@5.4603@5.4603,3660000@5.4603@5.4603,3720000@5.4603@5.4603,3780000@5.4603@5.4603,3840000@5.4603@5.4603,3900000@5.4603@5.4603,3960000@5.4603@5.4603,4020000@5.4645@5.4645,4080000@5.46@5.4601,4140000@5.46@5.46,4200000@5.46@5.46
2018-10-26 05:43,EOS/BTC,tbtc,70,70,0@0.000831@14.614,480000@0.000831@3.854,780000@0.000833@71.553,960000@0.000833@9.804,2280000@0.000832@0.199,2880000@0.000831@17.64,3240000@0.000831@24.389,3360000@0.000831@5.0,3600000@0.00083@3.428,4080000@0.00083@15.0,4200000@0.000831@10.594,4320000@0.00083@100.0,4680000@0.00083@26.701,5040000@0.00083@36.902,5160000@0.00083@6.054,5220000@0.000829@10.0,5340000@0.000827@131.164,5400000@0.000827@161.337,5940000@0.000826@48.14,6060000@0.000826@100.0,6420000@0.000826@21.32,6480000@0.000824@48.14,6600000@0.000824@10.0,6660000@0.000826@117.064,6720000@0.000827@26.184,7020000@0.000826@72.58,7080000@0.000827@100.0,7140000@0.000826@100.0,7440000@0.000826@7.064,7500000@0.000828@21.45,7620000@0.000828@1.242,8040000@0.000831@869.478,8820000@0.000832@5.52,9000000@0.000832@24.219,9180000@0.00083@8.693,9240000@0.00083@2.578,9600000@0.000831@63.51,10500000@0.000833@25.958,10560000@0.000832@2.081,10680000@0.000832@105.485,10740000@0.000832@1135.086,10800000@0.000833@364.951,10860000@0.000833@1428.533,10920000@0.000834@10.0,11100000@0.000835@1429.538,11160000@0.000834@100.0,11400000@0.000835@1735.458,11460000@0.000835@17.892,11820000@0.000835@1108.657,11880000@0.000835@0.04,11940000@0.000834@100.0,12000000@0.000834@0.01,12300000@0.000834@30.325,12540000@0.000833@84.076,12600000@0.000833@100.0,13380000@0.000833@12.763,14400000@0.000833@19.216,14460000@0.000833@960.789,15000000@0.000833@6.5,15360000@0.000833@6.062,16260000@0.000834@678.364,17280000@0.000834@1.011,18180000@0.000833@6.673,18660000@0.000834@3.009,18720000@0.000835@0.06,19440000@0.000834@119.65,19500000@0.000834@37.92,19740000@0.000833@1.452,20820000@0.000834@38.4,21000000@0.000833@9.69
2018-10-29 12:21,PAL/BTC,trex,70,70,0@1.97e-06@3212.74901786,240000@1.99e-06@1000.0,660000@1.99e-06@49378.3390216,720000@2e-06@10347.666,780000@1.99e-06@2035.54993001,1080000@1.99e-06@14797.43630653,1140000@1.98e-06@20950.65545595,1260000@1.99e-06@1250.0,1980000@1.98e-06@8389.83537362,2040000@1.97e-06@73596.56412148,2100000@1.96e-06@156842.0230746,2340000@1.95e-06@95581.97902518,2460000@1.98e-06@9672.91871212,2640000@1.99e-06@125946.96969697,2820000@1.99e-06@46129.5605208,2880000@1.99e-06@61786.75903266,3120000@1.98e-06@3246.44174242,3300000@1.98e-06@375.55371211,3540000@1.97e-06@307.31155779,3600000@1.98e-06@3360.31439957,3660000@1.95e-06@80129.68706436,3660000@1.95e-06@80129.68706436,3660000@1.95e-06@80129.68706436,3660000@1.95e-06@80129.68706436,3660000@1.95e-06@80129.68706436,3660000@1.95e-06@80129.68706436,3660000@1.95e-06@80129.68706436,3660000@1.95e-06@80129.68706436,3660000@1.95e-06@80129.68706436,3660000@1.95e-06@80129.68706436,3660000@1.95e-06@80129.68706436,3660000@1.95e-06@80129.68706436,3660000@1.95e-06@80129.68706436,3660000@1.95e-06@80129.68706436,3660000@1.95e-06@80129.68706436,3660000@1.95e-06@80129.68706436,3660000@1.95e-06@80129.68706436,3660000@1.95e-06@80129.68706436,3660000@1.95e-06@80129.68706436,3660000@1.95e-06@80129.68706436,3660000@1.95e-06@80129.68706436,3660000@1.95e-06@80129.68706436,3660000@1.95e-06@80129.68706436,3660000@1.95e-06@80129.68706436,3660000@1.95e-06@80129.68706436,3660000@1.95e-06@80129.68706436,3660000@1.95e-06@80129.68706436,3660000@1.95e-06@80129.68706436,3660000@1.95e-06@80129.68706436,3660000@1.95e-06@80129.68706436,3660000@1.95e-06@80129.68706436,3660000@1.95e-06@80129.68706436,3660000@1.95e-06@80129.68706436,3660000@1.95e-06@80129.68706436,3660000@1.95e-06@80129.68706436,3660000@1.95e-06@80129.68706436,3660000@1.95e-06@80129.68706436,3660000@1.95e-06@80129.68706436,3660000@1.95e-06@80129.68706436,3660000@1.95e-06@80129.68706436,3660000@1.95e-06@80129.68706436,3660000@1.95e-06@80129.68706436,3660000@1.95e-06@80129.68706436,3660000@1.95e-06@80129.68706436,3660000@1.95e-06@80129.68706436,3660000@1.95e-06@80129.68706436,3660000@1.95e-06@80129.68706436,3660000@1.95e-06@80129.68706436,3660000@1.95e-06@80129.68706436,3660000@1.95e-06@80129.68706436
2018-10-29 12:22,TX/BTC,trex,70,70,0@3.204e-05@136.19250349,0@3.204e-05@136.19250349,0@3.204e-05@136.19250349,0@3.204e-05@136.19250349,0@3.204e-05@136.19250349,0@3.204e-05@136.19250349,0@3.204e-05@136.19250349,0@3.204e-05@136.19250349,0@3.204e-05@136.19250349,0@3.204e-05@136.19250349,0@3.204e-05@136.19250349,0@3.204e-05@136.19250349,0@3.204e-05@136.19250349,0@3.204e-05@136.19250349,0@3.204e-05@136.19250349,0@3.204e-05@136.19250349,0@3.204e-05@136.19250349,0@3.204e-05@136.19250349,0@3.204e-05@136.19250349,0@3.204e-05@136.19250349,0@3.204e-05@136.19250349,0@3.204e-05@136.19250349,0@3.204e-05@136.19250349,0@3.204e-05@136.19250349,0@3.204e-05@136.19250349,0@3.204e-05@136.19250349,0@3.204e-05@136.19250349,0@3.204e-05@136.19250349,0@3.204e-05@136.19250349,0@3.204e-05@136.19250349,0@3.204e-05@136.19250349,0@3.204e-05@136.19250349,0@3.204e-05@136.19250349,0@3.204e-05@136.19250349,0@3.204e-05@136.19250349,0@3.204e-05@136.19250349,0@3.204e-05@136.19250349,0@3.204e-05@136.19250349,0@3.204e-05@136.19250349,0@3.204e-05@136.19250349,0@3.204e-05@136.19250349,0@3.204e-05@136.19250349,0@3.204e-05@136.19250349,0@3.204e-05@136.19250349,0@3.204e-05@136.19250349,0@3.204e-05@136.19250349,0@3.204e-05@136.19250349,0@3.204e-05@136.19250349,0@3.204e-05@136.19250349,0@3.204e-05@136.19250349,0@3.204e-05@136.19250349,0@3.204e-05@136.19250349,0@3.204e-05@136.19250349,0@3.204e-05@136.19250349,0@3.204e-05@136.19250349,0@3.204e-05@136.19250349,0@3.204e-05@136.19250349,0@3.204e-05@136.19250349,0@3.204e-05@136.19250349,0@3.204e-05@136.19250349,0@3.204e-05@136.19250349,0@3.204e-05@136.19250349,0@3.204e-05@136.19250349,0@3.204e-05@136.19250349,0@3.204e-05@136.19250349,0@3.204e-05@136.19250349,0@3.204e-05@136.19250349,0@3.204e-05@136.19250349,0@3.204e-05@136.19250349,0@3.204e-05@136.19250349
2018-10-29 18:49,SC/BTC,tbtc,70,70,0@1.089e-06@9700.0,360000@1.075e-06@20100.0,420000@1.07e-06@19000.0,480000@1.07e-06@8000.0,1020000@1.07e-06@8400.0,1140000@1.057e-06@522700.0,1200000@1.055e-06@19200.0,1260000@1.053e-06@100.0,1800000@1.053e-06@100000.0,1860000@1.053e-06@6900.0,2040000@1.057e-06@113200.0,2100000@1.057e-06@83700.0,2400000@1.06e-06@100.0,2880000@1.069e-06@500.0,3060000@1.071e-06@1000.0,3480000@1.077e-06@400.0,4140000@1.08e-06@100.0,4200000@1.08e-06@20500.0,4260000@1.083e-06@1000.0,4740000@1.081e-06@100.0,5700000@1.08e-06@100.0,5760000@1.07e-06@4100.0,5940000@1.071e-06@100.0,6180000@1.071e-06@100.0,6240000@1.072e-06@300.0,6300000@1.079e-06@700.0,6360000@1.074e-06@300.0,6420000@1.074e-06@500.0,6840000@1.073e-06@10700.0,7680000@1.07e-06@200.0,7920000@1.069e-06@400.0,8760000@1.077e-06@3400.0,8880000@1.086e-06@82100.0,9000000@1.088e-06@6800.0,9060000@1.087e-06@24900.0,10980000@1.084e-06@2100.0,11160000@1.08e-06@6900.0,13800000@1.08e-06@100.0,15120000@1.074e-06@1000.0,16560000@1.075e-06@200.0,20340000@1.075e-06@1800.0,20400000@1.074e-06@100.0,21120000@1.079e-06@2500.0,21600000@1.077e-06@700.0,23880000@1.072e-06@25200.0,24180000@1.077e-06@2000.0,24300000@1.077e-06@200.0,25380000@1.077e-06@3900.0,26220000@1.072e-06@100.0,27840000@1.07e-06@100.0,31140000@1.07e-06@200.0,32580000@1.07e-06@10500.0,32820000@1.08e-06@36500.0,33840000@1.072e-06@12000.0,34680000@1.071e-06@7500.0,38340000@1.074e-06@50300.0,38700000@1.08e-06@50300.0,38760000@1.087e-06@15200.0,38880000@1.09e-06@53100.0,38940000@1.092e-06@1100.0,39000000@1.096e-06@29000.0,41400000@1.085e-06@20500.0,41760000@1.087e-06@57100.0,41880000@1.091e-06@100.0,43560000@1.085e-06@100.0,44460000@1.08e-06@22700.0,44520000@1.082e-06@25300.0,44580000@1.08e-06@1300.0,44640000@1.08e-06@1200.0,44880000@1.08e-06@100.0
2018-10-30 12:23,PAL/BTC,trex,70,70,0@1.89e-06@1000.0,300000@1.91e-06@813.0734536,840000@1.89e-06@10000.0,1380000@1.88e-06@45914.21196668,1560000@1.88e-06@13443.4939194,1620000@1.88e-06@87187.85631723,1740000@1.9e-06@400.0,1860000@1.9e-06@31850.26779182,1920000@1.9e-06@594.73220818,1980000@1.89e-06@70201.06386779,2040000@1.89e-06@27557.0,2220000@1.91e-06@21131.82337929,2280000@1.91e-06@56340.45227132,2400000@1.92e-06@10865.64290853,2700000@1.92e-06@3434.25113281,2760000@1.91e-06@13625.6059386,2820000@1.91e-06@12624.60918519,3180000@1.91e-06@4365.29219241,3240000@1.91e-06@17167.91047927,3360000@1.93e-06@89610.04693205,3420000@1.92e-06@40520.5161155,3720000@1.92e-06@6727.41444444,3780000@1.93e-06@24371.13707254,3780000@1.93e-06@24371.13707254,3780000@1.93e-06@24371.13707254,3780000@1.93e-06@24371.13707254,3780000@1.93e-06@24371.13707254,3780000@1.93e-06@24371.13707254,3780000@1.93e-06@24371.13707254,3780000@1.93e-06@24371.13707254,3780000@1.93e-06@24371.13707254,3780000@1.93e-06@24371.13707254,3780000@1.93e-06@24371.13707254,3780000@1.93e-06@24371.13707254,3780000@1.93e-06@24371.13707254,3780000@1.93e-06@24371.13707254,3780000@1.93e-06@24371.13707254,3780000@1.93e-06@24371.13707254,3780000@1.93e-06@24371.13707254,3780000@1.93e-06@24371.13707254,3780000@1.93e-06@24371.13707254,3780000@1.93e-06@24371.13707254,3780000@1.93e-06@24371.13707254,3780000@1.93e-06@24371.13707254,3780000@1.93e-06@24371.13707254,3780000@1.93e-06@24371.13707254,3780000@1.93e-06@24371.13707254,3780000@1.93e-06@24371.13707254,3780000@1.93e-06@24371.13707254,3780000@1.93e-06@24371.13707254,3780000@1.93e-06@24371.13707254,3780000@1.93e-06@24371.13707254,3780000@1.93e-06@24371.13707254,3780000@1.93e-06@24371.13707254,3780000@1.93e-06@24371.13707254,3780000@1.93e-06@24371.13707254,3780000@1.93e-06@24371.13707254,3780000@1.93e-06@24371.13707254,3780000@1.93e-06@24371.13707254,3780000@1.93e-06@24371.13707254,3780000@1.93e-06@24371.13707254,3780000@1.93e-06@24371.13707254,3780000@1.93e-06@24371.13707254,3780000@1.93e-06@24371.13707254,3780000@1.93e-06@24371.13707254,3780000@1.93e-06@24371.13707254,3780000@1.93e-06@24371.13707254,3780000@1.93e-06@24371.13707254,3780000@1.93e-06@24371.13707254,3780000@1.93e-06@24371.13707254
2018-11-01 10:56,PAX/BTC,trex,70,70,0@0.00015875@5.0,540000@0.00015874@3.15449792,1080000@0.00015874@1414.19099347,3240000@0.00015791@245.17953265,3360000@0.00015781@9.92969544,3480000@0.00015781@2704.00355811,3480000@0.00015781@2704.00355811,3480000@0.00015781@2704.00355811,3480000@0.00015781@2704.00355811,3480000@0.00015781@2704.00355811,3480000@0.00015781@2704.00355811,3480000@0.00015781@2704.00355811,3480000@0.00015781@2704.00355811,3480000@0.00015781@2704.00355811,3480000@0.00015781@2704.00355811,3480000@0.00015781@2704.00355811,3480000@0.00015781@2704.00355811,3480000@0.00015781@2704.00355811,3480000@0.00015781@2704.00355811,3480000@0.00015781@2704.00355811,3480000@0.00015781@2704.00355811,3480000@0.00015781@2704.00355811,3480000@0.00015781@2704.00355811,3480000@0.00015781@2704.00355811,3480000@0.00015781@2704.00355811,3480000@0.00015781@2704.00355811,3480000@0.00015781@2704.00355811,3480000@0.00015781@2704.00355811,3480000@0.00015781@2704.00355811,3480000@0.00015781@2704.00355811,3480000@0.00015781@2704.00355811,3480000@0.00015781@2704.00355811,3480000@0.00015781@2704.00355811,3480000@0.00015781@2704.00355811,3480000@0.00015781@2704.00355811,3480000@0.00015781@2704.00355811,3480000@0.00015781@2704.00355811,3480000@0.00015781@2704.00355811,3480000@0.00015781@2704.00355811,3480000@0.00015781@2704.00355811,3480000@0.00015781@2704.00355811,3480000@0.00015781@2704.00355811,3480000@0.00015781@2704.00355811,3480000@0.00015781@2704.00355811,3480000@0.00015781@2704.00355811,3480000@0.00015781@2704.00355811,3480000@0.00015781@2704.00355811,3480000@0.00015781@2704.00355811,3480000@0.00015781@2704.00355811,3480000@0.00015781@2704.00355811,3480000@0.00015781@2704.00355811,3480000@0.00015781@2704.00355811,3480000@0.00015781@2704.00355811,3480000@0.00015781@2704.00355811,3480000@0.00015781@2704.00355811,3480000@0.00015781@2704.00355811,3480000@0.00015781@2704.00355811,3480000@0.00015781@2704.00355811,3480000@0.00015781@2704.00355811,3480000@0.00015781@2704.00355811,3480000@0.00015781@2704.00355811,3480000@0.00015781@2704.00355811,3480000@0.00015781@2704.00355811,3480000@0.00015781@2704.00355811,3480000@0.00015781@2704.00355811,3480000@0.00015781@2704.00355811,3480000@0.00015781@2704.00355811,3480000@0.00015781@2704.00355811,3480000@0.00015781@2704.00355811,3480000@0.00015781@2704.00355811
2018-11-01 10:58,DRGN/USDT,teio,70,71,0@0.2211@0.2211,60000@0.2211@0.2211,120000@0.2211@0.2211,180000@0.2211@0.2211,240000@0.2211@0.2211,300000@0.2211@0.2211,360000@0.2211@0.2211,420000@0.2211@0.2211,480000@0.2211@0.2211,540000@0.2211@0.2211,600000@0.2211@0.2211,660000@0.2211@0.2211,720000@0.2211@0.2211,780000@0.2211@0.2211,840000@0.2211@0.2211,900000@0.2211@0.2211,960000@0.2211@0.2211,1020000@0.2211@0.2211,1080000@0.2211@0.2211,1140000@0.2211@0.2211,1200000@0.2211@0.2211,1260000@0.2219@0.2219,1320000@0.2219@0.2219,1380000@0.2219@0.2219,1440000@0.2219@0.2219,1500000@0.2219@0.2219,1560000@0.2219@0.2219,1620000@0.2219@0.2219,1680000@0.2219@0.2219,1740000@0.2219@0.2219,1800000@0.2219@0.2219,1860000@0.2219@0.2219,1920000@0.2219@0.2219,1980000@0.2219@0.2219,2040000@0.2219@0.2219,2100000@0.2219@0.2219,2160000@0.2219@0.2219,2220000@0.2305@0.2305,2280000@0.2305@0.2305,2340000@0.2305@0.2305,2400000@0.2305@0.2305,2460000@0.2243@0.2243,2520000@0.2243@0.2243,2580000@0.2243@0.2243,2640000@0.2243@0.2243,2700000@0.2243@0.2243,2760000@0.2243@0.2243,2820000@0.2243@0.2243,2880000@0.2243@0.2243,2940000@0.2243@0.2243,3000000@0.2243@0.2243,3060000@0.2243@0.2243,3120000@0.2243@0.2243,3180000@0.2243@0.2243,3240000@0.2243@0.2243,3300000@0.2243@0.2243,3360000@0.2243@0.2243,3420000@0.2243@0.2243,3480000@0.2243@0.2243,3540000@0.2243@0.2243,3600000@0.2243@0.2243,3660000@0.2243@0.2243,3720000@0.2243@0.2243,3780000@0.2243@0.2243,3840000@0.2243@0.2243,3900000@0.2243@0.2243,3960000@0.2243@0.2243,4020000@0.2243@0.2243,4080000@0.2243@0.2243,4140000@0.2243@0.2243,4200000@0.2243@0.2243
2018-11-01 19:49,ZIL/BTC,coin,70,70,0@None@0.0,60000@5.6e-06@8.0581,120000@None@0.0,180000@None@0.0,240000@None@0.0,300000@None@0.0,360000@None@0.0,420000@None@0.0,480000@None@0.0,540000@None@0.0,600000@None@0.0,660000@None@0.0,720000@None@0.0,780000@None@0.0,840000@None@0.0,900000@5.65e-06@99.5221,960000@5.65e-06@536.3539,1020000@5.65e-06@1.5195,1080000@5.68e-06@3208.7151,1140000@5.69e-06@7.9701,1200000@None@0.0,1260000@None@0.0,1320000@None@0.0,1380000@None@0.0,1440000@5.68e-06@2825.9665,1500000@5.66e-06@4279.354,1560000@None@0.0,1620000@None@0.0,1680000@None@0.0,1740000@None@0.0,1800000@None@0.0,1860000@None@0.0,1920000@None@0.0,1980000@5.71e-06@5398.9229,2040000@None@0.0,2100000@5.71e-06@1.3509,2160000@None@0.0,2220000@None@0.0,2280000@None@0.0,2340000@None@0.0,2400000@None@0.0,2460000@None@0.0,2520000@None@0.0,2580000@5.68e-06@1096.7552,2640000@None@0.0,2700000@None@0.0,2760000@None@0.0,2820000@5.68e-06@68.6602,2880000@5.66e-06@563.4485,2940000@None@0.0,3000000@5.64e-06@7526.8289,3060000@None@0.0,3120000@5.63e-06@2.8675,3180000@None@0.0,3240000@None@0.0,3300000@None@0.0,3360000@None@0.0,3420000@None@0.0,3480000@None@0.0,3540000@None@0.0,3600000@None@0.0,3660000@None@0.0,3720000@None@0.0,3780000@None@0.0,3840000@5.62e-06@1.1346,3900000@None@0.0,3960000@None@0.0,4020000@None@0.0,4080000@None@0.0,4140000@None@0.0
2018-11-01 19:49,ZIL/BTC,uobi,70,70,0@5.63e-06@6860.66,60000@5.6343e-06@5.73,120000@5.6288e-06@23967.9,180000@5.6398e-06@16.92,240000@5.6351e-06@4887.13,300000@5.643e-06@32743.19,360000@5.654e-06@11655.03,420000@5.6582e-06@37.63,480000@5.6582e-06@10.2,540000@5.6583e-06@10.86,600000@5.6586e-06@13377.19,660000@5.6616e-06@7.94,720000@5.6594e-06@1107.77,780000@5.6619e-06@4671.25,840000@5.6574e-06@8449.08,900000@5.652e-06@138.24,960000@5.6571e-06@132.31,1020000@5.6574e-06@17441.58,1080000@5.6608e-06@3826.42,1140000@5.6611e-06@20.71,1200000@5.6621e-06@18.01,1260000@5.6619e-06@18.19,1320000@5.6608e-06@4.27,1380000@5.6625e-06@10.78,1440000@5.6621e-06@24.9,1500000@5.6578e-06@21.59,1560000@5.6553e-06@108012.5,1620000@5.6753e-06@22055.92,1680000@5.6742e-06@3.0,1740000@5.6736e-06@20.67,1800000@5.6849e-06@10038.83,1860000@5.6754e-06@29774.98,1920000@5.677e-06@11341.15,1980000@5.6779e-06@61573.91,2040000@5.6662e-06@71.49,2100000@5.6723e-06@3518.43,2160000@5.6724e-06@36153.75,2220000@5.6704e-06@23112.47,2280000@5.6525e-06@366.15,2340000@5.6514e-06@30026.57,2400000@5.6451e-06@45.79,2460000@5.651e-06@2042.33,2520000@5.662e-06@24.6,2580000@5.6623e-06@2216.75,2640000@5.6565e-06@1106.55,2700000@5.6515e-06@14.37,2760000@5.6506e-06@14.13,2820000@5.6511e-06@16.39,2880000@5.6497e-06@15.19,2940000@5.6546e-06@1509.24,3000000@5.639e-06@134.5,3060000@5.6428e-06@49822.83,3120000@5.633e-06@107.93,3180000@5.628e-06@10137.3,3240000@5.6258e-06@3.53,3300000@5.6283e-06@9.52,3360000@5.625e-06@10.31,3420000@5.6248e-06@14.45,3480000@5.623e-06@14.42,3540000@5.6275e-06@7.84,3600000@5.6261e-06@16.26,3660000@5.6258e-06@14.22,3720000@5.625e-06@5581.72,3780000@5.6264e-06@4.83,3840000@5.6227e-06@15.13,3900000@5.6221e-06@27.41,3960000@5.6183e-06@4645.34,4020000@5.6175e-06@34296.32,4080000@5.6115e-06@5.5,4140000@5.6105e-06@3.02
2018-11-02 18:30,DGB/BTC,coin,70,70,0@None@0.0,60000@None@0.0,120000@None@0.0,180000@None@0.0,240000@None@0.0,300000@None@0.0,360000@None@0.0,420000@None@0.0,480000@3.42e-06@614.2053,540000@None@0.0,600000@3.41e-06@244.7594,660000@3.42e-06@2.1586,720000@None@0.0,780000@3.42e-06@9.2714,840000@None@0.0,900000@3.42e-06@6.309,960000@None@0.0,1020000@None@0.0,1080000@None@0.0,1140000@None@0.0,1200000@3.42e-06@9386.0253,1260000@None@0.0,1320000@3.45e-06@8.1628,1380000@None@0.0,1440000@3.45e-06@30.1003,1500000@None@0.0,1560000@None@0.0,1620000@None@0.0,1680000@None@0.0,1740000@None@0.0,1800000@None@0.0,1860000@None@0.0,1920000@None@0.0,1980000@3.45e-06@1990.7715,2040000@None@0.0,2100000@None@0.0,2160000@None@0.0,2220000@None@0.0,2280000@3.45e-06@570.0,2340000@None@0.0,2400000@3.45e-06@12.0082,2460000@None@0.0,2520000@None@0.0,2580000@None@0.0,2640000@None@0.0,2700000@None@0.0,2760000@None@0.0,2820000@3.45e-06@177.97,2880000@None@0.0,2940000@None@0.0,3000000@None@0.0,3060000@None@0.0,3120000@None@0.0,3180000@None@0.0,3240000@None@0.0,3300000@None@0.0,3360000@3.4e-06@3341.0736,3420000@None@0.0,3480000@None@0.0,3540000@None@0.0,3600000@None@0.0,3660000@3.4e-06@4990.0,3720000@None@0.0,3780000@None@0.0,3840000@None@0.0,3900000@3.4e-06@833.0591,3960000@3.39e-06@3606.0794,4020000@None@0.0,4080000@None@0.0,4140000@None@0.0
2018-11-02 18:30,DGB/BTC,uobi,70,70,0@3.8037e-06@5.32,60000@3.8032e-06@4.03,120000@3.8284e-06@93.44,180000@3.8141e-06@16.56,240000@3.8141e-06@8.26,300000@3.8141e-06@6.81,360000@3.8151e-06@151.79,420000@3.8022e-06@55.08,480000@3.8145e-06@64.68,540000@3.8355e-06@60.95,600000@3.8076e-06@109.6,660000@3.8053e-06@1.0,720000@3.8049e-06@3.58,780000@3.8094e-06@12.78,840000@3.8146e-06@5.82,900000@3.8141e-06@15.42,960000@3.8011e-06@126.84,1020000@3.8097e-06@43.84,1080000@3.8051e-06@108.66,1140000@3.8046e-06@2.38,1200000@3.8042e-06@1.33,1260000@3.8037e-06@22.51,1320000@3.8062e-06@108.96,1380000@3.8053e-06@1.05,1440000@3.8067e-06@2.01,1500000@3.806e-06@1.35,1560000@3.8171e-06@51.69,1620000@3.8392e-06@80.59,1680000@3.8092e-06@100.68,1740000@3.8156e-06@0.0,1800000@3.8156e-06@55.34,1860000@3.8012e-06@0.0,1920000@3.8012e-06@19.72,1980000@3.8068e-06@16.08,2040000@3.8174e-06@259.94,2100000@3.8111e-06@187.36,2160000@3.8032e-06@66.22,2220000@3.8163e-06@89.04,2280000@3.8033e-06@1.43,2340000@3.8385e-06@0.0,2400000@3.8385e-06@0.0,2460000@3.8385e-06@0.0,2520000@3.8385e-06@467.75,2580000@3.8108e-06@24.65,2640000@3.8021e-06@1.0,2700000@3.8016e-06@1.1,2760000@3.8335e-06@219.36,2820000@3.8065e-06@586.47,2880000@3.8437e-06@0.0,2940000@3.8437e-06@245.34,3000000@3.8021e-06@1.0,3060000@3.8019e-06@2.32,3120000@3.8105e-06@126.86,3180000@3.8092e-06@1369.43,3240000@3.8087e-06@110.78,3300000@3.808e-06@4.76,3360000@3.8129e-06@140.68,3420000@3.8124e-06@128.11,3480000@3.8066e-06@3.27,3540000@3.8057e-06@131.14,3600000@3.8103e-06@6.56,3660000@3.8144e-06@271.9,3720000@3.8088e-06@3.79,3780000@3.8077e-06@3.56,3840000@3.8051e-06@1.0,3900000@3.8099e-06@237.27,3960000@3.8144e-06@131.6,4020000@3.8086e-06@1.03,4080000@3.8082e-06@1.64,4140000@3.8109e-06@356.35
2018-11-02 18:30,DGB/BTC,trex,70,70,0@3.42e-06@3315.96803879,60000@3.42e-06@59887.28150724,180000@3.42e-06@20988.93218068,240000@3.4e-06@216366.9545198,300000@3.42e-06@27650.25090216,480000@3.42e-06@8124.9621632,540000@3.41e-06@3396.40166193,600000@3.41e-06@3004.36841455,660000@3.41e-06@582.99845423,720000@3.44e-06@8367.60976745,780000@3.45e-06@29629.01932132,840000@3.44e-06@9880.54798959,900000@3.45e-06@1155.50988001,960000@3.42e-06@1456.2612728,1020000@3.42e-06@6404.10165536,1260000@3.42e-06@1260.38785214,1320000@3.44e-06@34775.66247538,1380000@3.45e-06@24588.63036867,1500000@3.45e-06@484.31110732,1560000@3.45e-06@1760.07439866,1680000@3.42e-06@25000.0,1740000@3.41e-06@2772.72183123,1800000@3.41e-06@402.48122734,1860000@3.44e-06@423.85920784,1920000@3.44e-06@296.78496364,1980000@3.42e-06@644.54970761,2040000@3.41e-06@828.88264531,2100000@3.41e-06@13897.18727804,2160000@3.41e-06@2920.86543878,2220000@3.4e-06@914.07408941,2280000@3.4e-06@12581.19558247,2400000@3.42e-06@14942.72994083,2460000@3.4e-06@5698.52813174,2580000@3.4e-06@22468.50791006,2640000@3.42e-06@1657.16874131,2700000@3.42e-06@9187.36716053,2760000@3.42e-06@5592.91531706,2820000@3.41e-06@1848.48455715,2880000@3.41e-06@43694.99842442,3000000@3.42e-06@60279.81983674,3060000@3.41e-06@71532.48490441,3120000@3.41e-06@9079.35582226,3180000@3.42e-06@8513.07236842,3240000@3.41e-06@675.04817798,3300000@3.41e-06@2456.2715791,3420000@3.41e-06@5260.45069636,3540000@3.41e-06@817.3495879,3600000@3.4e-06@1862.0,3900000@3.41e-06@67467.92241289,4080000@3.42e-06@8259.15727421,4140000@3.4e-06@45395.18044946,4200000@3.44e-06@3731.80027367,4200000@3.44e-06@3731.80027367,4200000@3.44e-06@3731.80027367,4200000@3.44e-06@3731.80027367,4200000@3.44e-06@3731.80027367,4200000@3.44e-06@3731.80027367,4200000@3.44e-06@3731.80027367,4200000@3.44e-06@3731.80027367,4200000@3.44e-06@3731.80027367,4200000@3.44e-06@3731.80027367,4200000@3.44e-06@3731.80027367,4200000@3.44e-06@3731.80027367,4200000@3.44e-06@3731.80027367,4200000@3.44e-06@3731.80027367,4200000@3.44e-06@3731.80027367,4200000@3.44e-06@3731.80027367,4200000@3.44e-06@3731.80027367,4200000@3.44e-06@3731.80027367,4200000@3.44e-06@3731.80027367
2018-11-02 18:30,DGB/BTC,coin,70,70,0@None@0.0,60000@None@0.0,120000@None@0.0,180000@None@0.0,240000@None@0.0,300000@None@0.0,360000@None@0.0,420000@None@0.0,480000@3.42e-06@614.2053,540000@None@0.0,600000@3.41e-06@244.7594,660000@3.42e-06@2.1586,720000@None@0.0,780000@3.42e-06@9.2714,840000@None@0.0,900000@3.42e-06@6.309,960000@None@0.0,1020000@None@0.0,1080000@None@0.0,1140000@None@0.0,1200000@3.42e-06@9386.0253,1260000@None@0.0,1320000@3.45e-06@8.1628,1380000@None@0.0,1440000@3.45e-06@30.1003,1500000@None@0.0,1560000@None@0.0,1620000@None@0.0,1680000@None@0.0,1740000@None@0.0,1800000@None@0.0,1860000@None@0.0,1920000@None@0.0,1980000@3.45e-06@1990.7715,2040000@None@0.0,2100000@None@0.0,2160000@None@0.0,2220000@None@0.0,2280000@3.45e-06@570.0,2340000@None@0.0,2400000@3.45e-06@12.0082,2460000@None@0.0,2520000@None@0.0,2580000@None@0.0,2640000@None@0.0,2700000@None@0.0,2760000@None@0.0,2820000@3.45e-06@177.97,2880000@None@0.0,2940000@None@0.0,3000000@None@0.0,3060000@None@0.0,3120000@None@0.0,3180000@None@0.0,3240000@None@0.0,3300000@None@0.0,3360000@3.4e-06@3341.0736,3420000@None@0.0,3480000@None@0.0,3540000@None@0.0,3600000@None@0.0,3660000@3.4e-06@4990.0,3720000@None@0.0,3780000@None@0.0,3840000@None@0.0,3900000@3.4e-06@833.0591,3960000@3.39e-06@3606.0794,4020000@None@0.0,4080000@None@0.0,4140000@None@0.0
2018-11-02 18:30,DGB/BTC,trex,70,70,0@3.42e-06@3315.96803879,60000@3.42e-06@59887.28150724,180000@3.42e-06@20988.93218068,240000@3.4e-06@216366.9545198,300000@3.42e-06@27650.25090216,480000@3.42e-06@8124.9621632,540000@3.41e-06@3396.40166193,600000@3.41e-06@3004.36841455,660000@3.41e-06@582.99845423,720000@3.44e-06@8367.60976745,780000@3.45e-06@29629.01932132,840000@3.44e-06@9880.54798959,900000@3.45e-06@1155.50988001,960000@3.42e-06@1456.2612728,1020000@3.42e-06@6404.10165536,1260000@3.42e-06@1260.38785214,1320000@3.44e-06@34775.66247538,1380000@3.45e-06@24588.63036867,1500000@3.45e-06@484.31110732,1560000@3.45e-06@1760.07439866,1680000@3.42e-06@25000.0,1740000@3.41e-06@2772.72183123,1800000@3.41e-06@402.48122734,1860000@3.44e-06@423.85920784,1920000@3.44e-06@296.78496364,1980000@3.42e-06@644.54970761,2040000@3.41e-06@828.88264531,2100000@3.41e-06@13897.18727804,2160000@3.41e-06@2920.86543878,2220000@3.4e-06@914.07408941,2280000@3.4e-06@12581.19558247,2400000@3.42e-06@14942.72994083,2460000@3.4e-06@5698.52813174,2580000@3.4e-06@22468.50791006,2640000@3.42e-06@1657.16874131,2700000@3.42e-06@9187.36716053,2760000@3.42e-06@5592.91531706,2820000@3.41e-06@1848.48455715,2880000@3.41e-06@43694.99842442,3000000@3.42e-06@60279.81983674,3060000@3.41e-06@71532.48490441,3120000@3.41e-06@9079.35582226,3180000@3.42e-06@8513.07236842,3240000@3.41e-06@675.04817798,3300000@3.41e-06@2456.2715791,3420000@3.41e-06@5260.45069636,3540000@3.41e-06@817.3495879,3600000@3.4e-06@1862.0,3900000@3.41e-06@67467.92241289,4080000@3.42e-06@8259.15727421,4140000@3.4e-06@45395.18044946,4200000@3.44e-06@3731.80027367,4200000@3.44e-06@3731.80027367,4200000@3.44e-06@3731.80027367,4200000@3.44e-06@3731.80027367,4200000@3.44e-06@3731.80027367,4200000@3.44e-06@3731.80027367,4200000@3.44e-06@3731.80027367,4200000@3.44e-06@3731.80027367,4200000@3.44e-06@3731.80027367,4200000@3.44e-06@3731.80027367,4200000@3.44e-06@3731.80027367,4200000@3.44e-06@3731.80027367,4200000@3.44e-06@3731.80027367,4200000@3.44e-06@3731.80027367,4200000@3.44e-06@3731.80027367,4200000@3.44e-06@3731.80027367,4200000@3.44e-06@3731.80027367,4200000@3.44e-06@3731.80027367,4200000@3.44e-06@3731.80027367
2018-11-02 18:30,DGB/BTC,uobi,70,70,0@3.8152e-06@36.01,60000@3.8032e-06@4.03,120000@3.8284e-06@93.44,180000@3.8141e-06@16.56,240000@3.8141e-06@8.26,300000@3.8141e-06@6.81,360000@3.8151e-06@151.79,420000@3.8022e-06@55.08,480000@3.8145e-06@64.68,540000@3.8355e-06@60.95,600000@3.8076e-06@109.6,660000@3.8053e-06@1.0,720000@3.8049e-06@3.58,780000@3.8094e-06@12.78,840000@3.8146e-06@5.82,900000@3.8141e-06@15.42,960000@3.8011e-06@126.84,1020000@3.8097e-06@43.84,1080000@3.8051e-06@108.66,1140000@3.8046e-06@2.38,1200000@3.8042e-06@1.33,1260000@3.8037e-06@22.51,1320000@3.8062e-06@108.96,1380000@3.8053e-06@1.05,1440000@3.8067e-06@2.01,1500000@3.806e-06@1.35,1560000@3.8171e-06@51.69,1620000@3.8392e-06@80.59,1680000@3.8092e-06@100.68,1740000@3.8156e-06@0.0,1800000@3.8156e-06@55.34,1860000@3.8012e-06@0.0,1920000@3.8012e-06@19.72,1980000@3.8068e-06@16.08,2040000@3.8174e-06@259.94,2100000@3.8111e-06@187.36,2160000@3.8032e-06@66.22,2220000@3.8163e-06@89.04,2280000@3.8033e-06@1.43,2340000@3.8385e-06@0.0,2400000@3.8385e-06@0.0,2460000@3.8385e-06@0.0,2520000@3.8385e-06@467.75,2580000@3.8108e-06@24.65,2640000@3.8021e-06@1.0,2700000@3.8016e-06@1.1,2760000@3.8335e-06@219.36,2820000@3.8065e-06@586.47,2880000@3.8437e-06@0.0,2940000@3.8437e-06@245.34,3000000@3.8021e-06@1.0,3060000@3.8019e-06@2.32,3120000@3.8105e-06@126.86,3180000@3.8092e-06@1369.43,3240000@3.8087e-06@110.78,3300000@3.808e-06@4.76,3360000@3.8129e-06@140.68,3420000@3.8124e-06@128.11,3480000@3.8066e-06@3.27,3540000@3.8057e-06@131.14,3600000@3.8103e-06@6.56,3660000@3.8144e-06@271.9,3720000@3.8088e-06@3.79,3780000@3.8077e-06@3.56,3840000@3.8051e-06@1.0,3900000@3.8099e-06@237.27,3960000@3.8144e-06@131.6,4020000@3.8086e-06@1.03,4080000@3.8082e-06@1.64,4140000@3.8109e-06@356.35
2018-11-05 11:55,STQ/BTC,tbtc,70,70,0@3.5e-07@32000.0,120000@3.55e-07@13000.0,180000@3.6e-07@1015000.0,420000@3.6e-07@1419000.0,540000@3.53e-07@132000.0,900000@3.51e-07@1101000.0,960000@3.5e-07@10000.0,1020000@3.49e-07@8000.0,1140000@3.51e-07@661000.0,1200000@3.52e-07@373000.0,1260000@3.53e-07@46000.0,1320000@3.53e-07@30000.0,1380000@3.53e-07@356000.0,1440000@3.51e-07@75000.0,1560000@3.51e-07@30000.0,1800000@3.49e-07@1919000.0,2100000@3.48e-07@719000.0,2160000@3.47e-07@347000.0,2220000@3.47e-07@551000.0,2280000@3.47e-07@81000.0,2460000@3.49e-07@270000.0,2640000@3.48e-07@293000.0,2700000@3.49e-07@341000.0,2820000@3.47e-07@1000.0,3000000@3.49e-07@184000.0,3060000@3.49e-07@216000.0,3180000@3.49e-07@32000.0,3420000@3.5e-07@52000.0,3480000@3.51e-07@121000.0,3720000@3.49e-07@10000.0,3840000@3.5e-07@163000.0,4080000@3.5e-07@16000.0,4380000@3.48e-07@96000.0,4440000@3.47e-07@363000.0,4680000@3.47e-07@16000.0,4740000@3.47e-07@2000.0,4800000@3.47e-07@808000.0,5220000@3.47e-07@178000.0,5280000@3.47e-07@56000.0,5520000@3.47e-07@2000.0,5760000@3.5e-07@225000.0,5880000@3.49e-07@25000.0,6000000@3.49e-07@174000.0,6060000@3.48e-07@2000.0,6120000@3.48e-07@8000.0,6180000@3.47e-07@8000.0,6240000@3.46e-07@3000.0,6360000@3.46e-07@4000.0,6420000@3.47e-07@23000.0,6480000@3.47e-07@25000.0,6540000@3.47e-07@70000.0,6600000@3.46e-07@25000.0,6660000@3.45e-07@1000.0,6720000@3.44e-07@1000.0,7680000@3.44e-07@300000.0,7800000@3.5e-07@2876000.0,8040000@3.52e-07@30000.0,8100000@3.53e-07@674000.0,8160000@3.54e-07@20000.0,8220000@3.56e-07@101000.0,8280000@3.58e-07@153000.0,8340000@3.55e-07@26000.0,8400000@3.55e-07@16000.0,8640000@3.55e-07@1428000.0,8940000@3.54e-07@15000.0,9300000@3.57e-07@9000.0,9720000@3.57e-07@504000.0,9780000@3.57e-07@4000.0,10020000@3.55e-07@44000.0,10140000@3.54e-07@92000.0
2018-11-05 21:00,BAT/USDT,teio,70,71,0@0.303@0.303,60000@0.303@0.303,120000@0.303@0.303,180000@0.303@0.303,240000@0.303@0.303,300000@0.303@0.303,360000@0.303@0.303,420000@0.303@0.303,480000@0.303@0.303,540000@0.303@0.303,600000@0.3088@0.3088,660000@0.312@0.312,720000@0.3127@0.3127,780000@0.3127@0.3127,840000@0.3127@0.3127,900000@0.3127@0.3127,960000@0.3127@0.3127,1020000@0.3127@0.3127,1080000@0.3127@0.3127,1140000@0.3127@0.3127,1200000@0.3127@0.3127,1260000@0.3127@0.3127,1320000@0.3127@0.3127,1380000@0.3127@0.3127,1440000@0.3127@0.3127,1500000@0.3127@0.3127,1560000@0.3127@0.3127,1620000@0.3127@0.3127,1680000@0.3127@0.3127,1740000@0.3127@0.3127,1800000@0.3127@0.3127,1860000@0.3127@0.3127,1920000@0.3127@0.3127,1980000@0.3127@0.3127,2040000@0.3127@0.3127,2100000@0.3127@0.3127,2160000@0.3127@0.3127,2220000@0.3127@0.3127,2280000@0.3127@0.3127,2340000@0.3127@0.3127,2400000@0.3127@0.3127,2460000@0.3127@0.3127,2520000@0.3127@0.3127,2580000@0.3127@0.3127,2640000@0.3127@0.3127,2700000@0.3127@0.3127,2760000@0.3127@0.3127,2820000@0.3127@0.3127,2880000@0.3123@0.3123,2940000@0.3123@0.3123,3000000@0.3123@0.3123,3060000@0.3123@0.3123,3120000@0.3123@0.3123,3180000@0.3123@0.3123,3240000@0.3123@0.3123,3300000@0.3123@0.3123,3360000@0.3123@0.3123,3420000@0.3123@0.3123,3480000@0.3123@0.3123,3540000@0.3123@0.3123,3600000@0.3123@0.3123,3660000@0.3123@0.3123,3720000@0.3123@0.3123,3780000@0.3123@0.3123,3840000@0.3088@0.3096,3900000@0.3088@0.3088,3960000@0.3088@0.3088,4020000@0.3088@0.3088,4080000@0.3088@0.3088,4140000@0.3088@0.3088,4200000@0.3088@0.3088
2018-11-05 21:00,BAT/BTC,trex,70,70,0@4.749e-05@23.18048009,60000@4.715e-05@8317.76252986,120000@4.718e-05@258.15068504,180000@4.723e-05@31.78259572,360000@4.735e-05@34.87026376,540000@4.744e-05@21.07925801,720000@4.708e-05@298.10960068,780000@4.708e-05@462.10448828,840000@4.725e-05@11.61469999,900000@4.902e-05@322322.53224934,960000@4.828e-05@210409.41254836,1020000@4.844e-05@31321.87326489,1080000@4.822e-05@9317.0723671,1140000@4.799e-05@1801.95447699,1200000@4.81e-05@13595.75474138,1260000@4.826e-05@3749.29680748,1320000@4.815e-05@25820.85248098,1380000@4.815e-05@670.21896144,1440000@4.795e-05@2414.92844831,1560000@4.797e-05@31968.21054155,1740000@4.822e-05@4211.72477197,1800000@4.821e-05@11.29582901,1860000@4.804e-05@2034.57744199,2100000@4.824e-05@103.48,2160000@4.824e-05@5446.48058015,2220000@4.824e-05@25.0,2280000@4.824e-05@40.36493224,2520000@4.809e-05@9730.23255811,2580000@4.824e-05@7420.47244978,2760000@4.797e-05@927.47166257,2820000@4.798e-05@21809.09713312,2880000@4.798e-05@3700.0,3000000@4.823e-05@2427.31790639,3060000@4.798e-05@188.91707925,3300000@4.798e-05@492.89346585,3360000@4.798e-05@19876.75562045,3420000@4.798e-05@1458.0,3480000@4.798e-05@1025.63104678,3540000@4.808e-05@600.0,3600000@4.798e-05@1415.0,3720000@4.799e-05@170.15337965,3780000@4.78e-05@116.95618537,3900000@4.78e-05@24.90337711,4020000@4.779e-05@200.0,4140000@4.778e-05@296.0,4140000@4.778e-05@296.0,4140000@4.778e-05@296.0,4140000@4.778e-05@296.0,4140000@4.778e-05@296.0,4140000@4.778e-05@296.0,4140000@4.778e-05@296.0,4140000@4.778e-05@296.0,4140000@4.778e-05@296.0,4140000@4.778e-05@296.0,4140000@4.778e-05@296.0,4140000@4.778e-05@296.0,4140000@4.778e-05@296.0,4140000@4.778e-05@296.0,4140000@4.778e-05@296.0,4140000@4.778e-05@296.0,4140000@4.778e-05@296.0,4140000@4.778e-05@296.0,4140000@4.778e-05@296.0,4140000@4.778e-05@296.0,4140000@4.778e-05@296.0,4140000@4.778e-05@296.0,4140000@4.778e-05@296.0,4140000@4.778e-05@296.0,4140000@4.778e-05@296.0,4140000@4.778e-05@296.0
2018-11-05 21:00,BAT/BTC,uobi,70,70,0@4.754e-05@166.0,60000@4.747e-05@5646.0,120000@4.775e-05@4.0,180000@4.769e-05@2.0,240000@4.766e-05@3.0,300000@4.759e-05@12.0,360000@4.772e-05@13297.0,420000@4.782e-05@3.0,480000@4.781e-05@5.0,540000@4.785e-05@3.0,600000@4.783e-05@2.0,660000@4.78e-05@2.0,720000@4.785e-05@7.0,780000@4.784e-05@4.0,840000@4.782e-05@231.80396659707725,900000@4.782e-05@9.0,960000@4.791e-05@7.0,1020000@4.791e-05@5.0,1080000@4.791e-05@2390.0,1140000@4.791e-05@439.0,1200000@4.8e-05@3.0,1260000@4.798e-05@6.0,1320000@4.806e-05@3713.0,1380000@4.806e-05@1.0,1440000@4.806e-05@3.0,1500000@4.807e-05@2.0,1560000@4.811e-05@3.0,1620000@4.812e-05@5.0,1680000@4.809e-05@3.0,1740000@4.812e-05@3.0,1800000@4.813e-05@27.0,1860000@4.814e-05@10.0,1920000@4.813e-05@6.0,1980000@4.814e-05@2.0,2040000@4.816e-05@3.0,2100000@4.82e-05@1.0,2160000@4.824e-05@6.0,2220000@4.822e-05@10.0,2280000@4.825e-05@5.0,2340000@4.824e-05@15.0,2400000@4.824e-05@29.0,2460000@4.821e-05@241.0,2520000@4.806e-05@10.0,2580000@4.804e-05@1106.0,2640000@4.803e-05@4.0,2700000@4.801e-05@2.0,2760000@4.802e-05@319.0,2820000@4.801e-05@3123.0,2880000@4.788e-05@8677.0,2940000@4.795e-05@2.0,3000000@4.802e-05@667.0,3060000@4.795e-05@909.0,3120000@4.791e-05@86139.0,3180000@4.813e-05@5465.0,3240000@4.813e-05@3.0,3300000@4.807e-05@1430.0,3360000@4.805e-05@390.0,3420000@4.795e-05@5033.0,3480000@4.827e-05@2043.0,3540000@4.807e-05@33191.0,3600000@4.863e-05@145090.3944067448,3660000@4.706e-05@26.0,3720000@4.706e-05@3.0,3780000@4.706e-05@4.0,3840000@4.718e-05@2.0,3900000@4.725e-05@3.0,3960000@4.725e-05@23.0,4020000@4.717e-05@4.0,4080000@4.714e-05@24.0,4140000@4.709e-05@92.0
2018-11-05 21:00,BAT/BTC,tbtc,70,70,0@4.896e-05@100.0,60000@4.952e-05@200.0,420000@4.989e-05@300.0,1140000@4.93e-05@100.0,2280000@4.895e-05@100.0,2340000@4.897e-05@100.0,2400000@4.83e-05@100.0,4140000@4.91e-05@300.0,4200000@4.962e-05@100.0,4500000@4.957e-05@5900.0,5640000@4.968e-05@100.0,7500000@4.989e-05@100.0,7920000@4.934e-05@21000.0,8160000@5e-05@1800.0,8280000@5.05e-05@700.0,8640000@5.07e-05@200.0,8940000@5.113e-05@200.0,9000000@5.107e-05@200.0,9060000@5.108e-05@800.0,10920000@4.996e-05@24600.0,11280000@4.951e-05@1400.0,13920000@4.951e-05@500.0,15780000@4.892e-05@100.0,19980000@4.863e-05@100.0,23760000@4.913e-05@900.0,23820000@4.914e-05@1000.0,24300000@4.841e-05@700.0,24900000@4.799e-05@100.0,25200000@4.813e-05@200.0,25680000@4.717e-05@500.0,26280000@4.723e-05@700.0,28800000@4.757e-05@100.0,29340000@4.735e-05@200.0,29400000@4.735e-05@600.0,29640000@4.749e-05@1000.0,30660000@4.711e-05@400.0,32220000@4.82e-05@600.0,34260000@4.807e-05@15100.0,34620000@4.977e-05@300.0,34860000@5.029e-05@300.0,34920000@5.003e-05@21800.0,34980000@4.978e-05@9000.0,35040000@4.944e-05@400.0,35100000@4.944e-05@1200.0,35220000@4.952e-05@5400.0,36240000@4.741e-05@300.0,36840000@4.74e-05@600.0,36900000@4.7e-05@600.0,36960000@4.7e-05@200.0,41880000@4.782e-05@100.0,46440000@4.828e-05@25800.0,46920000@4.828e-05@100.0,47100000@4.828e-05@5000.0,47820000@4.86e-05@8500.0,48720000@4.861e-05@100.0,49620000@4.834e-05@13500.0,50100000@4.834e-05@100.0,51180000@4.848e-05@25800.0,53580000@4.871e-05@100.0,53880000@4.873e-05@600.0,54360000@4.841e-05@100.0,57840000@4.75e-05@1000.0,58080000@4.729e-05@200.0,58140000@4.705e-05@100.0,58440000@4.705e-05@8000.0,59340000@4.758e-05@100.0,59400000@4.761e-05@300.0,63480000@4.75e-05@1300.0,66960000@4.817e-05@16600.0,67020000@4.791e-05@300.0
2018-11-06 16:06,OST/USDT,teio,70,71,0@0.0502@0.0502,60000@0.0502@0.0502,120000@0.0502@0.0502,180000@0.0502@0.0502,240000@0.0502@0.0502,300000@0.0502@0.0502,360000@0.0502@0.0502,420000@0.0502@0.0502,480000@0.0502@0.0502,540000@0.0502@0.0502,600000@0.0502@0.0502,660000@0.0502@0.0502,720000@0.0502@0.0502,780000@0.0502@0.0502,840000@0.0502@0.0502,900000@0.0502@0.0502,960000@0.0502@0.0502,1020000@0.0502@0.0502,1080000@0.0502@0.0502,1140000@0.0502@0.0502,1200000@0.0502@0.0502,1260000@0.0502@0.0502,1320000@0.0502@0.0502,1380000@0.0502@0.0502,1440000@0.0502@0.0502,1500000@0.0502@0.0502,1560000@0.0502@0.0502,1620000@0.0502@0.0502,1680000@0.0502@0.0502,1740000@0.0502@0.0502,1800000@0.0502@0.0502,1860000@0.0502@0.0502,1920000@0.0502@0.0502,1980000@0.0502@0.0502,2040000@0.0502@0.0502,2100000@0.0502@0.0502,2160000@0.0502@0.0502,2220000@0.0502@0.0502,2280000@0.0502@0.0502,2340000@0.0502@0.0502,2400000@0.0502@0.0502,2460000@0.0502@0.0502,2520000@0.0502@0.0502,2580000@0.0502@0.0502,2640000@0.0502@0.0502,2700000@0.0502@0.0502,2760000@0.0502@0.0502,2820000@0.0502@0.0502,2880000@0.0502@0.0502,2940000@0.0502@0.0502,3000000@0.0502@0.0502,3060000@0.0502@0.0502,3120000@0.0502@0.0502,3180000@0.0502@0.0502,3240000@0.0502@0.0502,3300000@0.0502@0.0502,3360000@0.0502@0.0502,3420000@0.0502@0.0502,3480000@0.0502@0.0502,3540000@0.0502@0.0502,3600000@0.0502@0.0502,3660000@0.0502@0.0502,3720000@0.0502@0.0502,3780000@0.0502@0.0502,3840000@0.0502@0.0502,3900000@0.0502@0.0502,3960000@0.0502@0.0502,4020000@0.0502@0.0502,4080000@0.0502@0.0502,4140000@0.0502@0.0502,4200000@0.0505@0.0505
2018-11-06 16:06,OST/BTC,uobi,70,70,0@7.87e-06@6.18,60000@7.82e-06@4.28,120000@7.85e-06@2.39,180000@7.78e-06@7.53,240000@7.81e-06@12.35,300000@7.76e-06@93.68,360000@7.78e-06@96.73,420000@7.74e-06@19.57,480000@7.76e-06@5.38,540000@7.76e-06@321.41,600000@7.75e-06@2.33,660000@7.76e-06@8.46,720000@7.75e-06@2.09,780000@7.76e-06@2.75,840000@7.75e-06@2.17,900000@7.76e-06@1.95,960000@7.75e-06@9407.83,1020000@7.76e-06@3.14,1080000@7.76e-06@1.9,1140000@7.76e-06@0.6,1200000@7.76e-06@1.34,1260000@7.76e-06@0.76,1320000@7.77e-06@2.71,1380000@7.76e-06@3110.81,1440000@7.75e-06@0.0,1500000@7.75e-06@2.5,1560000@7.76e-06@4.04,1620000@7.75e-06@1.53,1680000@7.75e-06@4.07,1740000@7.75e-06@2.96,1800000@7.74e-06@2102.95,1860000@7.74e-06@0.75,1920000@7.75e-06@1.26,1980000@7.78e-06@5037.42,2040000@7.75e-06@4.06,2100000@7.75e-06@1.75,2160000@7.75e-06@1.18,2220000@7.74e-06@1.79,2280000@7.75e-06@1.08,2340000@7.75e-06@1.28,2400000@7.75e-06@0.53,2460000@7.73e-06@3.11,2520000@7.76e-06@1.97,2580000@7.75e-06@0.97,2640000@7.75e-06@103.39,2700000@7.75e-06@1.7,2760000@7.75e-06@8494.44,2820000@7.75e-06@2.54,2880000@7.74e-06@1.69,2940000@7.76e-06@2.8,3000000@7.76e-06@1.56,3060000@7.78e-06@4.28,3120000@7.77e-06@2678.63,3180000@7.75e-06@1.2,3240000@7.78e-06@3.27,3300000@7.76e-06@1.84,3360000@7.73e-06@0.43,3420000@7.74e-06@0.95,3480000@7.75e-06@1.04,3540000@7.76e-06@1.4,3600000@7.78e-06@3.55,3660000@7.76e-06@803.82,3720000@7.8e-06@1.46,3780000@7.78e-06@21.34,3840000@7.79e-06@15231.59,3900000@7.79e-06@3339.54,3960000@7.79e-06@3942.51,4020000@7.78e-06@17697.51,4080000@7.78e-06@0.75,4140000@7.8e-06@1601.21
2018-11-06 22:14,REP/BTC,trex,70,70,0@0.00226552@18.53879021,720000@0.0022471@0.40314304,960000@0.0022655@0.48462739,1260000@0.00226553@26.14223821,1500000@0.00226552@11.48562587,1980000@0.00226553@13.64517623,1980000@0.00226553@13.64517623,1980000@0.00226553@13.64517623,1980000@0.00226553@13.64517623,1980000@0.00226553@13.64517623,1980000@0.00226553@13.64517623,1980000@0.00226553@13.64517623,1980000@0.00226553@13.64517623,1980000@0.00226553@13.64517623,1980000@0.00226553@13.64517623,1980000@0.00226553@13.64517623,1980000@0.00226553@13.64517623,1980000@0.00226553@13.64517623,1980000@0.00226553@13.64517623,1980000@0.00226553@13.64517623,1980000@0.00226553@13.64517623,1980000@0.00226553@13.64517623,1980000@0.00226553@13.64517623,1980000@0.00226553@13.64517623,1980000@0.00226553@13.64517623,1980000@0.00226553@13.64517623,1980000@0.00226553@13.64517623,1980000@0.00226553@13.64517623,1980000@0.00226553@13.64517623,1980000@0.00226553@13.64517623,1980000@0.00226553@13.64517623,1980000@0.00226553@13.64517623,1980000@0.00226553@13.64517623,1980000@0.00226553@13.64517623,1980000@0.00226553@13.64517623,1980000@0.00226553@13.64517623,1980000@0.00226553@13.64517623,1980000@0.00226553@13.64517623,1980000@0.00226553@13.64517623,1980000@0.00226553@13.64517623,1980000@0.00226553@13.64517623,1980000@0.00226553@13.64517623,1980000@0.00226553@13.64517623,1980000@0.00226553@13.64517623,1980000@0.00226553@13.64517623,1980000@0.00226553@13.64517623,1980000@0.00226553@13.64517623,1980000@0.00226553@13.64517623,1980000@0.00226553@13.64517623,1980000@0.00226553@13.64517623,1980000@0.00226553@13.64517623,1980000@0.00226553@13.64517623,1980000@0.00226553@13.64517623,1980000@0.00226553@13.64517623,1980000@0.00226553@13.64517623,1980000@0.00226553@13.64517623,1980000@0.00226553@13.64517623,1980000@0.00226553@13.64517623,1980000@0.00226553@13.64517623,1980000@0.00226553@13.64517623,1980000@0.00226553@13.64517623,1980000@0.00226553@13.64517623,1980000@0.00226553@13.64517623,1980000@0.00226553@13.64517623,1980000@0.00226553@13.64517623,1980000@0.00226553@13.64517623,1980000@0.00226553@13.64517623,1980000@0.00226553@13.64517623,1980000@0.00226553@13.64517623,1980000@0.00226553@13.64517623
2018-11-06 22:14,REP/BTC,tbtc,70,70,0@0.002227@1.0,3600000@0.002246@0.058,21060000@0.002256@0.843,23040000@0.002258@0.653,35580000@0.002248@1.414,40920000@0.002225@1.466,42540000@0.002248@0.057,50520000@0.002226@1.6,51540000@0.00223@1.914,71280000@0.002243@0.046,76680000@0.002248@0.63,84900000@0.002223@1.045,95040000@0.002237@0.025,95640000@0.00222@0.348,97260000@0.002245@0.045,104940000@0.002266@0.4,105000000@0.002263@0.4,124320000@0.00227@0.044,150480000@0.00229@0.043,161400000@0.002271@0.962,176700000@0.00229@0.045,191100000@0.0023@1.02,196200000@0.002317@1.423,196380000@0.002334@3.515,196620000@0.002306@0.02,214260000@0.002345@0.053,228960000@0.00235@0.02,238860000@0.002374@26.324,238920000@0.002386@8.354,238980000@0.002375@0.517,241800000@0.002401@7.221,242160000@0.002396@0.043,249180000@0.002371@0.858,259260000@0.002362@6.461,264660000@0.002369@3.2,271320000@0.002403@0.059,271680000@0.002404@0.029,273840000@0.002405@0.025,273960000@0.002407@0.04,274020000@0.002409@0.04,274080000@0.002415@0.12,274380000@0.002416@0.02,274560000@0.002419@0.047,283860000@0.002366@3.473,286320000@0.002351@10.603,286500000@0.00235@0.1,292920000@0.0023@0.8,302400000@0.002333@0.042,304440000@0.002307@0.146,326760000@0.002319@0.043,342660000@0.00227@8.748,358200000@0.002301@0.043,358680000@0.002267@0.074,370680000@0.002288@0.257,389280000@0.002299@0.101,391500000@0.002312@0.043,426660000@0.00229@0.044,432300000@0.002254@6.989,433800000@0.002254@0.2,446640000@0.002241@5.585,450960000@0.002278@0.045,466380000@0.002248@0.157,479760000@0.002239@0.045,499440000@0.002251@0.157,504960000@0.002263@0.045,523800000@0.002271@0.044,531900000@0.002278@1.796,540960000@0.002273@0.471,550740000@0.002249@1.014,553260000@0.002254@0.163
2018-11-07 15:23,ZEN/BTC,trex,70,70,0@0.00236106@0.42353499,120000@0.00235748@30.151,180000@0.00245@555.97769464,240000@0.00237105@117.71012948,300000@0.00237225@165.0,360000@0.00237225@3.20429343,420000@0.00237227@47.50596076,540000@0.00237227@8.6,600000@0.00237227@6.41950781,720000@0.00237241@18.25,780000@0.00237241@96.36411601,840000@0.0023515@130.53401105,900000@0.00235172@4.51953864,1020000@0.00235172@4.02628867,1080000@0.00235172@4.68781929,1140000@0.00235172@5.02821258,1260000@0.0023515@14.92,1320000@0.0023515@26.73663841,1380000@0.0024498@566.22624954,1440000@0.00236001@26.27,1500000@0.00237@30.93251122,1560000@0.00234141@241.73809901,1620000@0.0023377@33.71656898,1680000@0.00235797@7.69881313,1740000@0.0023673@41.04,1860000@0.00233878@459.1493597,1920000@0.00245@438.96474331,1980000@0.00240834@8.4022963,2040000@0.00239636@11.90859943,2100000@0.00237029@24.0,2160000@0.00235069@409.69924923,2220000@0.00234595@7.80210119,2340000@0.00238@11.34555841,2460000@0.00238@8.52553268,2520000@0.0023445@464.67062167,2640000@0.00237911@1408.67246996,2700000@0.00237479@347.22793034,2760000@0.00237474@49.39288369,3000000@0.00236293@199.29222681,3120000@0.0023644@17.38140871,3420000@0.0023644@41.35424325,3600000@0.00237474@35.22048525,3660000@0.00239852@2.30635748,3720000@0.00245@810.53060459,3780000@0.00237587@21.48740871,3900000@0.00241383@16.99580247,3960000@0.00240254@3.61276143,4080000@0.00240621@50.13351668,4140000@0.00240789@5.89788,4140000@0.00240789@5.89788,4140000@0.00240789@5.89788,4140000@0.00240789@5.89788,4140000@0.00240789@5.89788,4140000@0.00240789@5.89788,4140000@0.00240789@5.89788,4140000@0.00240789@5.89788,4140000@0.00240789@5.89788,4140000@0.00240789@5.89788,4140000@0.00240789@5.89788,4140000@0.00240789@5.89788,4140000@0.00240789@5.89788,4140000@0.00240789@5.89788,4140000@0.00240789@5.89788,4140000@0.00240789@5.89788,4140000@0.00240789@5.89788,4140000@0.00240789@5.89788,4140000@0.00240789@5.89788,4140000@0.00240789@5.89788,4140000@0.00240789@5.89788,4140000@0.00240789@5.89788
2018-11-08 16:57,SPC/BTC,tbtc,70,70,0@6.4e-06@3570.0,60000@6.1e-06@680.0,120000@6e-06@250.0,180000@5.9e-06@500.0,240000@6.4e-06@2750.0,300000@6.5e-06@1160.0,360000@6.3e-06@2610.0,420000@6.6e-06@450.0,540000@6e-06@2240.0,600000@6.1e-06@640.0,660000@6.2e-06@3770.0,720000@5.6e-06@2470.0,840000@5.6e-06@1490.0,960000@6e-06@350.0,1020000@6e-06@2130.0,1080000@5.5e-06@25460.0,1140000@5.1e-06@1220.0,1200000@5e-06@3670.0,1440000@5.6e-06@30.0,1500000@5.3e-06@13960.0,1560000@5.2e-06@200.0,1680000@5.3e-06@1120.0,1980000@5e-06@1010.0,2040000@5.3e-06@4110.0,2100000@4.9e-06@2000.0,2160000@5.2e-06@5280.0,2220000@5.2e-06@840.0,2340000@5.2e-06@2740.0,2400000@5.3e-06@80.0,2460000@5.5e-06@960.0,2640000@5.5e-06@480.0,2700000@5.4e-06@1740.0,2760000@5.2e-06@30.0,2880000@5.2e-06@20.0,2940000@4.8e-06@8990.0,3120000@4.8e-06@1720.0,3180000@4.8e-06@50.0,3240000@5.1e-06@1760.0,3300000@5.2e-06@2940.0,3360000@5.2e-06@580.0,3480000@5.1e-06@500.0,3540000@5.4e-06@10270.0,3600000@5.6e-06@10.0,3960000@5.2e-06@1000.0,4140000@5.4e-06@290.0,4320000@4.6e-06@13060.0,4560000@4.7e-06@20.0,4740000@4.8e-06@20.0,5640000@4.9e-06@1580.0,5700000@4.7e-06@13000.0,5760000@4.5e-06@26600.0,5820000@4.7e-06@230.0,6120000@4.9e-06@1320.0,6540000@5e-06@310.0,6720000@4.7e-06@270.0,6840000@4.7e-06@15700.0,7140000@5e-06@28680.0,7260000@4.6e-06@200.0,7320000@4.7e-06@30.0,7440000@4.5e-06@70.0,7680000@4.8e-06@1550.0,7800000@4.5e-06@10810.0,7860000@4.4e-06@1400.0,8100000@4.5e-06@320.0,8220000@4.5e-06@100.0,8280000@4.8e-06@200.0,8340000@4.9e-06@120.0,8460000@4.8e-06@100.0,8640000@4.7e-06@80.0,8940000@5.3e-06@270.0
2018-11-09 18:17,ZIL/USDT,teio,70,71,0@0.0347@0.0347,60000@0.0347@0.0347,120000@0.0347@0.0347,180000@0.0347@0.0347,240000@0.0347@0.0347,300000@0.0347@0.0347,360000@0.0347@0.0347,420000@0.0347@0.0347,480000@0.0347@0.0347,540000@0.0347@0.0347,600000@0.0347@0.0347,660000@0.0347@0.0347,720000@0.0347@0.0347,780000@0.0347@0.0347,840000@0.0347@0.0347,900000@0.0347@0.0347,960000@0.0347@0.0347,1020000@0.0347@0.0347,1080000@0.0347@0.0347,1140000@0.0347@0.0347,1200000@0.0347@0.0347,1260000@0.0347@0.0347,1320000@0.0347@0.0347,1380000@0.0347@0.0347,1440000@0.0347@0.0347,1500000@0.0347@0.0347,1560000@0.0347@0.0347,1620000@0.0347@0.0347,1680000@0.0347@0.0347,1740000@0.0347@0.0347,1800000@0.0347@0.0347,1860000@0.0347@0.0347,1920000@0.0347@0.0347,1980000@0.0347@0.0347,2040000@0.0347@0.0347,2100000@0.0347@0.0347,2160000@0.0347@0.0347,2220000@0.0347@0.0347,2280000@0.0347@0.0347,2340000@0.0347@0.0347,2400000@0.0347@0.0347,2460000@0.0347@0.0347,2520000@0.0347@0.0347,2580000@0.0347@0.0347,2640000@0.0347@0.0347,2700000@0.0347@0.0347,2760000@0.0347@0.0347,2820000@0.0347@0.0347,2880000@0.0347@0.0347,2940000@0.0347@0.0347,3000000@0.0347@0.0347,3060000@0.0347@0.0347,3120000@0.0347@0.0347,3180000@0.0347@0.0347,3240000@0.0347@0.0347,3300000@0.0347@0.0347,3360000@0.0347@0.0347,3420000@0.0347@0.0347,3480000@0.0347@0.0347,3540000@0.0347@0.0347,3600000@0.0347@0.0347,3660000@0.0347@0.0347,3720000@0.0347@0.0347,3780000@0.0347@0.0347,3840000@0.0347@0.0347,3900000@0.0347@0.0347,3960000@0.0347@0.0347,4020000@0.0347@0.0347,4080000@0.0347@0.0347,4140000@0.0347@0.0347,4200000@0.0347@0.0347
2018-11-09 18:17,OST/USDT,teio,70,71,0@0.0521@0.0521,60000@0.0521@0.0521,120000@0.0521@0.0521,180000@0.0521@0.0521,240000@0.0521@0.0521,300000@0.0521@0.0521,360000@0.0521@0.0521,420000@0.0521@0.0521,480000@0.0521@0.0521,540000@0.0521@0.0521,600000@0.0521@0.0521,660000@0.0521@0.0521,720000@0.0521@0.0521,780000@0.0521@0.0521,840000@0.0521@0.0521,900000@0.0521@0.0521,960000@0.0521@0.0521,1020000@0.0521@0.0521,1080000@0.0521@0.0521,1140000@0.0521@0.0521,1200000@0.0521@0.0521,1260000@0.0521@0.0521,1320000@0.0521@0.0521,1380000@0.0521@0.0521,1440000@0.0521@0.0521,1500000@0.0521@0.0521,1560000@0.0521@0.0521,1620000@0.0521@0.0521,1680000@0.0521@0.0521,1740000@0.0521@0.0521,1800000@0.0521@0.0521,1860000@0.0521@0.0521,1920000@0.0521@0.0521,1980000@0.0521@0.0521,2040000@0.0521@0.0521,2100000@0.0521@0.0521,2160000@0.0521@0.0521,2220000@0.0521@0.0521,2280000@0.0521@0.0521,2340000@0.0521@0.0521,2400000@0.0521@0.0521,2460000@0.0521@0.0521,2520000@0.0521@0.0521,2580000@0.0521@0.0521,2640000@0.0521@0.0521,2700000@0.0521@0.0521,2760000@0.0521@0.0521,2820000@0.0521@0.0521,2880000@0.0521@0.0521,2940000@0.0521@0.0521,3000000@0.0521@0.0521,3060000@0.0521@0.0521,3120000@0.0521@0.0521,3180000@0.0521@0.0521,3240000@0.0521@0.0521,3300000@0.0521@0.0521,3360000@0.0521@0.0521,3420000@0.0521@0.0521,3480000@0.0521@0.0521,3540000@0.0521@0.0521,3600000@0.0521@0.0521,3660000@0.0521@0.0521,3720000@0.0521@0.0521,3780000@0.0521@0.0521,3840000@0.0521@0.0521,3900000@0.0521@0.0521,3960000@0.0521@0.0521,4020000@0.0521@0.0521,4080000@0.0521@0.0521,4140000@0.0521@0.0521,4200000@0.0521@0.0521
2018-11-09 18:17,ZIL/BTC,tbtc,70,70,0@5.45e-06@100.0,3060000@5.48e-06@700.0,3180000@5.48e-06@22200.0,3300000@5.5e-06@400.0,4080000@5.53e-06@100.0,4140000@5.61e-06@21200.0,4440000@5.59e-06@100.0,7740000@5.52e-06@700.0,9060000@5.53e-06@500.0,10740000@5.56e-06@100.0,16080000@5.48e-06@100.0,17700000@5.45e-06@11000.0,21840000@5.48e-06@2900.0,22440000@5.51e-06@100.0,23100000@5.47e-06@9000.0,27960000@5.45e-06@2800.0,28800000@5.48e-06@100.0,33360000@5.49e-06@1600.0,34200000@5.51e-06@100.0,36000000@5.47e-06@800.0,37140000@5.46e-06@1000.0,37260000@5.45e-06@21000.0,39480000@5.45e-06@100.0,40500000@5.41e-06@200.0,44940000@5.44e-06@100.0,45420000@5.41e-06@2900.0,49680000@5.41e-06@200.0,51300000@5.41e-06@1400.0,52140000@5.41e-06@100.0,52560000@5.4e-06@2700.0,53220000@5.41e-06@100.0,57480000@5.41e-06@100.0,59100000@5.41e-06@1200.0,60660000@5.42e-06@300.0,61140000@5.45e-06@100.0,65040000@5.48e-06@75700.0,65580000@5.5e-06@24000.0,65700000@5.52e-06@7900.0,66300000@5.49e-06@54500.0,66360000@5.49e-06@17300.0,66420000@5.5e-06@24000.0,66540000@5.55e-06@100.0,71160000@5.55e-06@100.0,76380000@5.46e-06@27100.0,76440000@5.39e-06@115700.0,77940000@5.47e-06@32400.0,79920000@5.48e-06@900.0,84000000@5.5e-06@100.0,88440000@5.5e-06@100.0,89580000@5.47e-06@1200.0,92880000@5.47e-06@100.0,93120000@5.45e-06@5600.0,93180000@5.45e-06@2500.0,94200000@5.47e-06@400.0,97380000@5.44e-06@100.0,98040000@5.47e-06@100.0,98880000@5.47e-06@41800.0,104640000@5.45e-06@100.0,109680000@5.45e-06@100.0,112500000@5.47e-06@100.0,115080000@5.47e-06@100.0,116940000@5.44e-06@14500.0,118920000@5.45e-06@3000.0,119220000@5.45e-06@2500.0,121200000@5.42e-06@200.0,121980000@5.42e-06@100.0,122040000@5.42e-06@64500.0,123840000@5.44e-06@1000.0,126540000@5.43e-06@6200.0,128820000@5.42e-06@3800.0
2018-11-09 18:17,ZIL/BTC,uobi,70,70,0@5.3994e-06@10.65,60000@5.4006e-06@16.54,120000@5.3994e-06@16.82,180000@5.3995e-06@8.5,240000@5.3972e-06@218.87,300000@5.3995e-06@6.57,360000@5.3997e-06@7.86,420000@5.3997e-06@5.97,480000@5.3997e-06@971.58,540000@5.3997e-06@4.46,600000@5.3998e-06@13.08,660000@5.4038e-06@6.82,720000@5.4049e-06@25.0,780000@5.4031e-06@18.6,840000@5.4014e-06@45.25,900000@5.4031e-06@17.57,960000@5.4031e-06@30.39,1020000@5.4047e-06@37.75,1080000@5.4032e-06@109.42,1140000@5.405e-06@27.85,1200000@5.405e-06@17.57,1260000@5.405e-06@6.09,1320000@5.405e-06@33.89,1380000@5.4038e-06@17.36,1440000@5.4052e-06@18.11,1500000@5.4144e-06@1285.03,1560000@5.3994e-06@19.96,1620000@5.3963e-06@17.4,1680000@5.3998e-06@17.94,1740000@5.3998e-06@3.63,1800000@5.4014e-06@35.46,1860000@5.3997e-06@14.5,1920000@5.4e-06@6.98,1980000@5.3995e-06@8.98,2040000@5.3982e-06@19.0,2100000@5.4039e-06@58189.42,2160000@5.393e-06@14647.23,2220000@5.3982e-06@5.13,2280000@5.3982e-06@6.77,2340000@5.4004e-06@51735.09,2400000@5.4042e-06@24.57,2460000@5.4009e-06@28.53,2520000@5.4025e-06@26.38,2580000@5.4024e-06@39.15,2640000@5.4056e-06@4.54,2700000@5.4082e-06@183.58,2760000@5.4072e-06@8.01,2820000@5.4061e-06@6.45,2880000@5.4063e-06@9.97,2940000@5.4062e-06@9.76,3000000@5.4057e-06@4.09,3060000@5.4044e-06@1.53,3120000@5.4056e-06@17.01,3180000@5.4037e-06@9.92,3240000@5.4074e-06@17.59,3300000@5.403e-06@14.53,3360000@5.403e-06@24.53,3420000@5.4018e-06@19.93,3480000@5.4032e-06@25.42,3540000@5.4038e-06@35.06,3600000@5.4013e-06@12.15,3660000@5.4012e-06@15.93,3720000@5.4021e-06@14953.4,3780000@5.4035e-06@8.54,3840000@5.4064e-06@22.2,3900000@5.4059e-06@27.31,3960000@5.4058e-06@15.59,4020000@5.4066e-06@50.38,4080000@5.4066e-06@90.54,4140000@5.4062e-06@51.77
2018-11-09 18:17,ZIL/BTC,coin,70,70,0@None@0.0,60000@None@0.0,120000@None@0.0,180000@None@0.0,240000@None@0.0,300000@None@0.0,360000@None@0.0,420000@None@0.0,480000@None@0.0,540000@None@0.0,600000@None@0.0,660000@None@0.0,720000@None@0.0,780000@None@0.0,840000@None@0.0,900000@None@0.0,960000@None@0.0,1020000@None@0.0,1080000@None@0.0,1140000@None@0.0,1200000@None@0.0,1260000@None@0.0,1320000@None@0.0,1380000@None@0.0,1440000@None@0.0,1500000@None@0.0,1560000@None@0.0,1620000@None@0.0,1680000@None@0.0,1740000@None@0.0,1800000@None@0.0,1860000@None@0.0,1920000@None@0.0,1980000@None@0.0,2040000@None@0.0,2100000@None@0.0,2160000@None@0.0,2220000@None@0.0,2280000@None@0.0,2340000@None@0.0,2400000@None@0.0,2460000@None@0.0,2520000@None@0.0,2580000@None@0.0,2640000@None@0.0,2700000@None@0.0,2760000@None@0.0,2820000@5.42e-06@2.3334,2880000@None@0.0,2940000@5.42e-06@1.4174,3000000@None@0.0,3060000@None@0.0,3120000@None@0.0,3180000@None@0.0,3240000@None@0.0,3300000@None@0.0,3360000@None@0.0,3420000@None@0.0,3480000@None@0.0,3540000@None@0.0,3600000@None@0.0,3660000@None@0.0,3720000@None@0.0,3780000@None@0.0,3840000@None@0.0,3900000@5.42e-06@209.0,3960000@None@0.0,4020000@None@0.0,4080000@None@0.0,4140000@None@0.0
2018-11-09 18:17,OST/BTC,uobi,70,70,0@8.04e-06@0.4,60000@8.04e-06@0.18,120000@8.06e-06@4.34,180000@8.06e-06@1.94,240000@8.06e-06@5.95,300000@8.07e-06@2.0,360000@8.08e-06@3.62,420000@8.06e-06@7.69,480000@8.06e-06@1.42,540000@8.06e-06@1.57,600000@8.06e-06@1.73,660000@8.04e-06@4.01,720000@8.06e-06@2.31,780000@8.05e-06@1.6,840000@8.06e-06@0.37,900000@8.06e-06@1.81,960000@8.06e-06@1.09,1020000@8.07e-06@0.92,1080000@8.08e-06@0.61,1140000@8.07e-06@0.7,1200000@8.06e-06@0.73,1260000@8.06e-06@0.98,1320000@8.09e-06@0.63,1380000@8.03e-06@0.68,1440000@8.06e-06@0.51,1500000@8.06e-06@0.87,1560000@8.05e-06@3.72,1620000@8.06e-06@1.27,1680000@8.06e-06@0.71,1740000@8.06e-06@1.16,1800000@8.04e-06@0.52,1860000@8.03e-06@0.94,1920000@8.06e-06@1.84,1980000@8.06e-06@3.67,2040000@8.07e-06@2.23,2100000@8.07e-06@3.31,2160000@8.08e-06@1.86,2220000@8.07e-06@2.04,2280000@8.06e-06@5.09,2340000@8.1e-06@3.23,2400000@8.07e-06@7.7,2460000@8.07e-06@10.5,2520000@8.08e-06@4.52,2580000@8.07e-06@2.1,2640000@8.09e-06@1.08,2700000@8.09e-06@17581.98,2760000@8.1e-06@38.84,2820000@8.09e-06@0.14,2880000@8.06e-06@0.83,2940000@8.07e-06@2.12,3000000@8.09e-06@2.42,3060000@8.08e-06@1.9,3120000@8.09e-06@1.88,3180000@8.06e-06@3.55,3240000@8.09e-06@76679.64,3300000@8.1e-06@1.72,3360000@8.11e-06@1.79,3420000@8.08e-06@1.1,3480000@8.08e-06@0.96,3540000@8.12e-06@0.58,3600000@8.12e-06@0.89,3660000@8.14e-06@0.86,3720000@8.13e-06@1906.11,3780000@8.14e-06@0.72,3840000@8.17e-06@3.92,3900000@8.13e-06@0.86,3960000@8.14e-06@1.73,4020000@8.14e-06@3.08,4080000@8.13e-06@0.72,4140000@8.14e-06@3.12
2018-11-09 18:23,BCH/BTC,uobi,70,70,0@0.084957@45.4275,60000@0.085011@22.8392,120000@0.085071@109.0249,180000@0.085178@40.4259,240000@0.085161@15.3012,300000@0.085157@5.2322,360000@0.085129@23.2757,420000@0.085165@9.9043,480000@0.085117@9.0105,540000@0.085116@27.075,600000@0.085105@23.3286,660000@0.085087@11.5665,720000@0.085193@15.4822,780000@0.085133@12.4802,840000@0.085155@14.6665,900000@0.084993@12.3415,960000@0.085143@12.5317,1020000@0.085177@47.116,1080000@0.085182@39.8894,1140000@0.085276@56.8221,1200000@0.085333@9.0736,1260000@0.085415@16.2265,1320000@0.085256@27.2965,1380000@0.085428@47.9998,1440000@0.085346@28.3967,1500000@0.08543@11.4592,1560000@0.085447@0.0054,1620000@0.085462@0.6731,1680000@0.085407@23.7988,1740000@0.085437@3.0559,1800000@0.085376@14.324,1860000@0.085407@23.2437,1920000@0.085374@39.3283,1980000@0.08541@19.6657,2040000@0.085352@2.8388,2100000@0.085504@24.3552,2160000@0.085577@17.1443,2220000@0.0855@5.2712,2280000@0.085538@16.3195,2340000@0.085579@26.6007,2400000@0.085668@14.3887,2460000@0.085558@21.0069,2520000@0.085568@24.2851,2580000@0.08547@21.8264,2640000@0.085515@17.3365,2700000@0.085432@23.6061,2760000@0.085471@6.5142,2820000@0.085426@19.2049,2880000@0.085432@17.489,2940000@0.085379@18.9579,3000000@0.085338@47.7794,3060000@0.085477@17.4541,3120000@0.085472@35.322,3180000@0.085466@12.8159,3240000@0.08544@13.4446,3300000@0.085407@13.6673,3360000@0.085295@51.6868,3420000@0.085373@10.922,3480000@0.085474@2.9337,3540000@0.085558@28.2413,3600000@0.085494@21.6286,3660000@0.085465@8.8426,3720000@0.085441@9.7081,3780000@0.085498@4.814,3840000@0.085405@46.2081,3900000@0.085335@28.7422,3960000@0.085329@15.6956,4020000@0.085238@86.091,4080000@0.085108@43.8755,4140000@0.085074@16.1244
2018-11-09 18:23,BCH/BTC,coin,70,70,0@None@0.0,60000@None@0.0,120000@0.08517925@0.0574194,180000@None@0.0,240000@None@0.0,300000@None@0.0,360000@0.08523933@0.01397822,420000@None@0.0,480000@None@0.0,540000@None@0.0,600000@None@0.0,660000@None@0.0,720000@0.08556951@0.05718117,780000@None@0.0,840000@None@0.0,900000@None@0.0,960000@None@0.0,1020000@None@0.0,1080000@None@0.0,1140000@None@0.0,1200000@None@0.0,1260000@None@0.0,1320000@None@0.0,1380000@None@0.0,1440000@0.08556951@0.01643524,1500000@0.08525798@3.35385509,1560000@0.08525798@1.64614491,1620000@0.0853245@0.02285863,1680000@None@0.0,1740000@None@0.0,1800000@None@0.0,1860000@None@0.0,1920000@0.08556951@0.00219025,1980000@None@0.0,2040000@None@0.0,2100000@None@0.0,2160000@None@0.0,2220000@0.08521207@0.3116,2280000@None@0.0,2340000@None@0.0,2400000@None@0.0,2460000@None@0.0,2520000@None@0.0,2580000@None@0.0,2640000@None@0.0,2700000@None@0.0,2760000@None@0.0,2820000@None@0.0,2880000@None@0.0,2940000@None@0.0,3000000@None@0.0,3060000@None@0.0,3120000@None@0.0,3180000@None@0.0,3240000@None@0.0,3300000@None@0.0,3360000@None@0.0,3420000@None@0.0,3480000@None@0.0,3540000@None@0.0,3600000@None@0.0,3660000@None@0.0,3720000@None@0.0,3780000@None@0.0,3840000@None@0.0,3900000@None@0.0,3960000@None@0.0,4020000@None@0.0,4080000@None@0.0,4140000@0.085@1.65704388
2018-11-09 18:23,BCH/BTC,trex,70,70,0@0.08503998@0.03509433,60000@0.08503998@0.04435556,120000@0.08503998@31.5420463,180000@0.08503998@15.40717577,240000@0.08503998@0.00834014,300000@0.08503998@0.0947335,420000@0.08525928@9.96960088,480000@0.08538066@0.4952731,600000@0.08538066@1.3481012,660000@0.08572243@11.2599426,720000@0.08572243@0.03234382,780000@0.08572243@6.82730779,1020000@0.08572243@1.842,1080000@0.08572243@2.04879161,1140000@0.08572243@6.51666802,1320000@0.08572236@0.02598825,1380000@0.08572236@0.1,1500000@0.08572232@0.45771795,1560000@0.08522001@2.07647908,1620000@0.08572231@0.44740512,1740000@0.0857223@15.36474031,1920000@0.08527005@34.48975598,1980000@0.08527@0.76103014,2040000@0.08595994@0.13941287,2100000@0.08594997@0.067,2220000@0.08594996@0.04182565,2400000@0.08531002@0.1073556,2700000@0.08578995@0.02512459,2820000@0.08578@3.93943838,3060000@0.08539781@7.62433004,3180000@0.08539781@0.29296189,3240000@0.08539781@2.4292548,3480000@0.08531015@6.912,3540000@0.08531015@0.879,3600000@0.08526001@18.26266278,3780000@0.08519007@7.79847691,3900000@0.08519006@0.6,4020000@0.08519006@1.1983703,4080000@0.08519006@2.20067274,4140000@0.08519007@2.57381453,4200000@0.08519007@0.05166233,4260000@0.08519006@3.12286699,4320000@0.08555107@0.14354066,4320000@0.08555107@0.14354066,4320000@0.08555107@0.14354066,4320000@0.08555107@0.14354066,4320000@0.08555107@0.14354066,4320000@0.08555107@0.14354066,4320000@0.08555107@0.14354066,4320000@0.08555107@0.14354066,4320000@0.08555107@0.14354066,4320000@0.08555107@0.14354066,4320000@0.08555107@0.14354066,4320000@0.08555107@0.14354066,4320000@0.08555107@0.14354066,4320000@0.08555107@0.14354066,4320000@0.08555107@0.14354066,4320000@0.08555107@0.14354066,4320000@0.08555107@0.14354066,4320000@0.08555107@0.14354066,4320000@0.08555107@0.14354066,4320000@0.08555107@0.14354066,4320000@0.08555107@0.14354066,4320000@0.08555107@0.14354066,4320000@0.08555107@0.14354066,4320000@0.08555107@0.14354066,4320000@0.08555107@0.14354066,4320000@0.08555107@0.14354066,4320000@0.08555107@0.14354066,4320000@0.08555107@0.14354066
2018-11-12 11:40,STORM/BTC,trex,70,70,0@1.28e-06@5970.05857394,0@1.28e-06@5970.05857394,0@1.28e-06@5970.05857394,0@1.28e-06@5970.05857394,0@1.28e-06@5970.05857394,0@1.28e-06@5970.05857394,0@1.28e-06@5970.05857394,0@1.28e-06@5970.05857394,0@1.28e-06@5970.05857394,0@1.28e-06@5970.05857394,0@1.28e-06@5970.05857394,0@1.28e-06@5970.05857394,0@1.28e-06@5970.05857394,0@1.28e-06@5970.05857394,0@1.28e-06@5970.05857394,0@1.28e-06@5970.05857394,0@1.28e-06@5970.05857394,0@1.28e-06@5970.05857394,0@1.28e-06@5970.05857394,0@1.28e-06@5970.05857394,0@1.28e-06@5970.05857394,0@1.28e-06@5970.05857394,0@1.28e-06@5970.05857394,0@1.28e-06@5970.05857394,0@1.28e-06@5970.05857394,0@1.28e-06@5970.05857394,0@1.28e-06@5970.05857394,0@1.28e-06@5970.05857394,0@1.28e-06@5970.05857394,0@1.28e-06@5970.05857394,0@1.28e-06@5970.05857394,0@1.28e-06@5970.05857394,0@1.28e-06@5970.05857394,0@1.28e-06@5970.05857394,0@1.28e-06@5970.05857394,0@1.28e-06@5970.05857394,0@1.28e-06@5970.05857394,0@1.28e-06@5970.05857394,0@1.28e-06@5970.05857394,0@1.28e-06@5970.05857394,0@1.28e-06@5970.05857394,0@1.28e-06@5970.05857394,0@1.28e-06@5970.05857394,0@1.28e-06@5970.05857394,0@1.28e-06@5970.05857394,0@1.28e-06@5970.05857394,0@1.28e-06@5970.05857394,0@1.28e-06@5970.05857394,0@1.28e-06@5970.05857394,0@1.28e-06@5970.05857394,0@1.28e-06@5970.05857394,0@1.28e-06@5970.05857394,0@1.28e-06@5970.05857394,0@1.28e-06@5970.05857394,0@1.28e-06@5970.05857394,0@1.28e-06@5970.05857394,0@1.28e-06@5970.05857394,0@1.28e-06@5970.05857394,0@1.28e-06@5970.05857394,0@1.28e-06@5970.05857394,0@1.28e-06@5970.05857394,0@1.28e-06@5970.05857394,0@1.28e-06@5970.05857394,0@1.28e-06@5970.05857394,0@1.28e-06@5970.05857394,0@1.28e-06@5970.05857394,0@1.28e-06@5970.05857394,0@1.28e-06@5970.05857394,0@1.28e-06@5970.05857394,0@1.28e-06@5970.05857394
2018-11-12 11:40,STORM/BTC,tbtc,70,70,0@1.4e-06@12120.0,24720000@1.4e-06@820.0,25200000@1.4e-06@9540.0,30600000@1.4e-06@6160.0,32460000@1.4e-06@15700.0,32580000@1.4e-06@880.0,35340000@1.4e-06@880.0,38040000@1.4e-06@880.0,40740000@1.4e-06@880.0,43440000@1.4e-06@880.0,46200000@1.4e-06@880.0,48660000@1.3e-06@16780.0,48960000@1.3e-06@340.0,68520000@1.3e-06@100.0,74640000@1.3e-06@45860.0,82740000@1.3e-06@2100.0,89100000@1.3e-06@40000.0,104160000@1.3e-06@3000.0,105060000@1.3e-06@5000.0,115860000@1.3e-06@3300.0,124920000@1.4e-06@500.0,130860000@1.4e-06@7230.0,130920000@1.4e-06@46710.0,131100000@1.4e-06@14490.0,143100000@1.3e-06@240.0,144960000@1.3e-06@400.0,149220000@1.3e-06@120.0,179100000@1.3e-06@3680.0,190320000@1.3e-06@29170.0,190740000@1.3e-06@10.0,207840000@1.3e-06@90.0,229260000@1.3e-06@340.0,233160000@1.3e-06@25000.0,247200000@1.4e-06@138660.0,247920000@1.3e-06@46100.0,279300000@1.3e-06@15000.0,285840000@1.3e-06@100.0,290760000@1.4e-06@130.0,341340000@1.3e-06@190.0,342720000@1.3e-06@10.0,369300000@1.3e-06@1560.0,371160000@1.3e-06@63790.0,372660000@1.3e-06@880.0,373740000@1.3e-06@70.0,374460000@1.2e-06@20.0,375360000@1.3e-06@950.0,378000000@1.3e-06@950.0,380700000@1.3e-06@950.0,383400000@1.3e-06@950.0,386040000@1.3e-06@950.0,400440000@1.3e-06@980.0,400800000@1.3e-06@7690.0,403620000@1.3e-06@6730.0,404820000@1.3e-06@950.0,407520000@1.3e-06@950.0,410220000@1.3e-06@950.0,412860000@1.3e-06@950.0,415560000@1.3e-06@950.0,418260000@1.3e-06@950.0,420960000@1.3e-06@950.0,423600000@1.3e-06@950.0,426360000@1.3e-06@950.0,428100000@1.3e-06@19000.0,429000000@1.3e-06@950.0,431700000@1.3e-06@950.0,434400000@1.3e-06@950.0,437100000@1.3e-06@950.0,448860000@1.2e-06@13520.0,450720000@1.2e-06@210.0,451260000@1.2e-06@2660.0
2018-11-12 11:42,BKX/BTC,trex,70,70,0@1.315e-05@211.40248859,480000@1.3e-05@731.544,780000@1.296e-05@540.0,780000@1.296e-05@540.0,780000@1.296e-05@540.0,780000@1.296e-05@540.0,780000@1.296e-05@540.0,780000@1.296e-05@540.0,780000@1.296e-05@540.0,780000@1.296e-05@540.0,780000@1.296e-05@540.0,780000@1.296e-05@540.0,780000@1.296e-05@540.0,780000@1.296e-05@540.0,780000@1.296e-05@540.0,780000@1.296e-05@540.0,780000@1.296e-05@540.0,780000@1.296e-05@540.0,780000@1.296e-05@540.0,780000@1.296e-05@540.0,780000@1.296e-05@540.0,780000@1.296e-05@540.0,780000@1.296e-05@540.0,780000@1.296e-05@540.0,780000@1.296e-05@540.0,780000@1.296e-05@540.0,780000@1.296e-05@540.0,780000@1.296e-05@540.0,780000@1.296e-05@540.0,780000@1.296e-05@540.0,780000@1.296e-05@540.0,780000@1.296e-05@540.0,780000@1.296e-05@540.0,780000@1.296e-05@540.0,780000@1.296e-05@540.0,780000@1.296e-05@540.0,780000@1.296e-05@540.0,780000@1.296e-05@540.0,780000@1.296e-05@540.0,780000@1.296e-05@540.0,780000@1.296e-05@540.0,780000@1.296e-05@540.0,780000@1.296e-05@540.0,780000@1.296e-05@540.0,780000@1.296e-05@540.0,780000@1.296e-05@540.0,780000@1.296e-05@540.0,780000@1.296e-05@540.0,780000@1.296e-05@540.0,780000@1.296e-05@540.0,780000@1.296e-05@540.0,780000@1.296e-05@540.0,780000@1.296e-05@540.0,780000@1.296e-05@540.0,780000@1.296e-05@540.0,780000@1.296e-05@540.0,780000@1.296e-05@540.0,780000@1.296e-05@540.0,780000@1.296e-05@540.0,780000@1.296e-05@540.0,780000@1.296e-05@540.0,780000@1.296e-05@540.0,780000@1.296e-05@540.0,780000@1.296e-05@540.0,780000@1.296e-05@540.0,780000@1.296e-05@540.0,780000@1.296e-05@540.0,780000@1.296e-05@540.0,780000@1.296e-05@540.0,780000@1.296e-05@540.0
2018-11-12 22:06,BCH/BTC,uobi,70,70,0@0.080216@36.761,60000@0.080309@31.3683,120000@0.080282@11.4693,180000@0.080332@38.8016,240000@0.080322@18.938,300000@0.080322@9.1217,360000@0.080337@42.9493,420000@0.080314@24.2712,480000@0.080383@18.2598,540000@0.080361@12.4402,600000@0.0803@6.5914,660000@0.080337@37.1071,720000@0.080291@6.5361,780000@0.080339@17.1309,840000@0.080278@20.1559,900000@0.080251@6.8527,960000@0.080261@23.9579,1020000@0.080058@49.5497,1080000@0.0801@20.9282,1140000@0.080313@13.4253,1200000@0.080341@11.99,1260000@0.080353@5.1394,1320000@0.080435@24.5074,1380000@0.080474@0.7187,1440000@0.080475@32.7879,1500000@0.080412@30.0911,1560000@0.080398@46.1102,1620000@0.080269@13.5584,1680000@0.080418@6.773,1740000@0.080398@14.1181,1800000@0.080352@31.3036,1860000@0.0804@11.7532,1920000@0.080593@13.0535,1980000@0.080649@100.6707,2040000@0.080607@45.4571,2100000@0.080505@46.6061,2160000@0.080122@22.8127,2220000@0.080218@56.9012,2280000@0.080127@19.0414,2340000@0.08016@6.5173,2400000@0.080216@41.427,2460000@0.079865@12.2368,2520000@0.079906@13.8882,2580000@0.079991@17.6922,2640000@0.079868@13.5776,2700000@0.079909@29.776,2760000@0.07984@40.0652,2820000@0.079916@21.7217,2880000@0.079812@32.3242,2940000@0.079858@24.4779,3000000@0.080105@1.579,3060000@0.080082@59.8979,3120000@0.079888@14.0638,3180000@0.079884@33.4024,3240000@0.079907@21.6175,3300000@0.079804@15.6508,3360000@0.07973@33.6587,3420000@0.079781@6.7411,3480000@0.079747@29.9437,3540000@0.079656@0.0079,3600000@0.079674@0.5097,3660000@0.079679@25.7874,3720000@0.079623@18.6843,3780000@0.079626@33.335,3840000@0.079652@2.5842,3900000@0.079712@15.0117,3960000@0.079677@10.3955,4020000@0.079685@26.7651,4080000@0.079649@68.6787,4140000@0.079784@15.548
2018-11-12 22:06,BCH/USDT,teio,70,71,0@514.61@514.61,60000@514.61@514.61,120000@514.61@514.61,180000@513.97@513.97,240000@513@513.01,300000@513.01@513.01,360000@513.01@513.01,420000@513.02@513.02,480000@514.98@514.98,540000@514.93@514.93,600000@514.93@514.93,660000@514.93@514.93,720000@514.93@514.93,780000@514.93@514.93,840000@514.93@514.93,900000@514.99@514.99,960000@514.99@514.99,1020000@517.25@517.25,1080000@517.25@517.25,1140000@515@515,1200000@516.28@516.28,1260000@516.28@516.28,1320000@516.28@516.28,1380000@516.28@516.28,1440000@516.28@516.28,1500000@515.31@515.31,1560000@515.32@515.32,1620000@517.35@517.35,1680000@517.35@517.35,1740000@517.35@517.35,1800000@517.46@517.46,1860000@516.43@516.43,1920000@516.43@516.43,1980000@516.43@516.43,2040000@516.43@516.43,2100000@518.37@518.37,2160000@520@520,2220000@519.37@520,2280000@520.14@520.14,2340000@520.14@520.14,2400000@519.05@519.05,2460000@518.42@519.05,2520000@518.42@518.42,2580000@518.42@518.42,2640000@518.42@518.42,2700000@518.42@518.42,2760000@519@519,2820000@519@519,2880000@519@519,2940000@519@519,3000000@519@519,3060000@518.46@518.46,3120000@518.46@518.46,3180000@518.46@518.46,3240000@518.46@518.46,3300000@518.46@518.46,3360000@518.37@518.37,3420000@518.46@518.46,3480000@518.98@518.98,3540000@518.98@518.98,3600000@518.98@518.98,3660000@517.64@517.64,3720000@518.97@518.97,3780000@518.97@518.97,3840000@518.97@518.97,3900000@518.97@518.97,3960000@518.97@518.97,4020000@518.97@518.97,4080000@518.97@518.97,4140000@518.97@518.97,4200000@518.38@518.38
2018-11-12 22:06,BCH/BTC,coin,70,70,0@None@0.0,60000@None@0.0,120000@0.07972658@0.00118197,180000@None@0.0,240000@None@0.0,300000@None@0.0,360000@None@0.0,420000@None@0.0,480000@None@0.0,540000@None@0.0,600000@None@0.0,660000@None@0.0,720000@None@0.0,780000@None@0.0,840000@None@0.0,900000@None@0.0,960000@None@0.0,1020000@None@0.0,1080000@0.0799135@0.33722349,1140000@None@0.0,1200000@None@0.0,1260000@None@0.0,1320000@None@0.0,1380000@None@0.0,1440000@None@0.0,1500000@None@0.0,1560000@None@0.0,1620000@None@0.0,1680000@None@0.0,1740000@None@0.0,1800000@None@0.0,1860000@None@0.0,1920000@0.08001834@1.0,1980000@None@0.0,2040000@0.08022814@0.00231558,2100000@None@0.0,2160000@0.08054857@0.90882463,2220000@None@0.0,2280000@None@0.0,2340000@None@0.0,2400000@None@0.0,2460000@None@0.0,2520000@None@0.0,2580000@None@0.0,2640000@None@0.0,2700000@0.08044703@0.16926462,2760000@None@0.0,2820000@None@0.0,2880000@None@0.0,2940000@None@0.0,3000000@0.08010553@2.78399547,3060000@0.08024323@0.01629111,3120000@0.08010552@0.35413738,3180000@None@0.0,3240000@None@0.0,3300000@None@0.0,3360000@None@0.0,3420000@None@0.0,3480000@None@0.0,3540000@None@0.0,3600000@None@0.0,3660000@0.08016102@0.0029116,3720000@None@0.0,3780000@None@0.0,3840000@None@0.0,3900000@None@0.0,3960000@None@0.0,4020000@None@0.0,4080000@None@0.0,4140000@None@0.0
2018-11-12 22:06,BCH/BTC,trex,70,70,0@0.07938988@2.71964412,120000@0.07948322@13.82776306,180000@0.07948323@0.13494639,600000@0.0798@0.01541387,780000@0.07948327@0.9064055,840000@0.079483@63.10956828,1200000@0.0798@2.89455546,1320000@0.08005@6.66959103,1440000@0.08017499@0.01310387,1680000@0.08011471@0.167211,1740000@0.08@1.126,1800000@0.08011498@0.18315776,1860000@0.08011497@0.21327056,1920000@0.08011469@0.37340955,2340000@0.08036499@0.65514847,2400000@0.08051997@0.32191713,2520000@0.08051996@0.36936093,2580000@0.08051997@4.44981463,2700000@0.08051997@0.0429366,2760000@0.08011505@0.03334822,2820000@0.08011513@0.01,3060000@0.08020002@4.40425442,3120000@0.0804@0.18081597,3180000@0.0804@0.01521827,3240000@0.0804@0.31145699,3300000@0.080515@0.04437391,3360000@0.08011517@0.0070261,3480000@0.08011517@0.22010989,3600000@0.08038996@0.90169405,3660000@0.08040639@1.58216355,3840000@0.0802@2.05010836,3900000@0.0802@23.49624164,3960000@0.080515@0.25006066,4080000@0.080505@0.00633501,4080000@0.080505@0.00633501,4080000@0.080505@0.00633501,4080000@0.080505@0.00633501,4080000@0.080505@0.00633501,4080000@0.080505@0.00633501,4080000@0.080505@0.00633501,4080000@0.080505@0.00633501,4080000@0.080505@0.00633501,4080000@0.080505@0.00633501,4080000@0.080505@0.00633501,4080000@0.080505@0.00633501,4080000@0.080505@0.00633501,4080000@0.080505@0.00633501,4080000@0.080505@0.00633501,4080000@0.080505@0.00633501,4080000@0.080505@0.00633501,4080000@0.080505@0.00633501,4080000@0.080505@0.00633501,4080000@0.080505@0.00633501,4080000@0.080505@0.00633501,4080000@0.080505@0.00633501,4080000@0.080505@0.00633501,4080000@0.080505@0.00633501,4080000@0.080505@0.00633501,4080000@0.080505@0.00633501,4080000@0.080505@0.00633501,4080000@0.080505@0.00633501,4080000@0.080505@0.00633501,4080000@0.080505@0.00633501,4080000@0.080505@0.00633501,4080000@0.080505@0.00633501,4080000@0.080505@0.00633501,4080000@0.080505@0.00633501,4080000@0.080505@0.00633501,4080000@0.080505@0.00633501,4080000@0.080505@0.00633501
2018-11-12 22:06,BCH/BTC,tbtc,70,70,0@0.079653@2.191,60000@0.079683@80.692,120000@0.079674@46.097,180000@0.079632@97.378,240000@0.07963@16.603,300000@0.079663@19.038,360000@0.079626@237.417,420000@0.079675@143.019,480000@0.079684@99.157,540000@0.079689@33.298,600000@0.079648@8.87,720000@0.079568@10.343,780000@0.079627@9.506,840000@0.079684@1.615,900000@0.079703@2.583,960000@0.079676@11.24,1020000@0.079842@2.079,1080000@0.079808@54.816,1140000@0.079816@412.817,1200000@0.07995@8.966,1260000@0.079984@23.049,1320000@0.07994@112.024,1380000@0.079805@123.543,1440000@0.079802@105.974,1500000@0.079817@66.023,1560000@0.07979@84.108,1620000@0.079807@196.556,1680000@0.079833@224.429,1740000@0.079844@91.668,1800000@0.079828@136.724,1860000@0.080079@13.702,1920000@0.080166@2.593,1980000@0.080119@265.521,2040000@0.080108@116.51,2100000@0.080093@126.527,2160000@0.080316@26.877,2220000@0.080432@119.27,2280000@0.080582@43.086,2340000@0.080529@179.474,2400000@0.080404@300.589,2460000@0.080327@325.57,2520000@0.080388@405.447,2580000@0.080369@371.267,2640000@0.080266@37.465,2700000@0.080218@89.134,2760000@0.080277@192.106,2820000@0.080324@286.842,2880000@0.080358@265.239,2940000@0.08032@0.2,3000000@0.080343@0.622,3060000@0.08023@12.448,3120000@0.080238@0.072,3180000@0.080085@110.252,3240000@0.079914@114.438,3300000@0.080091@13.684,3360000@0.080147@124.795,3420000@0.080211@346.878,3480000@0.08023@408.622,3540000@0.08025@179.192,3600000@0.080257@392.204,3660000@0.080256@172.491,3720000@0.080279@85.927,3780000@0.080358@3.376,3900000@0.080362@3.639,3960000@0.08035@1.088,4020000@0.080342@68.604,4080000@0.080316@0.019,4140000@0.080314@203.765,4200000@0.080184@13.952,4260000@0.080134@12.0
2018-11-12 23:00,STORM/BTC,tbtc,70,70,0@1.3e-06@340.0,19560000@1.3e-06@100.0,25680000@1.3e-06@45860.0,33780000@1.3e-06@2100.0,40140000@1.3e-06@40000.0,55200000@1.3e-06@3000.0,56100000@1.3e-06@5000.0,66900000@1.3e-06@3300.0,75960000@1.4e-06@500.0,81900000@1.4e-06@7230.0,81960000@1.4e-06@46710.0,82140000@1.4e-06@14490.0,94140000@1.3e-06@240.0,96000000@1.3e-06@400.0,100260000@1.3e-06@120.0,130140000@1.3e-06@3680.0,141360000@1.3e-06@29170.0,141780000@1.3e-06@10.0,158880000@1.3e-06@90.0,180300000@1.3e-06@340.0,184200000@1.3e-06@25000.0,198240000@1.4e-06@138660.0,198960000@1.3e-06@46100.0,230340000@1.3e-06@15000.0,236880000@1.3e-06@100.0,241800000@1.4e-06@130.0,292380000@1.3e-06@190.0,293760000@1.3e-06@10.0,320340000@1.3e-06@1560.0,322200000@1.3e-06@63790.0,323700000@1.3e-06@880.0,324780000@1.3e-06@70.0,325500000@1.2e-06@20.0,326400000@1.3e-06@950.0,329040000@1.3e-06@950.0,331740000@1.3e-06@950.0,334440000@1.3e-06@950.0,337080000@1.3e-06@950.0,351480000@1.3e-06@980.0,351840000@1.3e-06@7690.0,354660000@1.3e-06@6730.0,355860000@1.3e-06@950.0,358560000@1.3e-06@950.0,361260000@1.3e-06@950.0,363900000@1.3e-06@950.0,366600000@1.3e-06@950.0,369300000@1.3e-06@950.0,372000000@1.3e-06@950.0,374640000@1.3e-06@950.0,377400000@1.3e-06@950.0,379140000@1.3e-06@19000.0,380040000@1.3e-06@950.0,382740000@1.3e-06@950.0,385440000@1.3e-06@950.0,388140000@1.3e-06@950.0,399900000@1.2e-06@13520.0,401760000@1.2e-06@210.0,402300000@1.2e-06@2660.0,413220000@1.2e-06@50.0,416340000@1.2e-06@2000.0,427680000@1.2e-06@230.0,431220000@1.2e-06@53430.0,448560000@1.3e-06@21680.0,448980000@1.3e-06@35000.0,449460000@1.3e-06@30790.0,449520000@1.3e-06@10.0,449580000@1.4e-06@20.0,450120000@1.3e-06@950.0,450180000@1.3e-06@950.0,451380000@1.3e-06@10.0
2018-11-12 23:00,STORM/BTC,trex,70,70,0@1.26e-06@3780.34318333,120000@1.25e-06@58646.43929609,540000@1.29e-06@1292568.8650023,720000@1.28e-06@9727.21331424,780000@1.27e-06@736641.56872129,900000@1.3e-06@411603.31988462,1020000@1.3e-06@6731.20833333,1080000@1.29e-06@11615.07858261,1200000@1.29e-06@4944.94770824,1380000@1.29e-06@3843.97744491,1500000@1.3e-06@4906.23831697,1560000@1.3e-06@15180.23715402,1680000@1.31e-06@123491.61415163,1740000@1.31e-06@228873.3132,1800000@1.31e-06@75456.4207258,1860000@1.32e-06@5380.84689922,1920000@1.32e-06@37372.81458819,2400000@1.3e-06@82419.78028846,2580000@1.3e-06@26043.13063495,2640000@1.3e-06@54564.2585843,2880000@1.29e-06@1731.37894136,3300000@1.29e-06@546.43687172,3600000@1.31e-06@102104.49448896,3780000@1.31e-06@11355.29877596,3780000@1.31e-06@11355.29877596,3780000@1.31e-06@11355.29877596,3780000@1.31e-06@11355.29877596,3780000@1.31e-06@11355.29877596,3780000@1.31e-06@11355.29877596,3780000@1.31e-06@11355.29877596,3780000@1.31e-06@11355.29877596,3780000@1.31e-06@11355.29877596,3780000@1.31e-06@11355.29877596,3780000@1.31e-06@11355.29877596,3780000@1.31e-06@11355.29877596,3780000@1.31e-06@11355.29877596,3780000@1.31e-06@11355.29877596,3780000@1.31e-06@11355.29877596,3780000@1.31e-06@11355.29877596,3780000@1.31e-06@11355.29877596,3780000@1.31e-06@11355.29877596,3780000@1.31e-06@11355.29877596,3780000@1.31e-06@11355.29877596,3780000@1.31e-06@11355.29877596,3780000@1.31e-06@11355.29877596,3780000@1.31e-06@11355.29877596,3780000@1.31e-06@11355.29877596,3780000@1.31e-06@11355.29877596,3780000@1.31e-06@11355.29877596,3780000@1.31e-06@11355.29877596,3780000@1.31e-06@11355.29877596,3780000@1.31e-06@11355.29877596,3780000@1.31e-06@11355.29877596,3780000@1.31e-06@11355.29877596,3780000@1.31e-06@11355.29877596,3780000@1.31e-06@11355.29877596,3780000@1.31e-06@11355.29877596,3780000@1.31e-06@11355.29877596,3780000@1.31e-06@11355.29877596,3780000@1.31e-06@11355.29877596,3780000@1.31e-06@11355.29877596,3780000@1.31e-06@11355.29877596,3780000@1.31e-06@11355.29877596,3780000@1.31e-06@11355.29877596,3780000@1.31e-06@11355.29877596,3780000@1.31e-06@11355.29877596,3780000@1.31e-06@11355.29877596,3780000@1.31e-06@11355.29877596,3780000@1.31e-06@11355.29877596,3780000@1.31e-06@11355.29877596
2018-11-12 23:31,GXC/BTC,uobi,70,70,0@0.00020006@32.52,60000@0.00020008@21.05,120000@0.00020005@370.77,180000@0.00020015@85.94,240000@0.00020069@0.01,300000@0.00020005@17.42,360000@0.00020003@52.53,420000@0.00020003@0.0,480000@0.00020003@35.3,540000@0.00020012@36.0,600000@0.00020012@37.1,660000@0.0002001@56.88,720000@0.00020009@228.62,780000@0.00020007@273.86,840000@0.00020007@16.96,900000@0.0002001@16.34,960000@0.00020012@17.03,1020000@0.00020012@116.62,1080000@0.00020011@37.89,1140000@0.0002001@134.63,1200000@0.0002001@137.54,1260000@0.0002001@37.8,1320000@0.00020039@51.62,1380000@0.00020072@99.67,1440000@0.00020027@711.46,1500000@0.00020069@118.83,1560000@0.00020005@66.12,1620000@0.00020004@2275.0,1680000@0.00020069@22.31,1740000@0.00020067@355.07,1800000@0.00020008@46.37,1860000@0.00020069@21.97,1920000@0.00020018@0.0,1980000@0.00020018@76.85,2040000@0.00020043@635.97,2100000@0.00020003@22.37,2160000@0.00020067@44.7,2220000@0.00020069@44.9,2280000@0.00020005@46.17,2340000@0.00020005@74.04,2400000@0.00020003@76.52,2460000@0.00020002@108.34,2520000@0.00020072@374.95,2580000@0.00020005@905.78,2640000@0.00020072@162.42,2700000@0.00020005@105.5,2760000@0.00020072@106.15,2820000@0.00020005@78.09,2880000@0.00020003@25.75,2940000@0.00020003@52.45,3000000@0.00020005@26.94,3060000@0.00020005@27.76,3120000@0.00020002@106.83,3180000@0.00020003@0.01,3240000@0.00020005@52.22,3300000@0.00020003@329.76,3360000@0.00020004@1213.37,3420000@0.00020057@55.8,3480000@0.00020005@28.17,3540000@0.00020002@27.68,3600000@0.00020058@27.09,3660000@0.00020005@218.29,3720000@0.00020003@53.04,3780000@0.0002006@0.0,3840000@0.0002006@24.74,3900000@0.00020062@25.46,3960000@0.00020065@182.28,4020000@0.00020065@222.07,4080000@0.00020065@80.87,4140000@0.00020021@1324.22
2018-11-12 23:32,POT/BTC,trex,70,70,0@3.3e-06@2003.36407337,300000@3.28e-06@6257.08813413,360000@3.27e-06@9000.9368713,480000@3.28e-06@1143.5881987,2040000@3.27e-06@10879.59,2040000@3.27e-06@10879.59,2040000@3.27e-06@10879.59,2040000@3.27e-06@10879.59,2040000@3.27e-06@10879.59,2040000@3.27e-06@10879.59,2040000@3.27e-06@10879.59,2040000@3.27e-06@10879.59,2040000@3.27e-06@10879.59,2040000@3.27e-06@10879.59,2040000@3.27e-06@10879.59,2040000@3.27e-06@10879.59,2040000@3.27e-06@10879.59,2040000@3.27e-06@10879.59,2040000@3.27e-06@10879.59,2040000@3.27e-06@10879.59,2040000@3.27e-06@10879.59,2040000@3.27e-06@10879.59,2040000@3.27e-06@10879.59,2040000@3.27e-06@10879.59,2040000@3.27e-06@10879.59,2040000@3.27e-06@10879.59,2040000@3.27e-06@10879.59,2040000@3.27e-06@10879.59,2040000@3.27e-06@10879.59,2040000@3.27e-06@10879.59,2040000@3.27e-06@10879.59,2040000@3.27e-06@10879.59,2040000@3.27e-06@10879.59,2040000@3.27e-06@10879.59,2040000@3.27e-06@10879.59,2040000@3.27e-06@10879.59,2040000@3.27e-06@10879.59,2040000@3.27e-06@10879.59,2040000@3.27e-06@10879.59,2040000@3.27e-06@10879.59,2040000@3.27e-06@10879.59,2040000@3.27e-06@10879.59,2040000@3.27e-06@10879.59,2040000@3.27e-06@10879.59,2040000@3.27e-06@10879.59,2040000@3.27e-06@10879.59,2040000@3.27e-06@10879.59,2040000@3.27e-06@10879.59,2040000@3.27e-06@10879.59,2040000@3.27e-06@10879.59,2040000@3.27e-06@10879.59,2040000@3.27e-06@10879.59,2040000@3.27e-06@10879.59,2040000@3.27e-06@10879.59,2040000@3.27e-06@10879.59,2040000@3.27e-06@10879.59,2040000@3.27e-06@10879.59,2040000@3.27e-06@10879.59,2040000@3.27e-06@10879.59,2040000@3.27e-06@10879.59,2040000@3.27e-06@10879.59,2040000@3.27e-06@10879.59,2040000@3.27e-06@10879.59,2040000@3.27e-06@10879.59,2040000@3.27e-06@10879.59,2040000@3.27e-06@10879.59,2040000@3.27e-06@10879.59,2040000@3.27e-06@10879.59,2040000@3.27e-06@10879.59,2040000@3.27e-06@10879.59
2018-11-13 11:41,TCN/BTC,tbtc,70,70,0@2.8e-05@7.0,60000@2.7e-05@334.0,1380000@2.7e-05@1000.0,5400000@2.8e-05@1.0,5820000@2.8e-05@1073.0,6120000@2.9e-05@1.0,8700000@2.9e-05@28232.0,9540000@2.8e-05@3000.0,10140000@2.9e-05@1.0,13200000@2.8e-05@924.0,13920000@2.9e-05@1.0,17100000@2.8e-05@999.0,18540000@2.9e-05@4643.0,19680000@2.9e-05@2504.0,20040000@2.9e-05@62.0,20100000@2.9e-05@7.0,21060000@2.8e-05@667.0,21360000@2.8e-05@1026.0,23280000@2.8e-05@3000.0,27240000@2.8e-05@3800.0,34800000@2.8e-05@2788.0,35340000@2.9e-05@159.0,36000000@2.9e-05@2235.0,37440000@2.8e-05@1.0,38100000@2.8e-05@4900.0,39720000@2.8e-05@400.0,42240000@2.8e-05@2500.0,46260000@2.9e-05@22444.0,46500000@2.9e-05@113.0,46980000@3e-05@1033.0,48000000@2.8e-05@3000.0,49080000@3e-05@1.0,50340000@2.9e-05@550.0,50700000@2.8e-05@862.0,51180000@2.9e-05@1.0,55020000@2.9e-05@100.0,55380000@2.8e-05@100.0,55620000@2.9e-05@1.0,57780000@2.9e-05@488.0,67200000@2.9e-05@9920.0,68760000@2.8e-05@114.0,69900000@2.9e-05@198.0,71340000@2.9e-05@245.0,71640000@2.9e-05@2081.0,72960000@2.8e-05@2235.0,85380000@2.8e-05@250.0,85500000@2.8e-05@180.0,85560000@2.8e-05@310.0,89580000@2.8e-05@1932.0,91440000@2.9e-05@1.0,93600000@2.9e-05@1.0,97560000@2.8e-05@1000.0,98100000@2.9e-05@6.0,104280000@2.8e-05@412.0,106740000@2.9e-05@1.0,107340000@2.8e-05@399.0,107880000@2.8e-05@2000.0,108420000@2.9e-05@1.0,114060000@2.8e-05@1202.0,115860000@2.9e-05@1.0,121860000@2.8e-05@325.0,127380000@2.8e-05@3000.0,128280000@2.9e-05@1.0,129360000@2.8e-05@101.0,130020000@2.9e-05@1.0,135840000@2.8e-05@6486.0,137220000@2.8e-05@1.0,137520000@2.9e-05@5.0,138840000@2.9e-05@1733.0,149520000@2.9e-05@308.0
2018-11-13 11:41,BAX/BTC,coin,70,70,0@None@0.0,60000@None@0.0,120000@None@0.0,180000@None@0.0,240000@None@0.0,300000@None@0.0,360000@None@0.0,420000@None@0.0,480000@1e-07@2615.549,540000@None@0.0,600000@None@0.0,660000@None@0.0,720000@None@0.0,780000@None@0.0,840000@None@0.0,900000@None@0.0,960000@None@0.0,1020000@None@0.0,1080000@None@0.0,1140000@None@0.0,1200000@None@0.0,1260000@None@0.0,1320000@None@0.0,1380000@None@0.0,1440000@None@0.0,1500000@None@0.0,1560000@None@0.0,1620000@None@0.0,1680000@None@0.0,1740000@None@0.0,1800000@None@0.0,1860000@None@0.0,1920000@None@0.0,1980000@None@0.0,2040000@None@0.0,2100000@None@0.0,2160000@None@0.0,2220000@None@0.0,2280000@None@0.0,2340000@None@0.0,2400000@None@0.0,2460000@None@0.0,2520000@None@0.0,2580000@None@0.0,2640000@None@0.0,2700000@None@0.0,2760000@None@0.0,2820000@None@0.0,2880000@None@0.0,2940000@None@0.0,3000000@None@0.0,3060000@None@0.0,3120000@None@0.0,3180000@None@0.0,3240000@None@0.0,3300000@None@0.0,3360000@1.1e-07@211.6363,3420000@None@0.0,3480000@1e-07@27641.6034,3540000@None@0.0,3600000@None@0.0,3660000@None@0.0,3720000@None@0.0,3780000@None@0.0,3840000@None@0.0,3900000@None@0.0,3960000@None@0.0,4020000@None@0.0,4080000@None@0.0,4140000@None@0.0
2018-11-13 17:22,MEDX/USDT,teio,70,71,0@0.006685@0.006685,60000@0.006685@0.006685,120000@0.006685@0.006685,180000@0.006685@0.006685,240000@0.006685@0.006685,300000@0.006685@0.006685,360000@0.006685@0.006685,420000@0.006685@0.006685,480000@0.006685@0.006685,540000@0.006685@0.006685,600000@0.006685@0.006685,660000@0.006685@0.006685,720000@0.006685@0.006685,780000@0.006685@0.006685,840000@0.006685@0.006685,900000@0.006685@0.006685,960000@0.006685@0.006685,1020000@0.006685@0.006685,1080000@0.006685@0.006685,1140000@0.006685@0.006685,1200000@0.006685@0.006685,1260000@0.006685@0.006685,1320000@0.006685@0.006685,1380000@0.006685@0.006685,1440000@0.006685@0.006685,1500000@0.006685@0.006685,1560000@0.006685@0.006685,1620000@0.006685@0.006685,1680000@0.006685@0.006685,1740000@0.006685@0.006685,1800000@0.006685@0.006685,1860000@0.006685@0.006685,1920000@0.006685@0.006685,1980000@0.006685@0.006685,2040000@0.006685@0.006685,2100000@0.006685@0.006685,2160000@0.006657@0.006657,2220000@0.006657@0.006657,2280000@0.006657@0.006657,2340000@0.006657@0.006657,2400000@0.006657@0.006657,2460000@0.006657@0.006657,2520000@0.006657@0.006657,2580000@0.006657@0.006657,2640000@0.006657@0.006657,2700000@0.006657@0.006657,2760000@0.006657@0.006657,2820000@0.006657@0.006657,2880000@0.006657@0.006657,2940000@0.006657@0.006657,3000000@0.006657@0.006657,3060000@0.006657@0.006657,3120000@0.006657@0.006657,3180000@0.006657@0.006657,3240000@0.006657@0.006657,3300000@0.006657@0.006657,3360000@0.006657@0.006657,3420000@0.006657@0.006657,3480000@0.00677@0.00677,3540000@0.00677@0.00677,3600000@0.00677@0.00677,3660000@0.006879@0.006879,3720000@0.006893@0.006893,3780000@0.0069@0.006905,3840000@0.00671@0.006909,3900000@0.006715@0.006915,3960000@0.006912@0.006915,4020000@0.006718@0.006912,4080000@0.006855@0.006855,4140000@0.006662@0.006745,4200000@0.006662@0.006662
2018-11-13 21:30,MED/USDT,teio,70,71,0@0.00431@0.00431,60000@0.00431@0.00431,120000@0.00431@0.00431,180000@0.00431@0.00431,240000@0.00431@0.00431,300000@0.00431@0.00431,360000@0.00431@0.00431,420000@0.00431@0.00431,480000@0.00431@0.00431,540000@0.00431@0.00431,600000@0.00431@0.00431,660000@0.00431@0.00431,720000@0.00431@0.00431,780000@0.00431@0.00431,840000@0.00431@0.00431,900000@0.00431@0.00431,960000@0.00431@0.00431,1020000@0.00431@0.00431,1080000@0.00431@0.00431,1140000@0.00431@0.00431,1200000@0.00431@0.00431,1260000@0.00431@0.00431,1320000@0.00431@0.00431,1380000@0.00431@0.00431,1440000@0.00431@0.00431,1500000@0.00431@0.00431,1560000@0.00431@0.00431,1620000@0.00431@0.00431,1680000@0.00431@0.00431,1740000@0.00431@0.00431,1800000@0.00431@0.00431,1860000@0.00431@0.00431,1920000@0.00431@0.00431,1980000@0.00431@0.00431,2040000@0.00431@0.00431,2100000@0.00431@0.00431,2160000@0.004365@0.004365,2220000@0.004365@0.004365,2280000@0.004365@0.004365,2340000@0.004365@0.004365,2400000@0.004365@0.004365,2460000@0.004365@0.004365,2520000@0.004365@0.004365,2580000@0.004365@0.004365,2640000@0.004365@0.004365,2700000@0.004365@0.004365,2760000@0.004365@0.004365,2820000@0.004365@0.004365,2880000@0.004365@0.004365,2940000@0.004365@0.004365,3000000@0.004365@0.004365,3060000@0.004365@0.004365,3120000@0.004365@0.004365,3180000@0.004365@0.004365,3240000@0.004365@0.004365,3300000@0.004365@0.004365,3360000@0.004365@0.004365,3420000@0.004365@0.004365,3480000@0.004365@0.004365,3540000@0.004365@0.004365,3600000@0.004365@0.004365,3660000@0.004365@0.004365,3720000@0.004365@0.004365,3780000@0.004365@0.004365,3840000@0.004365@0.004365,3900000@0.004365@0.004365,3960000@0.004365@0.004365,4020000@0.004365@0.004365,4080000@0.004365@0.004365,4140000@0.004365@0.004365,4200000@0.004365@0.004365
2018-11-14 02:17,SPC/BTC,trex,70,70,0@4.09e-06@25000.15103213,180000@4.09e-06@5217.60056846,480000@4.09e-06@13.07680537,660000@4.05e-06@144955.56830178,780000@4.43e-06@814512.19898275,840000@4.47e-06@151882.776,900000@4.5e-06@686793.55016264,960000@3.94e-06@104081.30292569,1020000@3.91e-06@593728.98958501,1080000@3.76e-06@401505.42790621,1140000@3.98e-06@718541.38915484,1200000@3.98e-06@374410.42788653,1260000@3.98e-06@143547.52735933,1320000@3.91e-06@115501.40719841,1380000@3.91e-06@45486.02642984,1440000@3.95e-06@341282.14953483,1500000@3.89e-06@87104.69680095,1560000@3.86e-06@64043.18810033,1620000@3.82e-06@531360.79111681,1740000@3.77e-06@182936.67706789,1800000@3.7e-06@353275.35502037,1860000@3.7e-06@565469.02200197,1920000@3.7e-06@213455.05997906,1980000@3.7e-06@96805.22314882,2100000@3.84e-06@105049.10036068,2160000@3.86e-06@112495.70553442,2220000@3.85e-06@155973.00527916,2280000@3.88e-06@739872.56526061,2340000@3.87e-06@1856.41838556,2400000@3.88e-06@14796.8070232,2460000@3.72e-06@303186.61529877,2520000@3.67e-06@249267.97387112,2580000@3.57e-06@511331.35165168,2640000@3.6e-06@26697.44189583,2700000@3.67e-06@91346.6714422,2760000@3.67e-06@90030.99555261,2820000@3.67e-06@18942.05086738,2880000@3.67e-06@18923.45430701,2940000@3.72e-06@887.09677419,3000000@3.72e-06@65.9236524,3180000@3.71e-06@19583.45430701,3240000@3.62e-06@12539.01873677,3300000@3.62e-06@182871.82962987,3360000@3.62e-06@189401.65579788,3420000@3.62e-06@132514.8507781,3480000@3.62e-06@212759.25282809,3540000@3.62e-06@98140.85613748,3660000@3.53e-06@387343.33626196,3780000@3.5e-06@403425.58686881,3960000@3.47e-06@307183.92148537,4020000@3.47e-06@69541.54238069,4080000@3.55e-06@98464.56265331,4140000@3.54e-06@446.54465531,4260000@3.54e-06@262.73699153,4320000@3.55e-06@16280.17305534,4380000@3.56e-06@1378.43789402,4380000@3.56e-06@1378.43789402,4380000@3.56e-06@1378.43789402,4380000@3.56e-06@1378.43789402,4380000@3.56e-06@1378.43789402,4380000@3.56e-06@1378.43789402,4380000@3.56e-06@1378.43789402,4380000@3.56e-06@1378.43789402,4380000@3.56e-06@1378.43789402,4380000@3.56e-06@1378.43789402,4380000@3.56e-06@1378.43789402,4380000@3.56e-06@1378.43789402,4380000@3.56e-06@1378.43789402,4380000@3.56e-06@1378.43789402,4380000@3.56e-06@1378.43789402
2018-11-14 02:17,SPC/BTC,tbtc,70,70,0@4e-06@40.0,120000@4e-06@50.0,2520000@3.9e-06@50.0,3960000@3.9e-06@260.0,8940000@4.1e-06@10.0,16560000@3.7e-06@10.0,17400000@4.4e-06@10000.0,17580000@4.4e-06@940.0,17640000@4.4e-06@50.0,17940000@4.4e-06@650.0,19680000@4.1e-06@2460.0,19920000@3.8e-06@520.0,22380000@4.6e-06@3560.0,22560000@4.4e-06@70.0,22800000@4.4e-06@300.0,23040000@4.5e-06@150.0,25380000@4.5e-06@2700.0,26340000@4.6e-06@2490.0,26940000@4.6e-06@1080.0,27120000@4.6e-06@1520.0,28080000@4.6e-06@10.0,30060000@4.6e-06@11280.0,30120000@4.4e-06@690.0,30180000@4.2e-06@1580.0,30660000@4.5e-06@10.0,35400000@4.1e-06@6200.0,35460000@4e-06@2310.0,35520000@4e-06@490.0,35580000@3.9e-06@1130.0,35880000@3.7e-06@3940.0,35940000@4.1e-06@740.0,41880000@3.7e-06@370.0,61620000@3.9e-06@730.0,63120000@3.9e-06@30.0,64080000@3.9e-06@1160.0,76500000@3.9e-06@1180.0,83580000@3.6e-06@500.0,92460000@3.7e-06@4140.0,93060000@3.8e-06@540.0,93420000@3.6e-06@20.0,93480000@3.4e-06@20.0,94200000@3.7e-06@200.0,94800000@3.4e-06@10.0,95280000@3.8e-06@10.0,95520000@3.8e-06@10.0,98160000@3.9e-06@870.0,102540000@3.8e-06@7210.0,102960000@3.8e-06@2780.0,103680000@3.4e-06@80.0,104160000@3.8e-06@10.0,106260000@3.8e-06@4200.0,106320000@3.6e-06@17780.0,106920000@3.7e-06@1570.0,110220000@3.7e-06@10.0,112980000@3.6e-06@10.0,116520000@4e-06@250.0,116580000@3.6e-06@10.0,117060000@3.3e-06@19080.0,118260000@3.6e-06@1010.0,120900000@3.5e-06@10000.0,121680000@3.8e-06@5050.0,123420000@3.6e-06@100.0,133560000@3.2e-06@20920.0,135180000@3.8e-06@4260.0,135240000@3.7e-06@1360.0,136140000@3.7e-06@2230.0,138360000@3.6e-06@1000.0,145740000@3.7e-06@270.0,153120000@3.6e-06@520.0,157020000@4.3e-06@6610.0
2018-11-14 11:45,OST/USDT,teio,70,71,0@0.0384@0.0384,60000@0.0384@0.0384,120000@0.0384@0.0384,180000@0.0384@0.0384,240000@0.0384@0.0384,300000@0.0385@0.0385,360000@0.0385@0.0385,420000@0.0385@0.0385,480000@0.0385@0.0385,540000@0.0385@0.0385,600000@0.0385@0.0385,660000@0.0385@0.0385,720000@0.0385@0.0385,780000@0.0385@0.0385,840000@0.0385@0.0385,900000@0.0385@0.0385,960000@0.0385@0.0385,1020000@0.0385@0.0385,1080000@0.0385@0.0385,1140000@0.0385@0.0385,1200000@0.0385@0.0385,1260000@0.0385@0.0385,1320000@0.0385@0.0385,1380000@0.0385@0.0385,1440000@0.0385@0.0385,1500000@0.0385@0.0385,1560000@0.0385@0.0385,1620000@0.0385@0.0385,1680000@0.0385@0.0385,1740000@0.0385@0.0385,1800000@0.0385@0.0385,1860000@0.0385@0.0385,1920000@0.0385@0.0385,1980000@0.0385@0.0385,2040000@0.0385@0.0385,2100000@0.0385@0.0385,2160000@0.0385@0.0385,2220000@0.0385@0.0385,2280000@0.0385@0.0385,2340000@0.0385@0.0385,2400000@0.0385@0.0385,2460000@0.0385@0.0385,2520000@0.0385@0.0385,2580000@0.0385@0.0385,2640000@0.0385@0.0385,2700000@0.0385@0.0385,2760000@0.0385@0.0385,2820000@0.0385@0.0385,2880000@0.0385@0.0385,2940000@0.0385@0.0385,3000000@0.0385@0.0385,3060000@0.0385@0.0385,3120000@0.0385@0.0385,3180000@0.0385@0.0385,3240000@0.0385@0.0385,3300000@0.0385@0.0385,3360000@0.0385@0.0385,3420000@0.0385@0.0385,3480000@0.0385@0.0385,3540000@0.0385@0.0385,3600000@0.0385@0.0385,3660000@0.0385@0.0385,3720000@0.0385@0.0385,3780000@0.0385@0.0385,3840000@0.0385@0.0385,3900000@0.0385@0.0385,3960000@0.0385@0.0385,4020000@0.0385@0.0385,4080000@0.0385@0.0385,4140000@0.0385@0.0385,4200000@0.0385@0.0385
2018-11-14 11:45,OST/BTC,uobi,70,70,0@6.55e-06@0.62,60000@6.56e-06@19.02,120000@6.63e-06@0.55,180000@6.62e-06@0.54,240000@6.62e-06@0.47,300000@6.64e-06@0.38,360000@6.66e-06@0.28,420000@6.72e-06@0.47,480000@6.68e-06@1.18,540000@6.69e-06@0.18,600000@6.69e-06@1.02,660000@6.69e-06@0.64,720000@6.69e-06@0.54,780000@6.7e-06@1.02,840000@6.71e-06@0.49,900000@6.75e-06@1.05,960000@6.69e-06@0.51,1020000@6.71e-06@0.84,1080000@6.71e-06@0.29,1140000@6.69e-06@0.43,1200000@6.68e-06@398.75,1260000@6.66e-06@1.93,1320000@6.69e-06@1630.57,1380000@6.65e-06@0.82,1440000@6.62e-06@0.42,1500000@6.65e-06@0.13,1560000@6.65e-06@0.43,1620000@6.66e-06@0.55,1680000@6.68e-06@0.4,1740000@6.67e-06@0.94,1800000@6.69e-06@0.46,1860000@6.65e-06@0.49,1920000@6.66e-06@36635.79,1980000@6.65e-06@2680.12,2040000@6.62e-06@830.43,2100000@6.58e-06@0.79,2160000@6.58e-06@0.33,2220000@6.6e-06@0.37,2280000@6.58e-06@1.0,2340000@6.55e-06@0.55,2400000@6.58e-06@0.68,2460000@6.61e-06@0.64,2520000@6.58e-06@0.33,2580000@6.6e-06@0.69,2640000@6.58e-06@0.53,2700000@6.58e-06@400.35,2760000@6.57e-06@0.15,2820000@6.6e-06@6.24,2880000@6.58e-06@12.15,2940000@6.6e-06@1.17,3000000@6.59e-06@0.7,3060000@6.58e-06@0.92,3120000@6.61e-06@0.64,3180000@6.65e-06@7845.62,3240000@6.6e-06@0.69,3300000@6.59e-06@0.25,3360000@6.6e-06@0.94,3420000@6.57e-06@0.46,3480000@6.59e-06@0.73,3540000@6.58e-06@0.28,3600000@6.56e-06@0.86,3660000@6.57e-06@0.38,3720000@6.58e-06@0.33,3780000@6.42e-06@2358.01,3840000@6.64e-06@41215.11,3900000@6.63e-06@5942.27,3960000@6.53e-06@0.67,4020000@6.52e-06@15188.8,4080000@6.51e-06@0.93,4140000@6.51e-06@846.59
2018-11-19 10:50,BCHSV/USDT,teio,70,71,0@69.26@69.26,60000@70.82@70.82,120000@72.02@72.06,180000@72.03@72.03,240000@71.92@71.92,300000@70.03@71.55,360000@71.3@71.3,420000@71.23@71.23,480000@70.66@71.32,540000@71.31@71.32,600000@72@72,660000@70.82@70.82,720000@71.32@71.32,780000@71.32@71.32,840000@71.31@71.91,900000@71.4@71.4,960000@71.4@71.4,1020000@71.31@71.41,1080000@70.51@70.51,1140000@70@70.16,1200000@69.96@70,1260000@69.6@69.6,1320000@69.6@69.6,1380000@69.54@69.54,1440000@69.54@69.54,1500000@69.5@69.5,1560000@69.51@69.79,1620000@70.03@70.03,1680000@70.03@70.03,1740000@70@70.02,1800000@70.41@70.41,1860000@70@70.4,1920000@70.01@70.01,1980000@69.98@70.03,2040000@70@70.08,2100000@69.99@69.99,2160000@70@70,2220000@70.01@70.01,2280000@70.14@70.14,2340000@69.26@69.53,2400000@69.26@69.26,2460000@69.32@69.32,2520000@69.05@69.08,2580000@69.32@69.32,2640000@69.77@69.77,2700000@69.31@69.31,2760000@70@70,2820000@69.71@69.85,2880000@69.85@69.85,2940000@69.85@69.85,3000000@69.75@69.75,3060000@70.11@70.11,3120000@70.11@70.11,3180000@69.71@69.71,3240000@69.71@69.71,3300000@69.71@69.71,3360000@69.7@69.7,3420000@69.7@69.7,3480000@69.7@69.7,3540000@69.7@69.7,3600000@69.95@69.95,3660000@69.95@69.95,3720000@69.95@69.95,3780000@69.95@69.95,3840000@69.88@69.88,3900000@69.7@69.7,3960000@69.7@69.7,4020000@69.64@69.64,4080000@69.55@69.55,4140000@69.64@69.64,4200000@70@70
2018-11-19 10:50,BCHSV/BTC,tbtc,70,70,0@0.01226@3.7,60000@0.01231@48.53,120000@0.0123@1.71,180000@0.01245@52.56,240000@0.0125@15.42,300000@0.01247@34.67,360000@0.01246@27.82,420000@0.01248@1.15,480000@0.01244@34.73,540000@0.0124@4.45,600000@0.01226@63.09,660000@0.01228@5.81,720000@0.0123@19.97,780000@0.01222@10.55,840000@0.01229@18.71,900000@0.01222@10.06,960000@0.01219@40.4,1020000@0.01212@56.52,1080000@0.0122@27.15,1140000@0.01211@13.54,1200000@0.01219@3.09,1260000@0.01219@0.19,1320000@0.0122@15.63,1380000@0.01215@18.61,1440000@0.01217@0.3,1500000@0.01215@0.6,1560000@0.01215@6.79,1620000@0.01216@11.36,1680000@0.01214@1.46,1740000@0.01214@1.27,1800000@0.01215@0.02,1860000@0.01216@0.57,1920000@0.01218@1.27,2040000@0.01216@1.82,2160000@0.0122@4.09,2220000@0.01216@26.26,2280000@0.01217@1.24,2340000@0.0122@11.66,2400000@0.01223@4.06,2460000@0.01222@3.61,2520000@0.01222@82.94,2580000@0.01219@73.26,2640000@0.01211@15.48,2700000@0.01224@48.93,2760000@0.01227@12.55,2820000@0.01227@1.67,2880000@0.01222@23.18,2940000@0.01218@14.16,3000000@0.0122@3.57,3060000@0.01219@5.77,3120000@0.01209@24.65,3180000@0.01211@0.84,3240000@0.01209@8.73,3300000@0.01201@15.65,3360000@0.01209@23.77,3420000@0.01198@31.33,3480000@0.01195@0.76,3540000@0.01196@5.74,3600000@0.01193@53.53,3660000@0.01186@124.32,3720000@0.01191@20.84,3780000@0.01192@24.49,3840000@0.01197@24.76,3900000@0.01197@23.26,3960000@0.01194@4.05,4020000@0.01194@2.29,4080000@0.0119@15.72,4140000@0.0119@2.43,4200000@0.0119@2.09,4260000@0.0119@2.38
2018-11-19 10:50,BCHSV/BTC,coin,70,70,0@None@0.0,60000@None@0.0,120000@None@0.0,180000@0.01515123@0.18624916,240000@None@0.0,300000@None@0.0,360000@None@0.0,420000@None@0.0,480000@None@0.0,540000@None@0.0,600000@None@0.0,660000@None@0.0,720000@None@0.0,780000@None@0.0,840000@None@0.0,900000@None@0.0,960000@None@0.0,1020000@None@0.0,1080000@None@0.0,1140000@None@0.0,1200000@None@0.0,1260000@None@0.0,1320000@None@0.0,1380000@None@0.0,1440000@None@0.0,1500000@None@0.0,1560000@None@0.0,1620000@None@0.0,1680000@None@0.0,1740000@None@0.0,1800000@None@0.0,1860000@0.01516485@3.31508062,1920000@None@0.0,1980000@None@0.0,2040000@None@0.0,2100000@None@0.0,2160000@None@0.0,2220000@None@0.0,2280000@None@0.0,2340000@None@0.0,2400000@None@0.0,2460000@None@0.0,2520000@None@0.0,2580000@None@0.0,2640000@None@0.0,2700000@None@0.0,2760000@None@0.0,2820000@None@0.0,2880000@None@0.0,2940000@None@0.0,3000000@None@0.0,3060000@None@0.0,3120000@None@0.0,3180000@None@0.0,3240000@0.015729@0.02552815,3300000@None@0.0,3360000@None@0.0,3420000@None@0.0,3480000@None@0.0,3540000@None@0.0,3600000@None@0.0,3660000@None@0.0,3720000@None@0.0,3780000@None@0.0,3840000@None@0.0,3900000@None@0.0,3960000@None@0.0,4020000@None@0.0,4080000@None@0.0,4140000@None@0.0
2018-11-19 11:39,BSV/BTC,trex,70,70,0@0.01478338@0.5,60000@0.01478405@1.34573921,180000@0.01478454@0.63812541,240000@0.01478453@46.64224156,300000@0.01478588@126.68451702,360000@0.01478771@7.48410802,420000@0.0149@0.12944738,540000@0.0149@0.3701605,600000@0.0149@4.85394159,660000@0.0149@6.93818903,720000@0.0149@14.74592538,780000@0.0149@0.06694345,840000@0.01480563@3.10081177,900000@0.01480596@0.95041277,960000@0.01480696@2.93851559,1020000@0.01494992@1.99372467,1080000@0.0147985@3.26340593,1140000@0.0149806@33.78489157,1200000@0.015@10.86095641,1260000@0.01504869@1.7983389,1320000@0.0155@352.72179077,1380000@0.01578@271.11607748,1440000@0.015@13.8906351,1620000@0.01510106@38.66899134,1680000@0.01510086@0.08587248,1800000@0.01507922@10.17489344,1920000@0.0150781@1.45423211,2040000@0.015@0.79939325,2100000@0.0149806@10.1700837,2160000@0.0149806@12.24967645,2220000@0.01494918@0.1337866,2280000@0.01490468@0.61936887,2340000@0.015@6.65,2400000@0.014978@0.19715983,2460000@0.014978@0.31146995,2520000@0.01497795@0.54754283,2580000@0.014978@281.04422122,2640000@0.0147997@35.16723802,2700000@0.01480002@0.05437366,2820000@0.01479977@0.3819379,2880000@0.01479997@1.7267159,2940000@0.01499989@0.615,3060000@0.0149@0.45283176,3120000@0.01499999@0.3,3180000@0.01499998@4.34479349,3240000@0.01499998@4.89851823,3300000@0.01490032@1.09200288,3360000@0.01499998@0.44299566,3420000@0.01495998@8.9971922,3540000@0.01499999@0.04625078,3600000@0.0148@8.0,3720000@0.01482324@8.0,3840000@0.01483165@5.04872915,3900000@0.01499991@2.8,3960000@0.01499991@5.38548594,4080000@0.01499991@0.06259361,4140000@0.01499991@0.58666657,4200000@0.01481747@13.93057001,4260000@0.01491839@5.64232973,4320000@0.0149184@3.48813663,4320000@0.0149184@3.48813663,4320000@0.0149184@3.48813663,4320000@0.0149184@3.48813663,4320000@0.0149184@3.48813663,4320000@0.0149184@3.48813663,4320000@0.0149184@3.48813663,4320000@0.0149184@3.48813663,4320000@0.0149184@3.48813663,4320000@0.0149184@3.48813663,4320000@0.0149184@3.48813663
2018-11-19 11:39,BSV/BTC,uobi,70,70,0@0.011813@18.1036,60000@0.011814@23.3131,120000@0.011732@0.4635,180000@0.011753@2.4559,240000@0.011754@11.0067,300000@0.011816@19.7894,360000@0.011646@5.9008,420000@0.011588@89.3467,480000@0.011706@10.1882,540000@0.011938@4.0874,600000@0.011938@51.1131,660000@0.011937@10.9892,720000@0.011938@37.739,780000@0.0117@62.1491,840000@0.011649@6.1404,900000@0.011641@13.7468,960000@0.011647@1.368,1020000@0.011624@3.5013,1080000@0.011608@55.9747,1140000@0.011591@31.3957,1200000@0.011591@83.9592,1260000@0.011596@106.44717221885026,1320000@0.011532@78.7993,1380000@0.011518@42.8709,1440000@0.011483@15.526,1500000@0.011529@56.9512,1560000@0.011533@38.75012778114974,1620000@0.011545@10.3989,1680000@0.011494@0.0031,1740000@0.011493@24.0599,1800000@0.011481@0.004,1860000@0.011461@0.0036,1920000@0.01146@0.4564,1980000@0.011482@1.0046,2040000@0.011484@2.8277,2100000@0.011477@5.3415,2160000@0.011466@26.9764,2220000@0.01148@158.2868,2280000@0.011589@56.0965,2340000@0.011501@9.2414,2400000@0.011422@171.6762,2460000@0.0115@301.7206,2520000@0.011599@2.4633,2580000@0.0116@13.5633,2640000@0.011752@3.1765,2700000@0.011711@154.9632,2760000@0.011817@3.2425,2820000@0.011795@6.578,2880000@0.011818@42.3011,2940000@0.011707@4.2545,3000000@0.011714@10.8286,3060000@0.011706@3.7499,3120000@0.011801@4.2858,3180000@0.011792@11.2329,3240000@0.011794@3.666,3300000@0.011925@39.7648,3360000@0.011875@63.4648,3420000@0.011828@24.6502,3480000@0.011792@286.2697,3540000@0.011806@31.9946,3600000@0.011888@63.0056,3660000@0.012001@0.0,3720000@0.012001@0.0,3780000@0.012001@1.0934,3840000@0.012072@2.0017,3900000@0.012049@5.507,3960000@0.012079@6.0898,4020000@0.012074@35.1392,4080000@0.012065@9.9846,4140000@0.012074@0.578
2018-11-19 11:39,MCO/USDT,teio,70,71,0@3.3456@3.3456,60000@3.3456@3.3456,120000@3.3456@3.3456,180000@3.3456@3.3456,240000@3.3456@3.3456,300000@3.3456@3.3456,360000@3.3456@3.3456,420000@3.3456@3.3456,480000@3.3456@3.3456,540000@3.3456@3.3456,600000@3.3456@3.3456,660000@3.3456@3.3456,720000@3.3456@3.3456,780000@3.3456@3.3456,840000@3.3456@3.3456,900000@3.3456@3.3456,960000@3.3456@3.3456,1020000@3.3456@3.3456,1080000@3.3456@3.3456,1140000@3.3456@3.3456,1200000@3.3456@3.3456,1260000@3.3456@3.3456,1320000@3.3456@3.3456,1380000@3.3456@3.3456,1440000@3.3456@3.3456,1500000@3.3456@3.3456,1560000@3.3456@3.3456,1620000@3.3456@3.3456,1680000@3.3456@3.3456,1740000@3.3456@3.3456,1800000@3.3456@3.3456,1860000@3.3456@3.3456,1920000@3.0969@3.0969,1980000@3.097@3.097,2040000@3.097@3.097,2100000@3.097@3.097,2160000@3.097@3.097,2220000@3.097@3.097,2280000@3.097@3.097,2340000@3.097@3.097,2400000@3.097@3.097,2460000@3.097@3.097,2520000@3.097@3.097,2580000@3.097@3.097,2640000@3.097@3.097,2700000@3.097@3.097,2760000@3.097@3.097,2820000@3.097@3.097,2880000@3.097@3.097,2940000@3.097@3.097,3000000@3.097@3.097,3060000@3.097@3.097,3120000@3.097@3.097,3180000@3.097@3.097,3240000@3.097@3.097,3300000@3.097@3.097,3360000@3.097@3.097,3420000@3.097@3.097,3480000@3.097@3.097,3540000@3.097@3.097,3600000@3.097@3.097,3660000@3.097@3.097,3720000@3.097@3.097,3780000@3.097@3.097,3840000@3.097@3.097,3900000@3.097@3.097,3960000@3.097@3.097,4020000@3.097@3.097,4080000@3.097@3.097,4140000@3.097@3.097,4200000@3.097@3.097
2018-11-19 11:39,MCO/BTC,trex,70,70,0@0.00060064@4.8,120000@0.00060064@2.24969,300000@0.00060064@2.95170096,360000@0.00059808@16.87989941,660000@0.00059808@80.4,720000@0.00059808@142.3,1620000@0.00060199@140.6,2400000@0.00059817@1.05192908,2880000@0.00060441@26.12,3120000@0.00060441@3.37,3180000@0.00060442@206.82915818,3240000@0.00060442@1089.0,3300000@0.00060442@0.28619261,3360000@0.0006102@488.16252323,3900000@0.00060442@1.36304391,3900000@0.00060442@1.36304391,3900000@0.00060442@1.36304391,3900000@0.00060442@1.36304391,3900000@0.00060442@1.36304391,3900000@0.00060442@1.36304391,3900000@0.00060442@1.36304391,3900000@0.00060442@1.36304391,3900000@0.00060442@1.36304391,3900000@0.00060442@1.36304391,3900000@0.00060442@1.36304391,3900000@0.00060442@1.36304391,3900000@0.00060442@1.36304391,3900000@0.00060442@1.36304391,3900000@0.00060442@1.36304391,3900000@0.00060442@1.36304391,3900000@0.00060442@1.36304391,3900000@0.00060442@1.36304391,3900000@0.00060442@1.36304391,3900000@0.00060442@1.36304391,3900000@0.00060442@1.36304391,3900000@0.00060442@1.36304391,3900000@0.00060442@1.36304391,3900000@0.00060442@1.36304391,3900000@0.00060442@1.36304391,3900000@0.00060442@1.36304391,3900000@0.00060442@1.36304391,3900000@0.00060442@1.36304391,3900000@0.00060442@1.36304391,3900000@0.00060442@1.36304391,3900000@0.00060442@1.36304391,3900000@0.00060442@1.36304391,3900000@0.00060442@1.36304391,3900000@0.00060442@1.36304391,3900000@0.00060442@1.36304391,3900000@0.00060442@1.36304391,3900000@0.00060442@1.36304391,3900000@0.00060442@1.36304391,3900000@0.00060442@1.36304391,3900000@0.00060442@1.36304391,3900000@0.00060442@1.36304391,3900000@0.00060442@1.36304391,3900000@0.00060442@1.36304391,3900000@0.00060442@1.36304391,3900000@0.00060442@1.36304391,3900000@0.00060442@1.36304391,3900000@0.00060442@1.36304391,3900000@0.00060442@1.36304391,3900000@0.00060442@1.36304391,3900000@0.00060442@1.36304391,3900000@0.00060442@1.36304391,3900000@0.00060442@1.36304391,3900000@0.00060442@1.36304391,3900000@0.00060442@1.36304391,3900000@0.00060442@1.36304391,3900000@0.00060442@1.36304391
2018-11-19 11:39,MCO/BTC,tbtc,70,70,0@0.00069274@1.0,2460000@0.0006708@59.0,4380000@0.00067654@8.0,6420000@0.00067118@1.0,12780000@0.00068194@11.0,18720000@0.00068151@10.0,19320000@0.000676@2.0,19740000@0.0006933@33.0,36180000@0.00067098@4.0,83820000@0.00065107@33.0,95520000@0.00065154@166.0,127140000@0.00064401@1.0,132000000@0.00064853@16.0,150060000@0.00065841@8.0,166920000@0.00066734@468.0,167220000@0.00065881@61.0,167340000@0.00065834@64.0,167400000@0.00065688@82.0,169980000@0.00066297@155.0,190620000@0.00065281@14.0,191040000@0.00065227@68.0,191100000@0.0006525@41.0,191220000@0.00065244@221.0,213480000@0.00065381@31.0,225060000@0.00065075@70.0,228300000@0.00066594@42.0,228480000@0.00066758@15.0,244080000@0.00066672@5.0,249960000@0.00065679@4.0,251640000@0.00064767@1.0,251880000@0.00064677@12.0,253440000@0.00063654@3.0,253680000@0.00063621@13.0,253740000@0.00062859@4.0,254700000@0.0006285@9.0,254760000@0.0006285@53.0,254880000@0.00062576@4.0,255000000@0.00062435@2.0,255060000@0.00062364@1.0,255180000@0.00062293@2.0,255240000@0.00062152@2.0,255600000@0.0006194@3.0,255780000@0.00061971@3.0,256500000@0.00061869@1.0,256560000@0.00061374@7.0,257280000@0.00061233@2.0,262140000@0.00062416@252.0,264300000@0.00062401@73.0,269100000@0.00061909@1.0,270120000@0.00061574@22.0,273120000@0.00061091@2.0,273180000@0.00061022@2.0,273240000@0.0006095@2.0,275760000@0.00060526@6.0,276720000@0.00060315@20.0,276900000@0.00060243@2.0,276960000@0.00060102@2.0,277020000@0.0005996@2.0,277500000@0.00059536@6.0,277560000@0.00059324@4.0,277680000@0.00059253@2.0,278220000@0.00059904@7.0,278640000@0.00059744@252.0,280380000@0.0006045@155.0,282180000@0.00059702@252.0,286260000@0.00060802@252.0,287640000@0.00060581@133.0,287700000@0.00060581@2.0,288960000@0.00060496@42.0,289860000@0.00060496@3.0
2018-11-19 11:39,MCO/BTC,uobi,70,70,0@0.0006@0.0272,60000@0.0006@2.5668,120000@0.0006@0.051,180000@0.000601@17.3778,240000@0.000603@0.1431,300000@0.000603@0.0515,360000@0.000605@82.696,420000@0.000605@2.427,480000@0.000606@6.8109,540000@0.000608@4.7273,600000@0.000608@0.0852,660000@0.000608@0.0696,720000@0.000608@0.0662,780000@0.000608@0.1373,840000@0.000609@4.8389,900000@0.000609@115.1302,960000@0.000603@4.9263,1020000@0.000604@0.0676,1080000@0.000604@0.0432,1140000@0.000604@9.5489,1200000@0.000603@0.0492,1260000@0.000603@0.0896,1320000@0.000604@0.0507,1380000@0.000604@29.0627,1440000@0.000603@0.0773,1500000@0.000603@0.0541,1560000@0.000603@0.0663,1620000@0.000603@0.0897,1680000@0.000603@0.0906,1740000@0.000602@0.3696,1800000@0.000602@0.0812,1860000@0.000602@0.0874,1920000@0.000602@0.053,1980000@0.000602@0.0646,2040000@0.000602@0.0482,2100000@0.000602@6.0523,2160000@0.000602@0.0557,2220000@0.000603@0.0919,2280000@0.000603@0.0377,2340000@0.000603@0.101,2400000@0.000603@0.1407,2460000@0.000601@0.0982,2520000@0.000601@0.0186,2580000@0.000602@0.0846,2640000@0.000602@0.0333,2700000@0.000602@0.0529,2760000@0.0006@0.0324,2820000@0.0006@0.0807,2880000@0.000599@0.0448,2940000@0.000599@0.0445,3000000@0.000599@0.0733,3060000@0.000598@0.0208,3120000@0.000599@0.0343,3180000@0.000599@0.0501,3240000@0.000599@0.0324,3300000@0.000599@0.0682,3360000@0.000599@0.0462,3420000@0.000599@0.0646,3480000@0.000599@0.029,3540000@0.000599@0.0554,3600000@0.000599@0.2219,3660000@0.000599@0.0544,3720000@0.000599@0.0395,3780000@0.000599@0.0362,3840000@0.0006@19.4278,3900000@0.000603@2.2268,3960000@0.000602@7.3278,4020000@0.0006@0.0671,4080000@0.000601@0.0254,4140000@0.000601@20.0486
2018-11-19 11:42,ENJ/BTC,coin,70,70,0@None@0.0,60000@None@0.0,120000@None@0.0,180000@None@0.0,240000@None@0.0,300000@None@0.0,360000@None@0.0,420000@None@0.0,480000@None@0.0,540000@None@0.0,600000@None@0.0,660000@None@0.0,720000@None@0.0,780000@None@0.0,840000@None@0.0,900000@None@0.0,960000@None@0.0,1020000@6.26e-06@16.193,1080000@None@0.0,1140000@None@0.0,1200000@None@0.0,1260000@6.22e-06@7.4925,1320000@None@0.0,1380000@None@0.0,1440000@None@0.0,1500000@None@0.0,1560000@None@0.0,1620000@None@0.0,1680000@None@0.0,1740000@None@0.0,1800000@None@0.0,1860000@None@0.0,1920000@None@0.0,1980000@None@0.0,2040000@None@0.0,2100000@6.02e-06@15.064,2160000@None@0.0,2220000@None@0.0,2280000@None@0.0,2340000@None@0.0,2400000@None@0.0,2460000@6.2e-06@70.9394,2520000@None@0.0,2580000@6.31e-06@12.0544,2640000@None@0.0,2700000@None@0.0,2760000@None@0.0,2820000@None@0.0,2880000@None@0.0,2940000@None@0.0,3000000@None@0.0,3060000@None@0.0,3120000@5.82e-06@1.3359,3180000@None@0.0,3240000@None@0.0,3300000@None@0.0,3360000@None@0.0,3420000@None@0.0,3480000@None@0.0,3540000@None@0.0,3600000@None@0.0,3660000@None@0.0,3720000@None@0.0,3780000@None@0.0,3840000@None@0.0,3900000@None@0.0,3960000@None@0.0,4020000@None@0.0,4080000@None@0.0,4140000@None@0.0
2018-11-19 23:32,HOT/BTC,uobi,70,70,0@1.2125e-06@0.0,60000@1.2125e-06@4447.51,120000@1.2146e-06@2895.12,180000@1.2143e-06@5545.05,240000@1.2146e-06@20885.74,300000@1.2123e-06@9010.86,360000@1.2149e-06@5943.38,420000@1.2149e-06@2774.2,480000@1.2169e-06@658.55,540000@1.2165e-06@3355.04,600000@1.2168e-06@4914.89,660000@1.2169e-06@4605.12,720000@1.2172e-06@1.01,780000@1.217e-06@26792.37,840000@1.2158e-06@24807.75,900000@1.2194e-06@12509.77,960000@1.2195e-06@14802.85,1020000@1.2194e-06@8429.66,1080000@1.2197e-06@8893.02,1140000@1.2194e-06@8812.81,1200000@1.2198e-06@5.32,1260000@1.2195e-06@8115.6,1320000@1.2195e-06@15914.27,1380000@1.2195e-06@4660.88,1440000@1.2195e-06@6045.83,1500000@1.2196e-06@8917.39,1560000@1.2195e-06@6219.62,1620000@1.2195e-06@11193.28,1680000@1.2194e-06@13935.8,1740000@1.2195e-06@4862.97,1800000@1.2195e-06@31333.83,1860000@1.2195e-06@65138.98,1920000@1.22e-06@37627.62,1980000@1.2232e-06@18246.66,2040000@1.2232e-06@113.11,2100000@1.2261e-06@1860.44,2160000@1.2261e-06@15413.28,2220000@1.226e-06@6414.27,2280000@1.226e-06@26064.16,2340000@1.2242e-06@6856.97,2400000@1.2261e-06@12970.19,2460000@1.2263e-06@3786.37,2520000@1.2229e-06@7653.19,2580000@1.2267e-06@2099.45,2640000@1.2277e-06@4353.11,2700000@1.2253e-06@7655.82,2760000@1.2284e-06@3.83,2820000@1.2284e-06@3.87,2880000@1.2288e-06@2.97,2940000@1.2287e-06@3.94,3000000@1.2287e-06@268.59,3060000@1.2287e-06@415.54,3120000@1.2299e-06@3031.96,3180000@1.2284e-06@9120.18,3240000@1.2309e-06@12003.95,3300000@1.2288e-06@4272.01,3360000@1.2323e-06@2.25,3420000@1.2295e-06@5.85,3480000@1.2304e-06@8.96,3540000@1.2259e-06@6661.89,3600000@1.2268e-06@21038.12,3660000@1.2295e-06@16868.73,3720000@1.2345e-06@15760.3,3780000@1.2339e-06@28089.86,3840000@1.2344e-06@11469.85,3900000@1.2342e-06@8903.29,3960000@1.2344e-06@25871.7,4020000@1.2344e-06@3572.58,4080000@1.2338e-06@7884.33,4140000@1.2344e-06@10365.94
2018-11-20 11:41,CMT/BTC,uobi,70,70,0@1.003e-05@723.11,60000@1.005e-05@3.27,120000@9.94e-06@2858.95,180000@1.003e-05@8.41,240000@1.002e-05@2.23,300000@1.001e-05@9.69,360000@1.003e-05@6.56,420000@1.005e-05@12.19,480000@1.009e-05@22.33,540000@1.006e-05@42.73,600000@1.004e-05@24.63,660000@1.002e-05@3.16,720000@1.002e-05@8.11,780000@1.006e-05@17.75,840000@9.99e-06@311.06,900000@9.95e-06@164.92,960000@1.018e-05@14.49,1020000@1.004e-05@3.85,1080000@1.006e-05@10.91,1140000@1.004e-05@2.44,1200000@1.003e-05@8.67,1260000@1.004e-05@15.98,1320000@1.003e-05@2.3,1380000@1.007e-05@14.09,1440000@1.002e-05@16.56,1500000@1.001e-05@1.13,1560000@9.98e-06@7.29,1620000@1.002e-05@1.44,1680000@1.003e-05@13.63,1740000@1.006e-05@1.63,1800000@1.001e-05@1.67,1860000@1.01e-05@7.2,1920000@1.016e-05@1.82,1980000@1.006e-05@2.96,2040000@1.012e-05@5.16,2100000@1.005e-05@12.83,2160000@1.018e-05@20.85,2220000@1.006e-05@9.27,2280000@1.018e-05@19.37,2340000@1.009e-05@14.87,2400000@1.004e-05@14.42,2460000@1.01e-05@45.74,2520000@1.003e-05@6014.804735812133,2580000@1.011e-05@57.63473581213307,2640000@1.012e-05@3069.33,2700000@1.013e-05@17.084735812133072,2760000@1.01e-05@10010.134735812133,2820000@1.016e-05@4001.67,2880000@1.016e-05@2.71,2940000@1.018e-05@8.86,3000000@1.015e-05@4.65,3060000@1.016e-05@46.95,3120000@1.024e-05@2.07,3180000@1.017e-05@1.81,3240000@1.016e-05@7.59,3300000@1.014e-05@18.44,3360000@1.016e-05@25.88,3420000@1.015e-05@1.4,3480000@1.016e-05@4.49,3540000@1.012e-05@4.09,3600000@1.012e-05@7.43,3660000@1.009e-05@15.59,3720000@1.012e-05@12.35,3780000@1.016e-05@3.94,3840000@1.008e-05@13.82,3900000@1.006e-05@20.09,3960000@1.012e-05@2.63,4020000@1.022e-05@8.7,4080000@1.015e-05@3.15,4140000@1.012e-05@11.25
2018-11-20 11:43,EOS/BTC,uobi,70,70,0@0.00081406@178.99,60000@0.00081399@752.38,120000@0.00081353@1699.2,180000@0.0008133@1043.8,240000@0.00081371@1254.99,300000@0.00081257@2077.01,360000@0.00081192@1302.42,420000@0.00081285@764.03,480000@0.00081263@229.57,540000@0.00081317@1518.05,600000@0.00081376@483.55,660000@0.00081368@294.9,720000@0.00081433@21064.96,780000@0.00081469@2049.63,840000@0.00081329@368.19,900000@0.00081331@12684.61,960000@0.0008124@537.65,1020000@0.00081214@753.82,1080000@0.00081199@1437.96,1140000@0.00081299@469.01,1200000@0.00081373@9473.71,1260000@0.00081247@9619.25,1320000@0.00081357@3348.01,1380000@0.00081371@363.49,1440000@0.00081375@173.89,1500000@0.0008133@1391.87,1560000@0.00081437@11746.0,1620000@0.00081543@11756.118019513151,1680000@0.0008148@1906.07,1740000@0.00081629@461.67,1800000@0.00081633@518.61,1860000@0.00081599@1542.14,1920000@0.00081645@2906.09,1980000@0.000817@1520.09,2040000@0.00081701@1984.25,2100000@0.00081773@4954.59,2160000@0.00081817@9634.69,2220000@0.00081784@1167.24,2280000@0.00081844@1594.29,2340000@0.00081834@2761.08,2400000@0.00081767@3437.27,2460000@0.00081717@694.14,2520000@0.00081766@2323.78,2580000@0.00081818@851.81,2640000@0.00081871@6413.23,2700000@0.00081746@2309.47,2760000@0.00081824@391.19,2820000@0.00081826@396.09,2880000@0.00081819@390.23,2940000@0.00081765@125.1,3000000@0.00081758@9073.89,3060000@0.00081826@7228.188988898523,3120000@0.00081827@3010.12,3180000@0.00081827@1966.75,3240000@0.0008177@3780.77,3300000@0.00081804@18044.12,3360000@0.00081739@5422.69,3420000@0.00081722@3274.79,3480000@0.00081704@946.68,3540000@0.0008173@3221.88,3600000@0.00081803@1280.89,3660000@0.00081768@3511.05,3720000@0.00081852@605.58,3780000@0.00081825@2082.17,3840000@0.00081787@1554.31,3900000@0.00081811@1544.97,3960000@0.00081813@2573.65,4020000@0.00081818@3342.27,4080000@0.00081716@4025.85,4140000@0.00081837@4241.87
2018-11-20 11:43,EOS/USDT,teio,70,71,0@3.8802@3.8802,60000@3.8629@3.8735,120000@3.8544@3.8621,180000@3.8389@3.8523,240000@3.832@3.8389,300000@3.83@3.8337,360000@3.8438@3.8542,420000@3.8494@3.8495,480000@3.8436@3.8505,540000@3.8355@3.8415,600000@3.8251@3.8365,660000@3.8139@3.8251,720000@3.8201@3.8201,780000@3.8134@3.8235,840000@3.8273@3.8273,900000@3.8316@3.834,960000@3.8125@3.8316,1020000@3.8091@3.8141,1080000@3.81@3.81,1140000@3.8235@3.8235,1200000@3.8264@3.8264,1260000@3.8189@3.8189,1320000@3.8189@3.8189,1380000@3.8189@3.8189,1440000@3.8189@3.8189,1500000@3.8088@3.8192,1560000@3.8073@3.8088,1620000@3.8097@3.8097,1680000@3.8095@3.81,1740000@3.8095@3.8095,1800000@3.8161@3.8161,1860000@3.8279@3.8279,1920000@3.8176@3.8352,1980000@3.8199@3.8199,2040000@3.832@3.8398,2100000@3.8431@3.8499,2160000@3.8464@3.8464,2220000@3.8603@3.8603,2280000@3.8606@3.8689,2340000@3.8686@3.8686,2400000@3.862@3.862,2460000@3.8552@3.8552,2520000@3.8622@3.8643,2580000@3.8607@3.8607,2640000@3.8647@3.8647,2700000@3.85@3.8581,2760000@3.8392@3.85,2820000@3.845@3.8453,2880000@3.8342@3.8406,2940000@3.8235@3.8329,3000000@3.8235@3.8235,3060000@3.8187@3.8197,3120000@3.8218@3.8218,3180000@3.8218@3.8218,3240000@3.8218@3.8218,3300000@3.8106@3.8199,3360000@3.8254@3.8254,3420000@3.8236@3.8236,3480000@3.8088@3.811,3540000@3.8088@3.8088,3600000@3.8088@3.8088,3660000@3.8211@3.8211,3720000@3.8211@3.8211,3780000@3.809@3.814,3840000@3.8206@3.8208,3900000@3.8277@3.8277,3960000@3.8312@3.8313,4020000@3.8363@3.8363,4080000@3.8313@3.8338,4140000@3.8313@3.8313,4200000@3.8313@3.8313
2018-11-20 11:43,EOS/BTC,tbtc,70,70,0@0.000819@100.132,60000@0.00082@1679.402,180000@0.000822@314.376,240000@0.000821@369.593,300000@0.000818@1314.789,360000@0.000817@203.981,420000@0.000818@53.981,540000@0.000819@0.123,660000@0.000818@550.616,720000@0.000819@162.931,780000@0.000817@708.343,900000@0.000819@324.767,960000@0.000819@423.939,1020000@0.000819@128.0,1080000@0.000818@101.5,1140000@0.000819@0.001,1200000@0.000819@653.55,1260000@0.000817@450.002,1380000@0.000818@313.77,1440000@0.000818@1062.437,1500000@0.000818@722.822,1560000@0.000818@868.329,1620000@0.000818@295.943,1680000@0.000819@0.004,1800000@0.000818@87.717,1860000@0.000818@854.611,1920000@0.000818@150.0,2100000@0.000819@215.873,2220000@0.000819@1297.748,2280000@0.00082@254.999,2340000@0.000819@93.664,2400000@0.000819@1141.405,2520000@0.000819@163.918,2580000@0.00082@1124.12,2700000@0.00082@3628.104,2760000@0.000819@1074.348,2820000@0.000819@630.265,2880000@0.000818@41.219,2940000@0.000818@136.128,3000000@0.000817@136.095,3060000@0.000817@14.58,3120000@0.000817@65.868,3180000@0.000815@1062.574,3240000@0.000816@578.033,3300000@0.000815@449.839,3360000@0.000813@473.224,3420000@0.000814@635.874,3540000@0.000814@559.495,3600000@0.000813@526.475,3660000@0.000814@463.1,3720000@0.000814@245.589,3780000@0.000813@1707.547,3840000@0.000813@46.211,3900000@0.000813@11.39,3960000@0.000813@562.221,4020000@0.000813@0.012,4080000@0.000814@73.489,4140000@0.000816@977.564,4200000@0.000814@307.432,4260000@0.000813@975.594,4320000@0.000815@638.001,4380000@0.000814@33.293,4440000@0.000815@1690.988,4500000@0.000813@518.976,4560000@0.000813@591.578,4620000@0.000814@1026.497,4680000@0.000814@308.111,4740000@0.000816@862.303,4800000@0.000815@0.006,4860000@0.000815@174.622
2018-11-20 11:44,SBTC/BTC,uobi,70,70,0@0.0005@0.0,60000@0.0005@0.0,120000@0.0005@0.0,180000@0.0005@0.0,240000@0.0005@0.0,300000@0.0005@0.0,360000@0.0005@0.0,420000@0.0005@0.0,480000@0.0005@0.0,540000@0.0005@0.0,600000@0.0005@0.0,660000@0.0005@0.0,720000@0.0005@0.0,780000@0.0005@0.0,840000@0.0005@0.0,900000@0.0005@0.0,960000@0.0005@0.0,1020000@0.0005@0.0,1080000@0.0005@0.0,1140000@0.0005@0.0,1200000@0.0005@0.0,1260000@0.0005@0.0,1320000@0.0005@0.0,1380000@0.0005@0.0,1440000@0.0005@34.4575,1500000@0.000502@0.0,1560000@0.000502@0.0,1620000@0.000502@59.5178061752988,1680000@0.000484@0.0,1740000@0.000484@0.0,1800000@0.000484@0.0,1860000@0.000484@0.0,1920000@0.000484@0.111,1980000@0.000482@0.0,2040000@0.000482@0.0,2100000@0.000482@0.0,2160000@0.000482@0.0,2220000@0.000482@0.0,2280000@0.000482@0.0,2340000@0.000482@0.0,2400000@0.000482@0.0,2460000@0.000482@0.12,2520000@0.000482@0.0,2580000@0.000482@0.0,2640000@0.000482@0.0,2700000@0.000482@0.0,2760000@0.000482@0.0,2820000@0.000482@0.0,2880000@0.000482@0.0,2940000@0.000482@0.0,3000000@0.000482@0.0,3060000@0.000482@0.0,3120000@0.000482@0.121,3180000@0.000482@1.262,3240000@0.000483@0.0,3300000@0.000483@1.454,3360000@0.000483@2.275,3420000@0.000489@0.0,3480000@0.000489@0.0,3540000@0.000489@0.0,3600000@0.000489@0.0,3660000@0.000489@0.0,3720000@0.000489@0.0,3780000@0.000489@0.0,3840000@0.000489@0.0,3900000@0.000489@0.0,3960000@0.000489@0.0,4020000@0.000489@0.0,4080000@0.000489@0.0,4140000@0.000489@0.0
2018-11-20 11:44,NUSD/BTC,coin,70,70,0@None@0.0,60000@0.00020849@80.6001,120000@None@0.0,180000@None@0.0,240000@None@0.0,300000@None@0.0,360000@None@0.0,420000@None@0.0,480000@None@0.0,540000@None@0.0,600000@None@0.0,660000@None@0.0,720000@None@0.0,780000@None@0.0,840000@None@0.0,900000@None@0.0,960000@0.00021079@132.0641,1020000@None@0.0,1080000@None@0.0,1140000@None@0.0,1200000@None@0.0,1260000@None@0.0,1320000@None@0.0,1380000@None@0.0,1440000@None@0.0,1500000@None@0.0,1560000@None@0.0,1620000@None@0.0,1680000@None@0.0,1740000@None@0.0,1800000@None@0.0,1860000@None@0.0,1920000@None@0.0,1980000@None@0.0,2040000@None@0.0,2100000@None@0.0,2160000@None@0.0,2220000@None@0.0,2280000@None@0.0,2340000@None@0.0,2400000@None@0.0,2460000@None@0.0,2520000@None@0.0,2580000@None@0.0,2640000@None@0.0,2700000@None@0.0,2760000@None@0.0,2820000@None@0.0,2880000@None@0.0,2940000@None@0.0,3000000@None@0.0,3060000@None@0.0,3120000@None@0.0,3180000@None@0.0,3240000@None@0.0,3300000@None@0.0,3360000@None@0.0,3420000@None@0.0,3480000@None@0.0,3540000@None@0.0,3600000@None@0.0,3660000@None@0.0,3720000@None@0.0,3780000@None@0.0,3840000@None@0.0,3900000@None@0.0,3960000@None@0.0,4020000@None@0.0,4080000@None@0.0,4140000@None@0.0
2018-11-23 11:58,BCH/USDT,teio,70,71,0@204.05@204.05,60000@204@204.01,120000@204.01@204.01,180000@204.01@204.01,240000@203@203.03,300000@203@203,360000@203@203,420000@203@203,480000@203@203,540000@205.78@205.78,600000@208.24@209.99,660000@211@211,720000@211@211.02,780000@208.91@211,840000@210.4@211,900000@209.82@211.98,960000@210.01@211.89,1020000@209.81@211,1080000@208.93@209.81,1140000@208.99@208.99,1200000@206.73@206.73,1260000@206.61@206.62,1320000@206.61@206.61,1380000@206.61@206.61,1440000@207.01@207.01,1500000@207.05@207.05,1560000@207.05@207.05,1620000@207.4@209.3,1680000@209.31@209.31,1740000@209.82@209.82,1800000@209.82@209.82,1860000@209.82@209.82,1920000@208.2@208.2,1980000@208.2@208.2,2040000@208.1@208.1,2100000@208.03@208.03,2160000@208.03@208.03,2220000@208.03@208.03,2280000@207.78@208.8,2340000@207.77@207.77,2400000@207.77@207.77,2460000@207.77@207.77,2520000@207.77@207.77,2580000@207.77@207.77,2640000@207.77@207.77,2700000@207.77@207.77,2760000@207.77@207.77,2820000@207.77@207.77,2880000@207.77@207.77,2940000@207.77@207.77,3000000@207.77@207.77,3060000@207.77@207.77,3120000@207.77@207.77,3180000@207.77@207.77,3240000@205.1@205.12,3300000@205.1@205.1,3360000@205@205.1,3420000@205@205,3480000@205@205,3540000@205@205,3600000@205@205,3660000@205@205,3720000@205@205,3780000@205@205,3840000@205@205,3900000@205@205,3960000@205@205,4020000@206@206.01,4080000@206@206,4140000@206@206,4200000@205.2@205.2
2018-11-23 11:58,BCH/BTC,trex,70,70,0@0.04723824@13.5564919,60000@0.04705072@0.02106521,120000@0.047@8.56179387,180000@0.0469798@0.61424545,240000@0.04719989@0.1,300000@0.04726175@1.04563421,360000@0.04726123@0.01849955,420000@0.0469798@1.25516916,480000@0.04689611@5.312,540000@0.04709996@82.34203845,600000@0.04723725@252.871752,660000@0.04726089@396.39640457,720000@0.0474719@307.6442274,780000@0.04791831@297.60765016,840000@0.04900008@175.99112333,900000@0.04904923@40.44365865,960000@0.04959607@36.51688898,1020000@0.04909893@22.23568859,1080000@0.04959597@9.53066591,1140000@0.04909962@2.95470353,1200000@0.04909977@10.48354221,1260000@0.0491002@7.7615897,1320000@0.04909937@29.69990069,1380000@0.04876075@1.06712955,1440000@0.04815136@8.42043272,1500000@0.0481514@1.69737789,1560000@0.04815124@84.66264809,1620000@0.04789309@118.36042734,1680000@0.04789299@45.22741917,1740000@0.04794153@5.20311096,1800000@0.04794134@24.67597349,1860000@0.04794145@76.56844939,1920000@0.04798956@24.78817329,1980000@0.0480376@91.98842744,2040000@0.0483717@45.41135758,2100000@0.04760083@5.74644544,2160000@0.04776958@157.83464478,2220000@0.04776958@0.89047967,2340000@0.04776969@30.0111848,2400000@0.04781767@6.7608061,2460000@0.04781783@6.02660948,2520000@0.04776958@35.94251586,2580000@0.04776958@1.276,2640000@0.04776959@1.063,2700000@0.0475@5.83928419,2880000@0.04750001@1.88010435,3000000@0.04760854@2.0623453,3060000@0.0471979@2.66291488,3120000@0.04705@0.47173418,3180000@0.04725868@0.62087406,3240000@0.04760747@0.75046021,3420000@0.04725868@0.05,3480000@0.04705299@0.25625484,3540000@0.0476061@44.11646151,3660000@0.04707008@0.51117376,3780000@0.0470804@1.142505,3840000@0.04760418@1.0,3900000@0.04760367@0.03222084,3960000@0.04760331@2.28841139,4260000@0.0475@3.459,4320000@0.04760177@0.337,4320000@0.04760177@0.337,4320000@0.04760177@0.337,4320000@0.04760177@0.337,4320000@0.04760177@0.337,4320000@0.04760177@0.337,4320000@0.04760177@0.337,4320000@0.04760177@0.337,4320000@0.04760177@0.337,4320000@0.04760177@0.337
2018-11-23 11:58,BCH/BTC,uobi,70,70,0@0.04731@0.8988,60000@0.047271@0.0,120000@0.047271@0.189,180000@0.04731@0.0357,240000@0.047287@1.3133,300000@0.047267@0.0,360000@0.047267@0.3452,420000@0.047269@0.8109,480000@0.047094@0.0,540000@0.047094@0.0,600000@0.047094@0.0,660000@0.047094@0.0,720000@0.047094@0.0,780000@0.047094@0.0,840000@0.047094@0.0,900000@0.047094@0.0,960000@0.047094@0.0,1020000@0.047094@0.0,1080000@0.047094@0.0,1140000@0.047094@0.0,1200000@0.047094@0.0,1260000@0.047094@0.0,1320000@0.047094@0.0,1380000@0.047094@0.0032,1440000@0.047094@0.4688,1500000@0.047436@121.5889,1560000@0.047413@0.0,1620000@0.047413@0.0602,1680000@0.04753@0.033,1740000@0.047637@0.0,1800000@0.047637@0.0,1860000@0.047637@0.8823,1920000@0.047645@0.0792,1980000@0.047675@0.0,2040000@0.047675@11.4811,2100000@0.047794@0.0,2160000@0.047794@0.0779,2220000@0.047796@0.0,2280000@0.047796@0.0802,2340000@0.047678@0.62,2400000@0.047785@17.7994,2460000@0.047763@0.0,2520000@0.047763@0.0,2580000@0.047763@0.0,2640000@0.047763@0.0,2700000@0.047763@0.0,2760000@0.047763@1.3803,2820000@0.047762@0.0065,2880000@0.047694@0.0,2940000@0.047694@0.1472,3000000@0.04776@0.0,3060000@0.04776@0.05,3120000@0.047851@0.0692,3180000@0.048148@0.348,3240000@0.048301@0.0,3300000@0.048301@6.7733,3360000@0.04832@0.0,3420000@0.04832@3.019,3480000@0.04843@11.9541,3540000@0.048442@20.0246,3600000@0.048219@23.2887,3660000@0.048075@10.1246,3720000@0.04764@9.7289,3780000@0.047227@20.0,3840000@0.047192@15.2469,3900000@0.047106@14.5957,3960000@0.046916@34.0993,4020000@0.046919@0.0,4080000@0.046919@0.0,4140000@0.046919@7.9807
2018-11-23 11:58,BCH/BTC,tbtc,70,70,0@0.058679@3.301,60000@0.058738@2.709,120000@0.058933@0.713,180000@0.058982@3.381,240000@0.0596@1.022,300000@0.059953@9.374,360000@0.059871@2.567,420000@0.059866@2.009,480000@0.059896@6.371,540000@0.059953@4.087,600000@0.060279@1.937,660000@0.060689@1.516,720000@0.060686@0.436,780000@0.060858@3.246,840000@0.060344@2.404,900000@0.060388@2.44,960000@0.060572@0.349,1020000@0.060587@8.507,1080000@0.060453@6.545,1140000@0.060386@3.198,1200000@0.060303@7.267,1260000@0.06015@1.353,1320000@0.059964@1.896,1380000@0.060325@0.29,1440000@0.060097@1.839,1500000@0.060316@3.338,1560000@0.060251@5.056,1620000@0.060163@4.558,1680000@0.060285@2.736,1740000@0.060242@1.697,1800000@0.060432@0.9,1860000@0.060437@2.029,1920000@0.060292@1.674,1980000@0.060283@2.521,2040000@0.060168@1.433,2100000@0.060209@5.321,2160000@0.060244@6.684,2220000@0.059964@3.616,2280000@0.059955@0.516,2340000@0.059943@1.471,2400000@0.060004@4.045,2460000@0.060011@1.261,2520000@0.059959@2.665,2580000@0.059944@1.191,2640000@0.05979@1.609,2700000@0.05976@0.1,2760000@0.059758@0.671,2820000@0.059365@0.107,2880000@0.059322@0.866,2940000@0.059443@0.293,3060000@0.059532@0.398,3120000@0.059761@4.219,3180000@0.059948@6.483,3240000@0.059897@8.236,3300000@0.059747@7.257,3360000@0.059614@10.676,3420000@0.059668@5.951,3480000@0.059466@5.387,3540000@0.060011@1.822,3600000@0.059963@5.261,3660000@0.059967@5.821,3720000@0.059932@7.874,3780000@0.059954@4.661,3840000@0.060015@0.381,3900000@0.060005@0.261,3960000@0.059945@0.85,4020000@0.060024@0.014,4080000@0.059944@0.147,4200000@0.059962@1.23,4260000@0.06@2.404
2018-11-24 11:00,CS/BTC,coin,70,70,0@None@0.0,60000@None@0.0,120000@None@0.0,180000@None@0.0,240000@None@0.0,300000@None@0.0,360000@None@0.0,420000@None@0.0,480000@2.297e-05@70.0,540000@None@0.0,600000@None@0.0,660000@None@0.0,720000@None@0.0,780000@None@0.0,840000@None@0.0,900000@None@0.0,960000@None@0.0,1020000@None@0.0,1080000@None@0.0,1140000@None@0.0,1200000@None@0.0,1260000@None@0.0,1320000@None@0.0,1380000@None@0.0,1440000@None@0.0,1500000@None@0.0,1560000@None@0.0,1620000@None@0.0,1680000@None@0.0,1740000@None@0.0,1800000@None@0.0,1860000@None@0.0,1920000@None@0.0,1980000@None@0.0,2040000@None@0.0,2100000@None@0.0,2160000@None@0.0,2220000@None@0.0,2280000@None@0.0,2340000@None@0.0,2400000@None@0.0,2460000@None@0.0,2520000@None@0.0,2580000@2.301e-05@146.7913,2640000@None@0.0,2700000@2.304e-05@248.908,2760000@2.304e-05@250.6171,2820000@2.305e-05@429.2117,2880000@None@0.0,2940000@2.292e-05@253.8151,3000000@2.28e-05@226.6507,3060000@2.293e-05@148.6951,3120000@2.29e-05@183.4655,3180000@None@0.0,3240000@None@0.0,3300000@2.296e-05@3.7771,3360000@2.283e-05@55.442,3420000@None@0.0,3480000@None@0.0,3540000@None@0.0,3600000@None@0.0,3660000@None@0.0,3720000@None@0.0,3780000@2.258e-05@9336.2773,3840000@None@0.0,3900000@None@0.0,3960000@None@0.0,4020000@None@0.0,4080000@2.285e-05@87.8837,4140000@2.29e-05@39.129
2018-11-26 10:57,XNK/BTC,trex,70,70,0@2.55e-06@16818.60490619,60000@2.6e-06@5711.59431819,480000@2.58e-06@11627.03125,1320000@2.64e-06@3894.53125,1740000@2.57e-06@57796.06488369,1800000@2.53e-06@24997.61488754,1860000@2.55e-06@71689.86141899,1980000@2.58e-06@15677.35146009,3420000@2.74e-06@31555.44350801,3420000@2.74e-06@31555.44350801,3420000@2.74e-06@31555.44350801,3420000@2.74e-06@31555.44350801,3420000@2.74e-06@31555.44350801,3420000@2.74e-06@31555.44350801,3420000@2.74e-06@31555.44350801,3420000@2.74e-06@31555.44350801,3420000@2.74e-06@31555.44350801,3420000@2.74e-06@31555.44350801,3420000@2.74e-06@31555.44350801,3420000@2.74e-06@31555.44350801,3420000@2.74e-06@31555.44350801,3420000@2.74e-06@31555.44350801,3420000@2.74e-06@31555.44350801,3420000@2.74e-06@31555.44350801,3420000@2.74e-06@31555.44350801,3420000@2.74e-06@31555.44350801,3420000@2.74e-06@31555.44350801,3420000@2.74e-06@31555.44350801,3420000@2.74e-06@31555.44350801,3420000@2.74e-06@31555.44350801,3420000@2.74e-06@31555.44350801,3420000@2.74e-06@31555.44350801,3420000@2.74e-06@31555.44350801,3420000@2.74e-06@31555.44350801,3420000@2.74e-06@31555.44350801,3420000@2.74e-06@31555.44350801,3420000@2.74e-06@31555.44350801,3420000@2.74e-06@31555.44350801,3420000@2.74e-06@31555.44350801,3420000@2.74e-06@31555.44350801,3420000@2.74e-06@31555.44350801,3420000@2.74e-06@31555.44350801,3420000@2.74e-06@31555.44350801,3420000@2.74e-06@31555.44350801,3420000@2.74e-06@31555.44350801,3420000@2.74e-06@31555.44350801,3420000@2.74e-06@31555.44350801,3420000@2.74e-06@31555.44350801,3420000@2.74e-06@31555.44350801,3420000@2.74e-06@31555.44350801,3420000@2.74e-06@31555.44350801,3420000@2.74e-06@31555.44350801,3420000@2.74e-06@31555.44350801,3420000@2.74e-06@31555.44350801,3420000@2.74e-06@31555.44350801,3420000@2.74e-06@31555.44350801,3420000@2.74e-06@31555.44350801,3420000@2.74e-06@31555.44350801,3420000@2.74e-06@31555.44350801,3420000@2.74e-06@31555.44350801,3420000@2.74e-06@31555.44350801,3420000@2.74e-06@31555.44350801,3420000@2.74e-06@31555.44350801,3420000@2.74e-06@31555.44350801,3420000@2.74e-06@31555.44350801,3420000@2.74e-06@31555.44350801,3420000@2.74e-06@31555.44350801,3420000@2.74e-06@31555.44350801,3420000@2.74e-06@31555.44350801,3420000@2.74e-06@31555.44350801
2018-11-26 21:56,GNO/BTC,tbtc,70,70,0@0.002795@10.097,120000@0.002795@5.07,300000@0.002796@5.06,480000@0.002797@5.27,1920000@0.00274@2.678,5700000@0.002772@2.043,13440000@0.002768@1.701,55800000@0.002655@0.132,56400000@0.002596@13.547,56580000@0.002548@6.113,56640000@0.002546@33.872,68160000@0.002577@5.75,70020000@0.002547@0.77,108600000@0.002593@42.98,144300000@0.002593@0.001,188880000@0.002669@5.11,188940000@0.002656@0.06,214140000@0.002693@0.627,224700000@0.002649@24.825,224760000@0.002647@0.694,224820000@0.002647@0.094,224880000@0.002647@0.005,226140000@0.002647@1.0,256440000@0.002649@0.001,270180000@0.002854@4.961,270420000@0.002914@3.076,270600000@0.002855@22.862,274920000@0.003061@7.383,275460000@0.002917@53.941,285360000@0.002916@35.029,289260000@0.003031@7.541,289560000@0.002917@14.336,289620000@0.002964@26.535,289680000@0.002987@37.766,290100000@0.002915@15.512,290160000@0.002997@19.826,292920000@0.003019@1.183,294180000@0.0031@9.543,294240000@0.003062@0.01,295260000@0.003041@2.0,299040000@0.002959@5.037,305700000@0.002898@0.01,307260000@0.002898@0.001,312780000@0.00285@9.263,312900000@0.002802@1.003,316020000@0.00268@3.923,318840000@0.002826@9.671,337200000@0.00275@0.375,338700000@0.00275@0.692,338760000@0.002687@9.989,338880000@0.002681@0.008,341400000@0.00268@0.22,341760000@0.00268@0.195,341880000@0.002669@3.895,342120000@0.002681@0.002,348060000@0.002709@0.418,348120000@0.00271@0.255,348180000@0.002714@0.1,359100000@0.002678@0.04,359880000@0.002679@2.0,361620000@0.002682@4.7,386520000@0.002669@3.756,395340000@0.002675@0.22,400860000@0.0027@0.583,401040000@0.002759@7.654,448920000@0.002766@0.12,462840000@0.002764@2.528,463920000@0.00277@0.357,463980000@0.00277@0.689,465180000@0.00277@0.767
2018-11-26 21:56,GNO/BTC,trex,70,70,0@0.00281355@0.767,180000@0.00278726@18.51,1140000@0.00288748@1.61466891,1200000@0.0029464@18.93752036,1560000@0.00280204@1.61466891,1620000@0.00288747@0.28034591,1860000@0.00280548@18.93752036,1980000@0.00284415@0.27867169,2460000@0.00284415@1e-08,2640000@0.002805@0.187568,2700000@0.0028003@110.0,2760000@0.0028003@142.55277206,3240000@0.00284414@0.5,3240000@0.00284414@0.5,3240000@0.00284414@0.5,3240000@0.00284414@0.5,3240000@0.00284414@0.5,3240000@0.00284414@0.5,3240000@0.00284414@0.5,3240000@0.00284414@0.5,3240000@0.00284414@0.5,3240000@0.00284414@0.5,3240000@0.00284414@0.5,3240000@0.00284414@0.5,3240000@0.00284414@0.5,3240000@0.00284414@0.5,3240000@0.00284414@0.5,3240000@0.00284414@0.5,3240000@0.00284414@0.5,3240000@0.00284414@0.5,3240000@0.00284414@0.5,3240000@0.00284414@0.5,3240000@0.00284414@0.5,3240000@0.00284414@0.5,3240000@0.00284414@0.5,3240000@0.00284414@0.5,3240000@0.00284414@0.5,3240000@0.00284414@0.5,3240000@0.00284414@0.5,3240000@0.00284414@0.5,3240000@0.00284414@0.5,3240000@0.00284414@0.5,3240000@0.00284414@0.5,3240000@0.00284414@0.5,3240000@0.00284414@0.5,3240000@0.00284414@0.5,3240000@0.00284414@0.5,3240000@0.00284414@0.5,3240000@0.00284414@0.5,3240000@0.00284414@0.5,3240000@0.00284414@0.5,3240000@0.00284414@0.5,3240000@0.00284414@0.5,3240000@0.00284414@0.5,3240000@0.00284414@0.5,3240000@0.00284414@0.5,3240000@0.00284414@0.5,3240000@0.00284414@0.5,3240000@0.00284414@0.5,3240000@0.00284414@0.5,3240000@0.00284414@0.5,3240000@0.00284414@0.5,3240000@0.00284414@0.5,3240000@0.00284414@0.5,3240000@0.00284414@0.5,3240000@0.00284414@0.5,3240000@0.00284414@0.5,3240000@0.00284414@0.5,3240000@0.00284414@0.5,3240000@0.00284414@0.5
2018-11-27 15:39,MITH/USDT,teio,70,71,0@0.0929@0.0929,60000@0.0929@0.0929,120000@0.0929@0.0929,180000@0.0929@0.0929,240000@0.0929@0.0929,300000@0.0929@0.0929,360000@0.0929@0.0929,420000@0.0929@0.0929,480000@0.0929@0.0929,540000@0.0929@0.0929,600000@0.0929@0.0929,660000@0.0929@0.0929,720000@0.0929@0.0929,780000@0.0929@0.0929,840000@0.0929@0.0929,900000@0.0929@0.0929,960000@0.0929@0.0929,1020000@0.0929@0.0929,1080000@0.0929@0.0929,1140000@0.0929@0.0929,1200000@0.0929@0.0929,1260000@0.0929@0.0929,1320000@0.0929@0.0929,1380000@0.0929@0.0929,1440000@0.0929@0.0929,1500000@0.0929@0.0929,1560000@0.0929@0.0929,1620000@0.0929@0.0929,1680000@0.0929@0.0929,1740000@0.0929@0.0929,1800000@0.0929@0.0929,1860000@0.0929@0.0929,1920000@0.0929@0.0929,1980000@0.0929@0.0929,2040000@0.0929@0.0929,2100000@0.0929@0.0929,2160000@0.0929@0.0929,2220000@0.0929@0.0929,2280000@0.0929@0.0929,2340000@0.0929@0.0929,2400000@0.0929@0.0929,2460000@0.0929@0.0929,2520000@0.0929@0.0929,2580000@0.0929@0.0929,2640000@0.0929@0.0929,2700000@0.0929@0.0929,2760000@0.0929@0.0929,2820000@0.0929@0.0929,2880000@0.0929@0.0929,2940000@0.0929@0.0929,3000000@0.0929@0.0929,3060000@0.0929@0.0929,3120000@0.0929@0.0929,3180000@0.0929@0.0929,3240000@0.0929@0.0929,3300000@0.0929@0.0929,3360000@0.0929@0.0929,3420000@0.0929@0.0929,3480000@0.0929@0.0929,3540000@0.0929@0.0929,3600000@0.0929@0.0929,3660000@0.0929@0.0929,3720000@0.0929@0.0929,3780000@0.0929@0.0929,3840000@0.0929@0.0929,3900000@0.0929@0.0929,3960000@0.0929@0.0929,4020000@0.0929@0.0929,4080000@0.0929@0.0929,4140000@0.0929@0.0929,4200000@0.0929@0.0929
2018-11-27 15:39,MITH/BTC,tbtc,70,70,0@2.9e-05@10.0,11940000@2.8e-05@10.0,26220000@2.85e-05@40.0,67800000@2.68e-05@220.0,72540000@2.68e-05@60.0,76500000@2.63e-05@13720.0,92040000@2.78e-05@50.0,92940000@2.77e-05@50.0,104040000@2.76e-05@360.0,105540000@2.7e-05@100.0,105840000@2.69e-05@40.0,115560000@2.57e-05@180.0,117240000@2.61e-05@290.0,121440000@2.57e-05@10.0,122700000@2.58e-05@90.0,126180000@2.47e-05@360.0,147420000@2.59e-05@240.0,147480000@2.59e-05@110.0,158580000@2.49e-05@16660.0,159720000@2.54e-05@80.0,168720000@2.55e-05@250.0,183420000@2.56e-05@380.0,192240000@2.51e-05@10.0,193260000@2.49e-05@4080.0,196800000@2.57e-05@560.0,203160000@2.57e-05@1330.0,206220000@2.52e-05@10.0,211740000@2.62e-05@1410.0,212220000@2.61e-05@3020.0,212520000@2.74e-05@120.0,212580000@2.78e-05@640.0,212820000@2.95e-05@17530.0,213240000@2.65e-05@60.0,213840000@2.66e-05@130.0,213900000@2.65e-05@300.0,213960000@2.62e-05@250.0,214380000@2.61e-05@50.0,215400000@2.79e-05@11950.0,225600000@2.58e-05@320.0,227340000@2.64e-05@230.0,234120000@2.52e-05@20.0,234300000@2.51e-05@10.0,238440000@2.49e-05@3230.0,245280000@2.5e-05@10.0,247380000@2.46e-05@250.0,247440000@2.45e-05@210.0,248880000@2.42e-05@10.0,249960000@2.44e-05@1270.0,250020000@2.44e-05@390.0,255240000@2.42e-05@20.0,255420000@2.42e-05@10.0,261660000@2.5e-05@390.0,264600000@2.45e-05@500.0,272220000@2.37e-05@290.0,274440000@2.46e-05@200.0,274500000@2.48e-05@200.0,311580000@2.49e-05@230.0,311640000@2.49e-05@60.0,316920000@2.48e-05@2470.0,320640000@2.37e-05@50.0,323040000@2.43e-05@10.0,324120000@2.33e-05@3240.0,335040000@2.44e-05@260.0,337320000@2.47e-05@1000.0,339480000@2.38e-05@10.0,341040000@2.42e-05@220.0,350700000@2.49e-05@170.0,353460000@2.47e-05@40.0,362700000@2.35e-05@500.0,362820000@2.35e-05@500.0
2018-11-27 16:21,LSK/USDT,teio,70,71,0@1.35@1.35,60000@1.35@1.35,120000@1.35@1.35,180000@1.35@1.35,240000@1.35@1.35,300000@1.35@1.35,360000@1.35@1.35,420000@1.35@1.35,480000@1.35@1.35,540000@1.35@1.35,600000@1.35@1.35,660000@1.35@1.35,720000@1.35@1.35,780000@1.35@1.35,840000@1.35@1.35,900000@1.35@1.35,960000@1.35@1.35,1020000@1.35@1.35,1080000@1.35@1.35,1140000@1.35@1.35,1200000@1.35@1.35,1260000@1.35@1.35,1320000@1.35@1.35,1380000@1.35@1.35,1440000@1.35@1.35,1500000@1.35@1.35,1560000@1.35@1.35,1620000@1.35@1.35,1680000@1.35@1.35,1740000@1.35@1.35,1800000@1.35@1.35,1860000@1.35@1.35,1920000@1.35@1.35,1980000@1.35@1.35,2040000@1.35@1.35,2100000@1.35@1.35,2160000@1.35@1.35,2220000@1.35@1.35,2280000@1.35@1.35,2340000@1.38@1.38,2400000@1.39@1.39,2460000@1.39@1.39,2520000@1.39@1.39,2580000@1.39@1.39,2640000@1.39@1.39,2700000@1.39@1.39,2760000@1.39@1.39,2820000@1.39@1.39,2880000@1.39@1.39,2940000@1.39@1.39,3000000@1.39@1.39,3060000@1.39@1.39,3120000@1.39@1.39,3180000@1.39@1.39,3240000@1.39@1.39,3300000@1.39@1.39,3360000@1.39@1.39,3420000@1.39@1.39,3480000@1.39@1.39,3540000@1.39@1.39,3600000@1.39@1.39,3660000@1.39@1.39,3720000@1.39@1.39,3780000@1.39@1.39,3840000@1.39@1.39,3900000@1.39@1.39,3960000@1.39@1.39,4020000@1.39@1.39,4080000@1.39@1.39,4140000@1.39@1.39,4200000@1.39@1.39
2018-11-27 16:21,LSK/BTC,tbtc,70,70,0@0.0003536@295.19,60000@0.0003544@10.0,780000@0.000357@29.34,840000@0.0003573@5.58,960000@0.000358@5.88,1620000@0.0003577@2.0,1680000@0.0003574@1.58,2340000@0.0003515@49.71,2400000@0.0003515@0.1,3060000@0.0003522@0.02,6000000@0.0003553@50.95,6900000@0.00035@2.1,8040000@0.000349@47.24,8100000@0.0003496@93.12,8160000@0.000349@46.35,8580000@0.0003467@26.51,9600000@0.0003503@127.18,9660000@0.0003504@1.61,10440000@0.0003503@39.2,10800000@0.0003519@7.94,10920000@0.0003538@15.68,11160000@0.0003515@31.09,11220000@0.0003514@6.08,11940000@0.0003513@3.0,12960000@0.0003486@2874.11,13440000@0.0003517@115.6,14040000@0.0003528@1048.2,14340000@0.0003505@26.53,14760000@0.0003512@0.03,14880000@0.0003514@0.02,15060000@0.0003514@0.02,15300000@0.0003508@14.3,15360000@0.0003504@65.47,15720000@0.0003515@1.61,16500000@0.0003528@2.7,16560000@0.0003529@77.18,16980000@0.0003529@21.72,17040000@0.0003529@80.82,17460000@0.0003543@20.97,19920000@0.0003553@9.09,20340000@0.0003566@15.61,21720000@0.0003562@0.1,24480000@0.0003558@28.1,24600000@0.000355@16.76,26040000@0.0003547@1.0,26340000@0.0003549@20.0,26400000@0.000355@1.19,26700000@0.0003554@3.27,27060000@0.0003545@13.45,32160000@0.0003563@1.0,32220000@0.0003563@1.0,34140000@0.000358@60.3,34260000@0.000358@64.91,35400000@0.0003551@301.79,35460000@0.0003551@58.21,35520000@0.0003545@27.09,36720000@0.0003552@116.63,36900000@0.000354@22.6,36960000@0.0003527@20.0,37020000@0.0003526@22.63,37620000@0.0003526@199.59,37680000@0.0003539@0.03,37800000@0.0003553@25.0,38100000@0.0003545@0.07,39420000@0.0003552@6.0,39480000@0.0003553@0.01,39540000@0.0003571@72.5,39600000@0.000358@273.53,39900000@0.0003575@226.98,40560000@0.0003581@71.58
2018-11-27 16:21,LSK/BTC,trex,70,70,0@0.00035513@3.0,120000@0.00035574@56.01506064,180000@0.00035574@102.82379791,1020000@0.00035741@264.002149,1320000@0.00035643@21.28379719,1800000@0.00035604@9.01637035,2220000@0.0003582@1.61783249,3000000@0.00035848@36.16971554,3060000@0.00035647@2.09513082,3600000@0.00035749@14.12988187,3660000@0.00035663@142.19935219,3960000@0.00035899@70.52228952,4020000@0.00035899@8.509e-05,4020000@0.00035899@8.509e-05,4020000@0.00035899@8.509e-05,4020000@0.00035899@8.509e-05,4020000@0.00035899@8.509e-05,4020000@0.00035899@8.509e-05,4020000@0.00035899@8.509e-05,4020000@0.00035899@8.509e-05,4020000@0.00035899@8.509e-05,4020000@0.00035899@8.509e-05,4020000@0.00035899@8.509e-05,4020000@0.00035899@8.509e-05,4020000@0.00035899@8.509e-05,4020000@0.00035899@8.509e-05,4020000@0.00035899@8.509e-05,4020000@0.00035899@8.509e-05,4020000@0.00035899@8.509e-05,4020000@0.00035899@8.509e-05,4020000@0.00035899@8.509e-05,4020000@0.00035899@8.509e-05,4020000@0.00035899@8.509e-05,4020000@0.00035899@8.509e-05,4020000@0.00035899@8.509e-05,4020000@0.00035899@8.509e-05,4020000@0.00035899@8.509e-05,4020000@0.00035899@8.509e-05,4020000@0.00035899@8.509e-05,4020000@0.00035899@8.509e-05,4020000@0.00035899@8.509e-05,4020000@0.00035899@8.509e-05,4020000@0.00035899@8.509e-05,4020000@0.00035899@8.509e-05,4020000@0.00035899@8.509e-05,4020000@0.00035899@8.509e-05,4020000@0.00035899@8.509e-05,4020000@0.00035899@8.509e-05,4020000@0.00035899@8.509e-05,4020000@0.00035899@8.509e-05,4020000@0.00035899@8.509e-05,4020000@0.00035899@8.509e-05,4020000@0.00035899@8.509e-05,4020000@0.00035899@8.509e-05,4020000@0.00035899@8.509e-05,4020000@0.00035899@8.509e-05,4020000@0.00035899@8.509e-05,4020000@0.00035899@8.509e-05,4020000@0.00035899@8.509e-05,4020000@0.00035899@8.509e-05,4020000@0.00035899@8.509e-05,4020000@0.00035899@8.509e-05,4020000@0.00035899@8.509e-05,4020000@0.00035899@8.509e-05,4020000@0.00035899@8.509e-05,4020000@0.00035899@8.509e-05,4020000@0.00035899@8.509e-05,4020000@0.00035899@8.509e-05,4020000@0.00035899@8.509e-05,4020000@0.00035899@8.509e-05
2018-11-27 16:21,LSK/BTC,uobi,70,70,0@0.000358@0.0,60000@0.000358@26.0,120000@0.000357@30.0291,180000@0.000358@0.0,240000@0.000358@0.0,300000@0.000358@0.0,360000@0.000358@0.0,420000@0.000358@0.0,480000@0.000358@68.99,540000@0.000357@0.0,600000@0.000357@0.0,660000@0.000357@0.0,720000@0.000357@0.0,780000@0.000357@0.0042,840000@0.000357@0.0023,900000@0.000357@0.0025,960000@0.000357@0.0035,1020000@0.000357@0.0059,1080000@0.000357@0.0045,1140000@0.000357@0.0041,1200000@0.000357@0.0018,1260000@0.000357@0.0029,1320000@0.000356@0.0046,1380000@0.000356@0.002,1440000@0.000357@0.001,1500000@0.000357@10.0016,1560000@0.000357@0.0787,1620000@0.000356@0.0053,1680000@0.000357@0.0814,1740000@0.000357@0.0287,1800000@0.000357@0.004,1860000@0.000356@0.0301,1920000@0.000357@0.001,1980000@0.000357@0.0563,2040000@0.000357@0.0045,2100000@0.000357@0.0591,2160000@0.000357@0.0013,2220000@0.000357@2.2709,2280000@0.000357@0.1742,2340000@0.000357@0.0026,2400000@0.000356@0.0,2460000@0.000356@0.3528,2520000@0.000356@0.2117,2580000@0.000357@0.0084,2640000@0.000356@1.0546,2700000@0.000356@0.0048,2760000@0.000356@0.0038,2820000@0.000356@0.0014,2880000@0.000356@0.0044,2940000@0.000356@0.0014,3000000@0.000355@0.0079,3060000@0.000356@0.0074,3120000@0.000356@0.1286,3180000@0.000355@0.0033,3240000@0.000355@0.0014,3300000@0.000356@0.0054,3360000@0.000355@0.0046,3420000@0.000354@86.2017,3480000@0.000354@0.007,3540000@0.000354@0.6341,3600000@0.000354@0.0063,3660000@0.000354@1.5049,3720000@0.000356@0.0032,3780000@0.000356@0.0038,3840000@0.000356@6.0048,3900000@0.000355@0.0045,3960000@0.000356@0.0041,4020000@0.000356@0.0045,4080000@0.000356@0.0066,4140000@0.000355@0.0011
2018-11-27 16:21,DAC/BTC,uobi,70,70,0@2.7833e-06@34037.0,60000@2.7788e-06@3046.73,120000@2.7784e-06@83719.4,180000@2.7793e-06@81.31,240000@2.7774e-06@1643.34,300000@2.779e-06@61898.5,360000@2.7777e-06@71388.24,420000@2.7802e-06@11509.02,480000@2.7764e-06@48838.41,540000@2.7764e-06@32107.97,600000@2.7775e-06@68810.26,660000@2.7766e-06@10961.72,720000@2.7724e-06@58404.14,780000@2.7757e-06@2498.08,840000@2.7724e-06@15972.41,900000@2.7799e-06@57882.7,960000@2.7762e-06@97.16,1020000@2.776e-06@83.84,1080000@2.7794e-06@41297.68,1140000@2.7721e-06@51270.23,1200000@2.7768e-06@53405.01,1260000@2.7721e-06@1681.79,1320000@2.7719e-06@64839.36,1380000@2.7771e-06@61383.0,1440000@2.7762e-06@59588.0,1500000@2.7759e-06@61315.28,1560000@2.7767e-06@904.14,1620000@2.7711e-06@7221.43,1680000@2.771e-06@14700.58,1740000@2.7767e-06@25306.93,1800000@2.7766e-06@10034.78,1860000@2.7782e-06@57039.36,1920000@2.7764e-06@71805.05,1980000@2.7759e-06@58618.21,2040000@2.7818e-06@3782.26,2100000@2.7769e-06@29174.2,2160000@2.7759e-06@97530.03,2220000@2.7758e-06@129777.52,2280000@2.7818e-06@210603.27,2340000@2.7811e-06@78940.63,2400000@2.7754e-06@174.19,2460000@2.7727e-06@1691.64,2520000@2.7751e-06@2229.17,2580000@2.7752e-06@12717.41,2640000@2.7745e-06@10.5,2700000@2.7745e-06@2821.57,2760000@2.774e-06@9.74,2820000@2.774e-06@17886.51,2880000@2.7694e-06@15.84,2940000@2.7694e-06@2729.78,3000000@2.7693e-06@7324.6,3060000@2.7681e-06@9746.0,3120000@2.7692e-06@31271.39,3180000@2.7694e-06@183030.09,3240000@2.7709e-06@33411.09,3300000@2.7708e-06@201.97,3360000@2.7707e-06@6.59,3420000@2.7707e-06@368.19,3480000@2.7708e-06@35968.45,3540000@2.7708e-06@38727.34,3600000@2.7707e-06@44205.07,3660000@2.7707e-06@345.63,3720000@2.7707e-06@46252.0,3780000@2.7707e-06@10.77,3840000@2.7707e-06@56667.55,3900000@2.7708e-06@59324.31,3960000@2.7708e-06@7483.57,4020000@2.7707e-06@170181.52,4080000@2.7709e-06@57614.58,4140000@2.771e-06@26123.22
2018-11-27 16:25,UT/BTC,coin,70,70,0@1.258e-05@165.0,60000@1.276e-05@248.0,120000@1.277e-05@170.0,180000@1.275e-05@236.0,240000@1.276e-05@171.0,300000@1.278e-05@329.0,360000@1.278e-05@140.0,420000@1.277e-05@176.0,480000@1.278e-05@331.0,540000@1.278e-05@120.0,600000@1.281e-05@78.0,660000@1.28e-05@117.0,720000@1.28e-05@187.0,780000@1.281e-05@130.0,840000@1.217e-05@105.0,900000@1.274e-05@197.0,960000@1.276e-05@87.0,1020000@1.279e-05@205.0,1080000@1.277e-05@324.0,1140000@1.279e-05@147.0,1200000@1.281e-05@234.0,1260000@1.281e-05@306.0,1320000@1.28e-05@164.0,1380000@1.284e-05@132.0,1440000@1.285e-05@227.0,1500000@1.28e-05@139.0,1560000@1.283e-05@191.0,1620000@1.283e-05@189.0,1680000@1.221e-05@278.0,1740000@1.224e-05@167.0,1800000@1.278e-05@232.0,1860000@1.283e-05@214.0,1920000@1.28e-05@164.0,1980000@1.279e-05@199.0,2040000@1.279e-05@210.0,2100000@1.282e-05@196.0,2160000@1.281e-05@148.0,2220000@1.283e-05@235.0,2280000@1.28e-05@212.0,2340000@1.284e-05@79.0,2400000@1.281e-05@205.0,2460000@1.284e-05@144.0,2520000@1.284e-05@269.0,2580000@1.284e-05@215.0,2640000@1.285e-05@216.0,2700000@1.287e-05@256.0,2760000@1.28e-05@143.0,2820000@1.28e-05@242.0,2880000@1.28e-05@137.0,2940000@1.216e-05@198.0,3000000@1.279e-05@206.0,3060000@1.285e-05@215.0,3120000@1.281e-05@190.0,3180000@1.283e-05@208.0,3240000@1.283e-05@93.0,3300000@1.285e-05@254.0,3360000@1.283e-05@192.0,3420000@1.283e-05@169.0,3480000@1.282e-05@126.0,3540000@1.259e-05@168.0,3600000@1.283e-05@313.0,3660000@1.283e-05@194.0,3720000@1.284e-05@82.0,3780000@1.282e-05@143.0,3840000@1.217e-05@168.0,3900000@1.283e-05@194.0,3960000@1.284e-05@181.0,4020000@1.278e-05@133.0,4080000@1.282e-05@246.0,4140000@1.281e-05@247.0
2018-11-27 19:16,STORM/BTC,tbtc,70,70,0@8e-07@2860.0,6720000@9e-07@40.0,11580000@9e-07@60.0,11880000@9e-07@90.0,12300000@8e-07@7970.0,13140000@8e-07@50.0,14640000@9e-07@10.0,36180000@8e-07@650.0,52560000@9e-07@2890.0,76200000@8e-07@1430.0,80280000@9e-07@3350.0,80940000@9e-07@203290.0,83460000@9e-07@1910.0,88680000@9e-07@55500.0,90600000@9e-07@72520.0,91620000@9e-07@1290.0,98760000@9e-07@50.0,100260000@8e-07@90.0,102540000@9e-07@38440.0,103320000@9e-07@1270.0,108180000@9e-07@10.0,112680000@9e-07@5300.0,123180000@9e-07@3590.0,141300000@8e-07@1870.0,146280000@9e-07@1270.0,148980000@9e-07@1430.0,150060000@8e-07@30.0,151620000@9e-07@1430.0,154320000@9e-07@1430.0,159660000@9e-07@1430.0,162360000@9e-07@1430.0,165000000@9e-07@1430.0,165120000@9e-07@2680.0,169260000@9e-07@10.0,169440000@1e-06@150.0,179160000@9e-07@1630.0,181080000@9e-07@1430.0,183780000@9e-07@1430.0,186480000@9e-07@1430.0,186900000@8e-07@20.0,189000000@1e-06@20.0,189120000@9e-07@1430.0,190560000@9e-07@1410.0,191820000@9e-07@1430.0,194460000@9e-07@1430.0,197100000@9e-07@1430.0,199800000@9e-07@1430.0,202500000@9e-07@1430.0,205140000@9e-07@1430.0,207840000@9e-07@1430.0,210480000@9e-07@1430.0,212520000@1e-06@1700.0,212580000@1e-06@10.0,213120000@9e-07@1430.0,215820000@9e-07@1430.0,218460000@9e-07@1430.0,221160000@9e-07@1430.0,223140000@8e-07@690.0,223800000@9e-07@1430.0,226500000@9e-07@1430.0,229140000@9e-07@1430.0,231840000@9e-07@1430.0,234540000@9e-07@1430.0,235440000@1e-06@167740.0,235500000@1e-06@102880.0,235800000@1.1e-06@266360.0,237540000@1.1e-06@1220.0,239880000@1.1e-06@1150.0,239940000@1e-06@3650.0,241560000@1.1e-06@10700.0
2018-11-27 19:16,STORM/BTC,trex,70,70,0@1.11e-06@622324.39392589,60000@1.1e-06@41336.23384056,120000@1.11e-06@165648.35137649,300000@1.12e-06@286262.55268073,420000@1.13e-06@211279.62182975,600000@1.11e-06@3604.20198418,660000@1.1e-06@990.53646836,720000@1.09e-06@35393.96268763,780000@1.08e-06@194849.24404529,840000@1.06e-06@12881.91090505,900000@1.06e-06@183805.18469926,1020000@1.09e-06@2300.0,1200000@1.07e-06@10000.0,1560000@1.1e-06@128128.65345175,1740000@1.1e-06@13207.344,1920000@1.08e-06@18008.63636362,2040000@1.08e-06@32621.19921435,2100000@1.1e-06@224842.92906985,2160000@1.12e-06@774035.29487333,2460000@1.09e-06@8273.32142857,2580000@1.09e-06@15710.04014591,2640000@1.09e-06@801.47385409,3000000@1.08e-06@791011.32805159,3060000@1.08e-06@5000.71196248,3300000@1.08e-06@5148.10153261,3420000@1.1e-06@212453.39444728,3480000@1.1e-06@199669.36728997,3720000@1.12e-06@140693.6813863,3780000@1.14e-06@210331.62276364,3840000@1.13e-06@2212.389,3960000@1.14e-06@606480.0877193,4080000@1.13e-06@196436.07953574,4140000@1.15e-06@2738.53130434,4200000@1.15e-06@8740.03428261,4200000@1.15e-06@8740.03428261,4200000@1.15e-06@8740.03428261,4200000@1.15e-06@8740.03428261,4200000@1.15e-06@8740.03428261,4200000@1.15e-06@8740.03428261,4200000@1.15e-06@8740.03428261,4200000@1.15e-06@8740.03428261,4200000@1.15e-06@8740.03428261,4200000@1.15e-06@8740.03428261,4200000@1.15e-06@8740.03428261,4200000@1.15e-06@8740.03428261,4200000@1.15e-06@8740.03428261,4200000@1.15e-06@8740.03428261,4200000@1.15e-06@8740.03428261,4200000@1.15e-06@8740.03428261,4200000@1.15e-06@8740.03428261,4200000@1.15e-06@8740.03428261,4200000@1.15e-06@8740.03428261,4200000@1.15e-06@8740.03428261,4200000@1.15e-06@8740.03428261,4200000@1.15e-06@8740.03428261,4200000@1.15e-06@8740.03428261,4200000@1.15e-06@8740.03428261,4200000@1.15e-06@8740.03428261,4200000@1.15e-06@8740.03428261,4200000@1.15e-06@8740.03428261,4200000@1.15e-06@8740.03428261,4200000@1.15e-06@8740.03428261,4200000@1.15e-06@8740.03428261,4200000@1.15e-06@8740.03428261,4200000@1.15e-06@8740.03428261,4200000@1.15e-06@8740.03428261,4200000@1.15e-06@8740.03428261,4200000@1.15e-06@8740.03428261,4200000@1.15e-06@8740.03428261,4200000@1.15e-06@8740.03428261
2018-11-28 19:03,XVG/BTC,uobi,70,70,0@1.9996e-06@16882.53,60000@1.9978e-06@14731.77,120000@2.0183e-06@55879.05,180000@1.9951e-06@60204.26,240000@2.0255e-06@79204.23,300000@1.9922e-06@199875.79,360000@1.9921e-06@213554.23,420000@2.067e-06@294618.28,480000@2.0064e-06@40018.0,540000@2.0044e-06@132764.68,600000@2.0194e-06@50576.49,660000@2.0194e-06@27828.36,720000@2.0044e-06@527275.55,780000@1.976e-06@86050.34,840000@1.964e-06@77393.77,900000@1.957e-06@182191.7,960000@1.9487e-06@155827.93,1020000@1.9335e-06@262670.9,1080000@1.9192e-06@29286.14,1140000@1.9187e-06@99239.42,1200000@1.9021e-06@186880.06,1260000@1.9101e-06@4.0,1320000@1.92e-06@87618.74,1380000@1.9084e-06@3.0,1440000@1.9141e-06@27493.72,1500000@1.9165e-06@14556.49,1560000@1.9257e-06@7376.33,1620000@1.9253e-06@38636.42,1680000@1.925e-06@5727.22,1740000@1.9257e-06@413129.1,1800000@1.9221e-06@8102.86,1860000@1.9286e-06@40965.82,1920000@1.9492e-06@284216.07,1980000@1.9153e-06@1029.95,2040000@1.9003e-06@43450.23,2100000@1.9e-06@375570.16,2160000@1.916e-06@73160.58,2220000@1.9191e-06@9594.51,2280000@1.9191e-06@459390.28,2340000@1.9204e-06@29978.93,2400000@1.9401e-06@52851.28,2460000@1.9453e-06@16226.12,2520000@1.9407e-06@107978.85,2580000@1.9453e-06@62071.69,2640000@1.9549e-06@93870.17,2700000@1.9271e-06@102772.7,2760000@1.9232e-06@72481.84,2820000@1.9221e-06@175410.28,2880000@1.9297e-06@152176.42,2940000@1.9413e-06@345212.99,3000000@1.9186e-06@144985.3,3060000@1.9191e-06@298433.15,3120000@1.9141e-06@388257.41,3180000@1.9494e-06@332963.57,3240000@1.9805e-06@225248.4,3300000@1.9949e-06@163934.72,3360000@2.0363e-06@39411.19,3420000@2.0363e-06@89754.96,3480000@2.0279e-06@769740.39,3540000@2.1155e-06@1316317.72,3600000@2.0486e-06@608742.23,3660000@1.9892e-06@52660.88,3720000@1.9906e-06@83092.27,3780000@1.9907e-06@100054.2,3840000@1.9906e-06@101410.42,3900000@1.9896e-06@322963.28,3960000@1.9901e-06@73210.9,4020000@1.9927e-06@156360.82,4080000@1.9595e-06@246358.23,4140000@1.9572e-06@231257.83
2018-11-28 19:03,XVG/USDT,teio,70,71,0@0.007573@0.007573,60000@0.007573@0.007573,120000@0.007573@0.007573,180000@0.007573@0.007573,240000@0.007573@0.007573,300000@0.007573@0.007573,360000@0.007573@0.007573,420000@0.007573@0.007573,480000@0.007573@0.007573,540000@0.007573@0.007573,600000@0.008622@0.008622,660000@0.008792@0.008792,720000@0.008879@0.008879,780000@0.008879@0.008879,840000@0.008879@0.008879,900000@0.008879@0.008879,960000@0.008879@0.008879,1020000@0.008879@0.008879,1080000@0.007402@0.008318,1140000@0.007402@0.007402,1200000@0.007402@0.007402,1260000@0.007402@0.007402,1320000@0.007402@0.007402,1380000@0.007402@0.007402,1440000@0.007402@0.007402,1500000@0.007402@0.007402,1560000@0.007402@0.007402,1620000@0.007402@0.007402,1680000@0.007402@0.007402,1740000@0.007402@0.007402,1800000@0.007402@0.007402,1860000@0.007402@0.007402,1920000@0.007402@0.007402,1980000@0.007402@0.007402,2040000@0.007402@0.007402,2100000@0.007402@0.007402,2160000@0.007402@0.007402,2220000@0.007402@0.007402,2280000@0.007402@0.007402,2340000@0.007402@0.007402,2400000@0.007402@0.007402,2460000@0.007402@0.007402,2520000@0.007402@0.007402,2580000@0.007402@0.007402,2640000@0.007402@0.007402,2700000@0.007402@0.007402,2760000@0.007402@0.007402,2820000@0.007402@0.007402,2880000@0.007402@0.007402,2940000@0.007402@0.007402,3000000@0.007402@0.007402,3060000@0.007402@0.007402,3120000@0.007402@0.007402,3180000@0.007402@0.007402,3240000@0.007402@0.007402,3300000@0.007402@0.007402,3360000@0.007402@0.007402,3420000@0.007402@0.007402,3480000@0.007402@0.007402,3540000@0.007402@0.007402,3600000@0.007402@0.007402,3660000@0.007402@0.007402,3720000@0.007402@0.007402,3780000@0.007402@0.007402,3840000@0.007402@0.007402,3900000@0.007402@0.007402,3960000@0.007402@0.007402,4020000@0.007402@0.007402,4080000@0.007402@0.007402,4140000@0.007402@0.007402,4200000@0.007402@0.007402
2018-11-28 19:03,XVG/BTC,trex,70,70,0@1.94e-06@455.69964572,60000@1.95e-06@28877.72409915,120000@1.95e-06@7772.02072538,180000@1.96e-06@163066.41218551,240000@1.96e-06@81476.47437793,300000@1.96e-06@41709.21878229,360000@1.97e-06@1225644.77082048,420000@1.97e-06@421342.98582111,480000@1.99e-06@266423.59250347,540000@2e-06@557049.81723057,600000@1.99e-06@795995.92120748,660000@2e-06@174106.8949319,720000@2.01e-06@258165.13381186,780000@2.01e-06@148238.64726374,840000@2e-06@2145775.97191424,900000@2.05e-06@2070247.192567,960000@2.14e-06@16146779.54065916,1020000@2.04e-06@4985948.46601604,1080000@2.05e-06@1465874.85232722,1140000@2.05e-06@1606981.62706644,1200000@1.99e-06@4450080.09596823,1260000@1.99e-06@2111382.17463287,1320000@1.99e-06@4249375.0963324,1380000@1.95e-06@2665639.85322408,1440000@1.97e-06@448548.38976463,1500000@2.01e-06@453350.90030994,1560000@2.03e-06@2713546.41467764,1620000@2.05e-06@2439981.4893071,1680000@2.01e-06@4316932.81486407,1740000@2.05e-06@1307087.30968967,1800000@2.06e-06@1401556.99352436,1860000@2.05e-06@2192495.68076498,1920000@2.05e-06@801999.08101569,1980000@2.03e-06@857060.05010359,2040000@2.01e-06@2275943.9765283,2100000@1.99e-06@2346871.93807279,2160000@2.01e-06@173906.30425613,2220000@1.98e-06@2227216.68371902,2280000@1.99e-06@238227.75791313,2340000@2e-06@87089.03020089,2400000@1.99e-06@666684.47939806,2460000@1.96e-06@850650.61779807,2520000@1.96e-06@223286.75755247,2580000@1.98e-06@771574.44812337,2640000@2.03e-06@399580.66202757,2700000@2.05e-06@1277125.92372957,2760000@2.06e-06@1047198.32207735,2820000@2.01e-06@1094036.25192015,2880000@2.04e-06@323943.32203671,2940000@2.04e-06@787092.03214044,3000000@2.05e-06@337802.11204043,3060000@2.04e-06@1565028.9052539,3120000@2.04e-06@232989.94563015,3180000@2.04e-06@193052.35958107,3240000@2.03e-06@20749.56676116,3300000@2.06e-06@2360203.15319586,3360000@2.06e-06@981351.28493147,3420000@2.03e-06@2302666.6044681,3480000@2.04e-06@2418078.48173967,3540000@2.08e-06@1014565.06448027,3600000@2.09e-06@3630730.04810872,3660000@2.12e-06@4931137.91763976,3720000@2.13e-06@3359897.92199697,3780000@2.13e-06@5251154.51696667,3840000@2.16e-06@4055244.06742185,3900000@2.15e-06@1146405.80562079,3960000@2.13e-06@2522157.48755014,4020000@2.15e-06@551900.14015467,4080000@2.09e-06@1941286.21831844,4140000@2.04e-06@1974769.52247625
2018-11-28 19:03,XVG/BTC,tbtc,70,70,0@1.89e-06@23000.0,360000@1.89e-06@6000.0,900000@1.88e-06@1000.0,1020000@1.89e-06@5000.0,1140000@1.88e-06@50000.0,1260000@1.89e-06@2000.0,1320000@1.89e-06@5000.0,1380000@1.89e-06@3000.0,1440000@1.9e-06@1000.0,1500000@1.91e-06@124000.0,1620000@1.91e-06@38000.0,1920000@1.89e-06@30000.0,1980000@1.9e-06@2000.0,2040000@1.9e-06@18000.0,2220000@1.89e-06@2000.0,3600000@1.9e-06@11000.0,3660000@1.9e-06@23000.0,3720000@1.9e-06@1000.0,4200000@1.89e-06@2000.0,4260000@1.88e-06@15000.0,4380000@1.89e-06@19000.0,4440000@1.89e-06@5000.0,4740000@1.88e-06@26000.0,5100000@1.89e-06@8000.0,5460000@1.9e-06@47000.0,6240000@1.89e-06@40000.0,6420000@1.9e-06@31000.0,6540000@1.91e-06@16000.0,6600000@1.91e-06@9000.0,6840000@1.93e-06@2000.0,6900000@1.94e-06@11000.0,7200000@1.93e-06@4000.0,8220000@1.92e-06@20000.0,8340000@1.93e-06@45000.0,8580000@1.93e-06@10000.0,9240000@1.93e-06@3000.0,9480000@1.93e-06@2000.0,9900000@1.94e-06@42000.0,10140000@1.95e-06@11000.0,10500000@1.99e-06@16000.0,10740000@2e-06@13000.0,10920000@2.04e-06@133000.0,10980000@2.12e-06@1044000.0,11040000@2.04e-06@46000.0,11100000@2.04e-06@119000.0,11160000@2.03e-06@19000.0,11220000@2e-06@26000.0,11280000@1.99e-06@53000.0,11340000@1.96e-06@4000.0,11400000@1.97e-06@67000.0,11460000@1.95e-06@16000.0,11520000@1.95e-06@2000.0,11760000@1.95e-06@78000.0,11880000@1.96e-06@142000.0,12540000@1.95e-06@4000.0,12600000@1.96e-06@241000.0,12900000@1.96e-06@40000.0,13560000@1.97e-06@1000.0,13620000@1.99e-06@49000.0,13680000@1.99e-06@3000.0,13800000@2.02e-06@4000.0,13860000@2.02e-06@9000.0,13920000@2.02e-06@4000.0,13980000@2.03e-06@126000.0,14040000@2.04e-06@12000.0,14100000@2.03e-06@1000.0,14160000@2.01e-06@123000.0,14220000@2.02e-06@6000.0,14460000@2.02e-06@1000.0,14520000@2e-06@34000.0
2018-12-02 21:55,XRP/BTC,uobi,70,70,0@8.997e-05@12654.0,60000@9.003e-05@5963.0,120000@9.004e-05@24753.0,180000@9.001e-05@17972.0,240000@9.012e-05@4556.0,300000@9.01e-05@2897.0,360000@9.009e-05@15613.0,420000@9.015e-05@5522.0,480000@9.008e-05@14631.0,540000@9.007e-05@5695.0,600000@9.003e-05@403.0,660000@9.004e-05@8802.0,720000@9.007e-05@9655.0,780000@9.008e-05@18466.0,840000@9.008e-05@8845.0,900000@9.007e-05@31404.0,960000@9.012e-05@20558.0,1020000@9.008e-05@20360.0,1080000@9.008e-05@17077.0,1140000@9.003e-05@2995.0,1200000@9.005e-05@2290.0,1260000@9.004e-05@19380.0,1320000@9.007e-05@11094.0,1380000@9.007e-05@843.0,1440000@9.006e-05@7326.0,1500000@9.007e-05@4882.0,1560000@9.002e-05@13489.0,1620000@9.001e-05@6993.0,1680000@9.006e-05@3734.0,1740000@9.001e-05@5493.0,1800000@9.002e-05@15032.0,1860000@9.002e-05@12674.0,1920000@8.997e-05@9703.0,1980000@9.001e-05@11877.0,2040000@8.997e-05@22188.04105760259,2100000@9.006e-05@4049.438650987353,2160000@9.009e-05@17014.0,2220000@9.01e-05@14818.0,2280000@9.007e-05@8958.10041051814,2340000@9.007e-05@14417.0,2400000@9.001e-05@14505.571047957372,2460000@9.009e-05@15019.0,2520000@8.999e-05@8605.02109470412,2580000@9.006e-05@6027.0,2640000@9.002e-05@12429.0,2700000@9.002e-05@6605.0,2760000@9.001e-05@844.0,2820000@8.997e-05@3344.0,2880000@8.997e-05@8034.0,2940000@8.995e-05@52354.0,3000000@8.985e-05@25607.0,3060000@8.991e-05@8412.0,3120000@8.995e-05@7256.0,3180000@8.995e-05@15989.0,3240000@9e-05@15738.0,3300000@9e-05@11695.0,3360000@9e-05@13343.166204063506,3420000@9.001e-05@10124.0,3480000@9.001e-05@4580.236371710892,3540000@9.007e-05@13543.258465637837,3600000@9.001e-05@1066.0,3660000@9.002e-05@3265.0,3720000@9.003e-05@10224.353868353868,3780000@9.003e-05@14183.211781672953,3840000@9.009e-05@9056.49133596703,3900000@9.004e-05@8411.309433962264,3960000@9.003e-05@1045.6712921847247,4020000@9.003e-05@21412.569080408706,4080000@8.999e-05@5102.012105730786,4140000@9.004e-05@1829.6358285206575
2018-12-02 21:55,XRP/USDT,teio,70,71,0@0.3623@0.3625,60000@0.3628@0.3628,120000@0.3629@0.3632,180000@0.3632@0.3632,240000@0.3632@0.3637,300000@0.3632@0.3632,360000@0.3632@0.3633,420000@0.3635@0.3635,480000@0.3628@0.3629,540000@0.3635@0.3635,600000@0.363@0.3631,660000@0.363@0.363,720000@0.363@0.363,780000@0.362@0.3628,840000@0.3626@0.3626,900000@0.3626@0.3626,960000@0.3626@0.3626,1020000@0.3626@0.3626,1080000@0.3626@0.3626,1140000@0.3626@0.3626,1200000@0.3626@0.3626,1260000@0.3625@0.3625,1320000@0.362@0.362,1380000@0.362@0.362,1440000@0.362@0.362,1500000@0.362@0.362,1560000@0.362@0.362,1620000@0.362@0.362,1680000@0.3622@0.3625,1740000@0.3622@0.3623,1800000@0.3622@0.3622,1860000@0.3622@0.3622,1920000@0.3622@0.3622,1980000@0.3622@0.3622,2040000@0.3622@0.3622,2100000@0.3622@0.3622,2160000@0.363@0.363,2220000@0.363@0.363,2280000@0.363@0.363,2340000@0.363@0.363,2400000@0.3623@0.3623,2460000@0.3623@0.3623,2520000@0.363@0.363,2580000@0.3624@0.3624,2640000@0.3628@0.3628,2700000@0.3628@0.3628,2760000@0.3624@0.3624,2820000@0.363@0.363,2880000@0.3624@0.3624,2940000@0.3624@0.3624,3000000@0.3624@0.3624,3060000@0.363@0.363,3120000@0.363@0.363,3180000@0.363@0.363,3240000@0.363@0.363,3300000@0.3626@0.3626,3360000@0.3632@0.3632,3420000@0.3626@0.3626,3480000@0.3626@0.3626,3540000@0.3626@0.3626,3600000@0.363@0.363,3660000@0.3626@0.3626,3720000@0.3631@0.3631,3780000@0.3631@0.3631,3840000@0.3631@0.3631,3900000@0.3631@0.3631,3960000@0.3631@0.3631,4020000@0.3635@0.3635,4080000@0.3646@0.3646,4140000@0.3645@0.3645,4200000@0.3645@0.3645
2018-12-02 21:55,XRP/BTC,tbtc,70,70,0@9.008e-05@3173.0,60000@9.011e-05@3229.0,120000@9.009e-05@317.0,180000@9.012e-05@1063.0,240000@9.011e-05@175.0,300000@9.01e-05@68.0,360000@9.013e-05@4557.0,420000@9.008e-05@661.0,480000@9.003e-05@9424.0,540000@9.005e-05@4624.0,600000@9.009e-05@633.0,660000@9.007e-05@204179.0,720000@9.003e-05@976.0,780000@9.01e-05@2302.0,840000@9.007e-05@2049.0,900000@9.006e-05@1891.0,960000@9.005e-05@270.0,1020000@9.002e-05@244.0,1080000@9.001e-05@19171.0,1140000@9.004e-05@591.0,1200000@9.004e-05@2141.0,1260000@9e-05@2291.0,1320000@9.002e-05@212946.0,1380000@9.002e-05@109.0,1440000@9.001e-05@6.0,1500000@8.998e-05@1593.0,1560000@8.996e-05@7526.0,1620000@9e-05@6708.0,1740000@9.003e-05@132.0,1800000@9.008e-05@3598.0,1860000@9.009e-05@636.0,1980000@9.006e-05@97969.0,2040000@9.007e-05@35935.0,2100000@9.006e-05@154.0,2220000@9.008e-05@120.0,2280000@9.009e-05@502.0,2340000@9.009e-05@754.0,2400000@9.012e-05@2285.0,2460000@9.01e-05@2299.0,2520000@9.006e-05@2888.0,2580000@9.002e-05@330.0,2640000@9.002e-05@625.0,2760000@9.006e-05@1595.0,2820000@9.005e-05@86025.0,2880000@9.006e-05@2693.0,2940000@9.01e-05@30.0,3000000@9.01e-05@252.0,3060000@9.012e-05@754.0,3120000@9.012e-05@23.0,3180000@9.012e-05@2392.0,3240000@9.013e-05@2798.0,3300000@9.006e-05@356.0,3360000@9.01e-05@2921.0,3420000@9.012e-05@36610.0,3480000@9.007e-05@2266.0,3540000@9.011e-05@29714.0,3660000@9.011e-05@399.0,3720000@9.012e-05@3042.0,3780000@9.012e-05@308634.0,3840000@9.01e-05@42.0,4020000@9.011e-05@3559.0,4080000@9.011e-05@2725.0,4140000@9.016e-05@2238.0,4200000@9.014e-05@2000.0,4260000@9.014e-05@140.0,4320000@9.015e-05@3155.0,4380000@9.009e-05@7276.0,4440000@9.013e-05@6845.0,4500000@9.003e-05@18332.0,4560000@9e-05@2707.0
2018-12-02 21:55,XRP/BTC,trex,70,70,0@8.999e-05@8565.36228946,60000@8.998e-05@11.7390772,120000@8.998e-05@430.69202441,240000@8.998e-05@147.54204514,300000@8.998e-05@570.84918142,360000@8.999e-05@160.74467578,420000@8.999e-05@1957.43723848,480000@8.999e-05@5542.28247583,540000@8.998e-05@36.33005114,600000@8.998e-05@7131.07245658,660000@8.998e-05@140.63864056,780000@8.999e-05@1394.35251866,840000@9e-05@475.06636111,960000@9e-05@20.0,1080000@9e-05@4781.10430881,1200000@9.002e-05@3951.98090609,1260000@9e-05@20498.37497894,1320000@9e-05@5160.00222198,1380000@9e-05@590.0,1440000@9.002e-05@900.18468094,1560000@9.003e-05@633.37719399,1620000@9.001e-05@8877.54220349,1800000@8.998e-05@21146.78695453,1860000@8.998e-05@1183.48529919,1920000@9.003e-05@22.20371543,1980000@8.998e-05@9166.02415268,2040000@9.003e-05@39.99017676,2160000@9.003e-05@145.60239238,2220000@9.009e-05@146.75961539,2280000@9.018e-05@5216.549996,2340000@9.015e-05@71.97608108,2460000@9.012e-05@5.65912117,2520000@9.012e-05@240.62194851,2640000@9.024e-05@1134.67445163,2700000@9.01e-05@22.21481728,2760000@9.011e-05@96.0,2940000@9.012e-05@1216.07,3000000@9.012e-05@1000.00000025,3120000@9.016e-05@125.09568292,3180000@9.016e-05@19.96450754,3240000@9.013e-05@812.27931819,3420000@9.013e-05@1612.776,3540000@9.013e-05@100.0,3780000@9.015e-05@893.56981697,4020000@9.015e-05@171.77591764,4080000@9.015e-05@100.0,4140000@9.016e-05@50.0,4140000@9.016e-05@50.0,4140000@9.016e-05@50.0,4140000@9.016e-05@50.0,4140000@9.016e-05@50.0,4140000@9.016e-05@50.0,4140000@9.016e-05@50.0,4140000@9.016e-05@50.0,4140000@9.016e-05@50.0,4140000@9.016e-05@50.0,4140000@9.016e-05@50.0,4140000@9.016e-05@50.0,4140000@9.016e-05@50.0,4140000@9.016e-05@50.0,4140000@9.016e-05@50.0,4140000@9.016e-05@50.0,4140000@9.016e-05@50.0,4140000@9.016e-05@50.0,4140000@9.016e-05@50.0,4140000@9.016e-05@50.0,4140000@9.016e-05@50.0,4140000@9.016e-05@50.0,4140000@9.016e-05@50.0,4140000@9.016e-05@50.0
2018-12-03 00:13,TUSD/USDT,teio,70,71,0@1.011@1.011,60000@1.011@1.011,120000@1.011@1.011,180000@1.011@1.011,240000@1.011@1.011,300000@1.011@1.011,360000@1.011@1.011,420000@1.011@1.011,480000@1.011@1.011,540000@1.011@1.011,600000@1.011@1.011,660000@1.011@1.011,720000@1.011@1.011,780000@1.011@1.011,840000@1.011@1.011,900000@1.011@1.011,960000@1.011@1.011,1020000@1.011@1.011,1080000@1.011@1.011,1140000@1.021@1.021,1200000@1.021@1.021,1260000@1.021@1.021,1320000@1.021@1.021,1380000@1.021@1.021,1440000@1.021@1.021,1500000@1.021@1.021,1560000@1.021@1.021,1620000@1.021@1.021,1680000@1.021@1.021,1740000@1.021@1.021,1800000@1.021@1.021,1860000@1.021@1.021,1920000@1.021@1.021,1980000@1.021@1.021,2040000@1.021@1.021,2100000@1.021@1.021,2160000@1.021@1.021,2220000@1.021@1.021,2280000@1.021@1.021,2340000@1.021@1.021,2400000@1.021@1.021,2460000@1.021@1.021,2520000@1.021@1.021,2580000@1.021@1.021,2640000@1.021@1.021,2700000@1.021@1.021,2760000@1.021@1.021,2820000@1.021@1.021,2880000@1.021@1.021,2940000@1.021@1.021,3000000@1.021@1.021,3060000@1.021@1.021,3120000@1.021@1.021,3180000@1.021@1.021,3240000@1.021@1.021,3300000@1.021@1.021,3360000@1.021@1.021,3420000@1.021@1.021,3480000@1.021@1.021,3540000@1.021@1.021,3600000@1.021@1.021,3660000@1.021@1.021,3720000@1.021@1.021,3780000@1.021@1.021,3840000@1.021@1.021,3900000@1.021@1.021,3960000@1.021@1.021,4020000@1.021@1.021,4080000@1.021@1.021,4140000@1.021@1.021,4200000@1.021@1.021
2018-12-03 00:13,TUSD/BTC,trex,70,70,0@0.00025311@20.11991469,120000@0.0002528@14.09337295,360000@0.00025359@117.97037317,420000@0.00025376@768.49410908,540000@0.00025392@724.52848966,600000@0.0002548@3118.20859316,720000@0.000255@994.72264706,780000@0.00025406@4.31372549,1020000@0.0002544@866.29680307,1140000@0.00025455@4.76134354,1380000@0.00025423@62.69126382,1800000@0.00025414@4.32645034,1860000@0.0002528@1.98279272,2640000@0.00025263@4.75021771,3000000@0.00025392@184.90547348,3360000@0.00025476@4410.05035887,3540000@0.00025499@2010.71365915,3600000@0.00025499@211.08941685,3660000@0.000255@222.29743874,3660000@0.000255@222.29743874,3660000@0.000255@222.29743874,3660000@0.000255@222.29743874,3660000@0.000255@222.29743874,3660000@0.000255@222.29743874,3660000@0.000255@222.29743874,3660000@0.000255@222.29743874,3660000@0.000255@222.29743874,3660000@0.000255@222.29743874,3660000@0.000255@222.29743874,3660000@0.000255@222.29743874,3660000@0.000255@222.29743874,3660000@0.000255@222.29743874,3660000@0.000255@222.29743874,3660000@0.000255@222.29743874,3660000@0.000255@222.29743874,3660000@0.000255@222.29743874,3660000@0.000255@222.29743874,3660000@0.000255@222.29743874,3660000@0.000255@222.29743874,3660000@0.000255@222.29743874,3660000@0.000255@222.29743874,3660000@0.000255@222.29743874,3660000@0.000255@222.29743874,3660000@0.000255@222.29743874,3660000@0.000255@222.29743874,3660000@0.000255@222.29743874,3660000@0.000255@222.29743874,3660000@0.000255@222.29743874,3660000@0.000255@222.29743874,3660000@0.000255@222.29743874,3660000@0.000255@222.29743874,3660000@0.000255@222.29743874,3660000@0.000255@222.29743874,3660000@0.000255@222.29743874,3660000@0.000255@222.29743874,3660000@0.000255@222.29743874,3660000@0.000255@222.29743874,3660000@0.000255@222.29743874,3660000@0.000255@222.29743874,3660000@0.000255@222.29743874,3660000@0.000255@222.29743874,3660000@0.000255@222.29743874,3660000@0.000255@222.29743874,3660000@0.000255@222.29743874,3660000@0.000255@222.29743874,3660000@0.000255@222.29743874,3660000@0.000255@222.29743874,3660000@0.000255@222.29743874,3660000@0.000255@222.29743874,3660000@0.000255@222.29743874
2018-12-03 11:35,NEO/USDT,teio,70,71,0@7.38@7.38,60000@7.38@7.38,120000@7.38@7.38,180000@7.38@7.38,240000@7.38@7.38,300000@7.38@7.38,360000@7.38@7.38,420000@7.38@7.38,480000@7.38@7.38,540000@7.38@7.38,600000@7.38@7.38,660000@7.38@7.38,720000@7.38@7.38,780000@7.38@7.38,840000@7.38@7.38,900000@7.38@7.38,960000@7.38@7.38,1020000@7.38@7.38,1080000@7.38@7.38,1140000@7.37@7.37,1200000@7.38@7.38,1260000@7.38@7.38,1320000@7.38@7.38,1380000@7.38@7.38,1440000@7.38@7.38,1500000@7.38@7.38,1560000@7.38@7.38,1620000@7.38@7.38,1680000@7.38@7.38,1740000@7.38@7.38,1800000@7.38@7.38,1860000@7.38@7.38,1920000@7.38@7.38,1980000@7.38@7.38,2040000@7.38@7.38,2100000@7.38@7.38,2160000@7.38@7.38,2220000@7.38@7.38,2280000@7.38@7.38,2340000@7.38@7.38,2400000@7.38@7.38,2460000@7.38@7.38,2520000@7.38@7.38,2580000@7.38@7.38,2640000@7.38@7.38,2700000@7.38@7.38,2760000@7.38@7.38,2820000@7.38@7.38,2880000@7.38@7.38,2940000@7.38@7.38,3000000@7.38@7.38,3060000@7.38@7.38,3120000@7.42@7.42,3180000@7.42@7.42,3240000@7.42@7.42,3300000@7.42@7.42,3360000@7.42@7.42,3420000@7.42@7.42,3480000@7.42@7.42,3540000@7.42@7.42,3600000@7.42@7.42,3660000@7.42@7.42,3720000@7.42@7.42,3780000@7.42@7.42,3840000@7.42@7.42,3900000@7.42@7.42,3960000@7.42@7.42,4020000@7.42@7.42,4080000@7.42@7.42,4140000@7.42@7.42,4200000@7.42@7.42
2018-12-03 11:35,NEO/BTC,tbtc,70,70,0@0.00193@70.1,480000@0.00193@2.0,660000@0.00193@80.0,1920000@0.00194@80.0,3360000@0.00193@5.4,3840000@0.00194@104.2,3960000@0.00193@23.0,4080000@0.00194@80.0,4620000@0.00193@25.1,5880000@0.00193@8.7,6240000@0.00193@4.0,7500000@0.00194@22.6,7620000@0.00194@69.2,8040000@0.00194@18.7,14400000@0.00193@7.0,14520000@0.00193@39.5,14700000@0.00193@1.6,19380000@0.00194@15.0,20100000@0.00194@16.5,21540000@0.00193@0.4,22020000@0.00193@13.4,22500000@0.00192@101.0,22560000@0.00193@132.8,22800000@0.00193@6.7,22860000@0.00193@2.0,22980000@0.00193@46.7,23940000@0.00193@25.7,25380000@0.00193@329.0,25680000@0.00192@3.0,25980000@0.00191@0.3,26340000@0.0019@1205.4,26460000@0.00189@418.6,26640000@0.00189@14.1,26700000@0.00189@18.0,26760000@0.00189@17.1,26820000@0.00189@5.2,27060000@0.00189@18.6,27240000@0.0019@0.2,27300000@0.0019@10.1,27480000@0.0019@394.2,27540000@0.0019@30.0,27660000@0.0019@433.4,27720000@0.0019@297.4,28380000@0.00191@80.0,29700000@0.0019@218.8,29880000@0.0019@6.1,29940000@0.00189@184.3,30000000@0.00189@129.3,30300000@0.00189@1.9,31380000@0.00189@315.3,31680000@0.00188@102.9,31740000@0.00188@150.0,31800000@0.00188@1.6,32340000@0.00188@1.3,32580000@0.00189@30.1,32640000@0.00189@0.8,32820000@0.00189@1.4,33240000@0.00189@8.8,33300000@0.00189@353.8,33660000@0.00189@59.2,34020000@0.00189@142.7,34500000@0.0019@12.8,34800000@0.0019@10.2,34860000@0.00189@10.3,35520000@0.0019@5.2,36120000@0.00189@467.0,37320000@0.00188@1.0,38460000@0.00189@537.2,38520000@0.00189@18.3,39060000@0.00189@20.0
2018-12-03 11:35,NEO/BTC,uobi,70,70,0@0.001885@0.0,60000@0.001885@0.304,120000@0.001888@17.8671,180000@0.001887@0.2569,240000@0.001887@0.8206,300000@0.001888@0.3551,360000@0.001888@1.0132,420000@0.00189@82.3908,480000@0.001888@0.0421,540000@0.001885@131.6537,600000@0.00189@29.2625,660000@0.001891@52.9553,720000@0.001889@7.6,780000@0.001888@0.3352,840000@0.001888@0.0035,900000@0.001888@1.7544,960000@0.001887@0.1448,1020000@0.001887@0.1366,1080000@0.001887@0.201,1140000@0.001886@202.9203,1200000@0.001886@0.1268,1260000@0.001887@0.2214,1320000@0.001888@0.5747,1380000@0.001887@19.4193,1440000@0.001886@0.1571,1500000@0.001885@0.0012,1560000@0.001887@0.0576,1620000@0.001888@0.202,1680000@0.001889@0.0589,1740000@0.001888@0.0017,1800000@0.001887@0.0822,1860000@0.001888@0.1213,1920000@0.001886@0.1493,1980000@0.001887@1.6387,2040000@0.001886@33.3402,2100000@0.001885@5.297,2160000@0.001887@0.127,2220000@0.001887@0.0635,2280000@0.001887@21.2598,2340000@0.001887@0.0347,2400000@0.001887@12.4026,2460000@0.001889@0.9188,2520000@0.00189@3.6602,2580000@0.001887@0.1797,2640000@0.001888@0.1126,2700000@0.001888@0.1201,2760000@0.001888@0.1176,2820000@0.001888@0.1764,2880000@0.001888@0.0632,2940000@0.001889@0.0546,3000000@0.001888@2.2113,3060000@0.001888@14.7636,3120000@0.00189@10.622,3180000@0.00189@14.4237,3240000@0.00189@0.3461,3300000@0.001889@4.0347,3360000@0.001892@22.5498,3420000@0.001891@0.348,3480000@0.001891@0.0799,3540000@0.001892@24.7667,3600000@0.001892@15.4993,3660000@0.001891@2.8759,3720000@0.001893@0.2989,3780000@0.001892@0.005,3840000@0.001893@0.0635,3900000@0.001893@6.8867,3960000@0.001892@0.2312,4020000@0.00189@0.8538,4080000@0.001891@12.8487,4140000@0.001889@0.2544
2018-12-03 11:35,NEO/BTC,trex,70,70,0@0.00189881@10.0,360000@0.00188461@1.09051254,1080000@0.00189931@17.00005,1500000@0.00188396@17.0,1560000@0.00189497@5.97482481,1800000@0.00189481@10.00005,1920000@0.00189476@5.00005,1980000@0.00189476@8.00005,2340000@0.0018855@8.1001938,2400000@0.0018855@0.58206538,3000000@0.00188014@200.0,3060000@0.00188077@61.0,3240000@0.00188157@113.59431969,3300000@0.00188003@22.7436385,3420000@0.00189361@1.8,3540000@0.00189354@5.00005,3780000@0.00188309@6.06,3960000@0.0018948@14.53501153,4080000@0.0018875@0.43714178,4080000@0.0018875@0.43714178,4080000@0.0018875@0.43714178,4080000@0.0018875@0.43714178,4080000@0.0018875@0.43714178,4080000@0.0018875@0.43714178,4080000@0.0018875@0.43714178,4080000@0.0018875@0.43714178,4080000@0.0018875@0.43714178,4080000@0.0018875@0.43714178,4080000@0.0018875@0.43714178,4080000@0.0018875@0.43714178,4080000@0.0018875@0.43714178,4080000@0.0018875@0.43714178,4080000@0.0018875@0.43714178,4080000@0.0018875@0.43714178,4080000@0.0018875@0.43714178,4080000@0.0018875@0.43714178,4080000@0.0018875@0.43714178,4080000@0.0018875@0.43714178,4080000@0.0018875@0.43714178,4080000@0.0018875@0.43714178,4080000@0.0018875@0.43714178,4080000@0.0018875@0.43714178,4080000@0.0018875@0.43714178,4080000@0.0018875@0.43714178,4080000@0.0018875@0.43714178,4080000@0.0018875@0.43714178,4080000@0.0018875@0.43714178,4080000@0.0018875@0.43714178,4080000@0.0018875@0.43714178,4080000@0.0018875@0.43714178,4080000@0.0018875@0.43714178,4080000@0.0018875@0.43714178,4080000@0.0018875@0.43714178,4080000@0.0018875@0.43714178,4080000@0.0018875@0.43714178,4080000@0.0018875@0.43714178,4080000@0.0018875@0.43714178,4080000@0.0018875@0.43714178,4080000@0.0018875@0.43714178,4080000@0.0018875@0.43714178,4080000@0.0018875@0.43714178,4080000@0.0018875@0.43714178,4080000@0.0018875@0.43714178,4080000@0.0018875@0.43714178,4080000@0.0018875@0.43714178,4080000@0.0018875@0.43714178,4080000@0.0018875@0.43714178,4080000@0.0018875@0.43714178,4080000@0.0018875@0.43714178,4080000@0.0018875@0.43714178
2018-12-03 22:43,BCH/USDT,teio,70,71,0@155.29@155.29,60000@155.09@155.09,120000@155.3@155.3,180000@154.85@155.38,240000@154.49@154.85,300000@154.49@154.49,360000@154.49@154.49,420000@154.49@154.49,480000@154.49@154.49,540000@154.81@154.81,600000@154.81@154.81,660000@154.81@154.81,720000@154.48@154.7,780000@154.48@154.48,840000@154.42@154.69,900000@154.48@154.48,960000@154.48@154.48,1020000@154.48@154.48,1080000@154.48@154.48,1140000@154.48@154.48,1200000@154.48@154.48,1260000@154.02@154.7,1320000@154.02@154.02,1380000@154.02@154.02,1440000@154.02@154.02,1500000@154.02@154.02,1560000@154@154,1620000@154@154,1680000@154@154,1740000@154@154,1800000@154@154,1860000@154@154,1920000@153.12@153.18,1980000@154.3@154.3,2040000@154.3@154.3,2100000@154.29@154.29,2160000@154.29@154.29,2220000@154.29@154.29,2280000@152.63@153.18,2340000@152.11@153.87,2400000@152.11@152.11,2460000@153@153,2520000@153@153,2580000@152.84@153,2640000@152.84@152.84,2700000@152.86@152.86,2760000@152.86@152.86,2820000@152.86@152.86,2880000@151.34@152.18,2940000@151.53@151.53,3000000@151.34@151.34,3060000@151.04@151.18,3120000@152.16@152.25,3180000@152.25@152.25,3240000@152.25@152.25,3300000@152.25@152.25,3360000@152.25@152.25,3420000@151.35@151.35,3480000@151.3@151.49,3540000@151@151.2,3600000@150.71@151,3660000@150.3@150.71,3720000@150.43@150.44,3780000@150.43@150.43,3840000@150.43@150.43,3900000@150.53@150.55,3960000@150.53@150.53,4020000@150.53@150.53,4080000@150.53@150.53,4140000@150.55@150.55,4200000@150.55@150.55
2018-12-03 22:43,BCH/BTC,uobi,70,70,0@0.039094@0.0,60000@0.039094@32.0421,120000@0.039153@0.0,180000@0.039153@0.0,240000@0.039153@16.4846,300000@0.039148@1.0661,360000@0.039153@0.6102,420000@0.038961@4.0,480000@0.039119@300.1113,540000@0.039018@3.9423,600000@0.039052@1.0,660000@0.039152@44.8914,720000@0.039111@39.3013,780000@0.039154@5.6167,840000@0.039208@0.0378,900000@0.039208@0.177,960000@0.039269@0.0,1020000@0.039269@9.2679,1080000@0.039289@0.0516,1140000@0.039295@0.088,1200000@0.039158@3.2133,1260000@0.039295@13.6794,1320000@0.039166@22.385,1380000@0.0393@183.6276,1440000@0.0393@131.653,1500000@0.039552@104.0918,1560000@0.039666@6.708,1620000@0.039783@5.9436,1680000@0.039748@0.0476,1740000@0.039772@1.0105,1800000@0.039669@0.0,1860000@0.039669@0.0,1920000@0.039669@0.6094,1980000@0.0397@3.2769,2040000@0.0397@2.2609,2100000@0.039747@4.5865,2160000@0.0398@30.9182,2220000@0.039801@4.6029,2280000@0.039802@0.5724,2340000@0.039889@6.0264,2400000@0.039896@0.0,2460000@0.039896@8.282,2520000@0.039818@0.0,2580000@0.039818@2.6858,2640000@0.039832@0.0811,2700000@0.039935@0.0,2760000@0.039935@1.7425,2820000@0.039806@0.0,2880000@0.039806@0.0,2940000@0.039806@6.2455,3000000@0.039977@0.6763,3060000@0.0399@10.7526,3120000@0.039995@9.0,3180000@0.039909@0.0,3240000@0.039909@0.1038,3300000@0.039915@0.0,3360000@0.039915@0.7173,3420000@0.039858@0.24,3480000@0.039855@3.0074,3540000@0.039905@0.2125,3600000@0.039895@0.1,3660000@0.039885@0.662,3720000@0.04@22.7601,3780000@0.04@83.2154,3840000@0.040001@0.0,3900000@0.040001@0.235,3960000@0.04@0.0,4020000@0.04@54.0132,4080000@0.04@9.698,4140000@0.04@33.0553
2018-12-03 22:43,BCH/BTC,tbtc,70,70,0@0.064172@0.1,60000@0.06417@0.063,540000@0.064158@0.103,780000@0.064171@0.319,840000@0.064163@0.159,900000@0.064158@0.2,960000@0.064035@50.18,1140000@0.064112@8.84,1200000@0.06413@0.388,1740000@0.064062@9.979,1800000@0.064069@3.217,1860000@0.064092@16.157,1920000@0.064065@62.593,1980000@0.064134@3.337,2040000@0.064138@0.397,2100000@0.064079@0.153,2160000@0.064061@0.002,2220000@0.064052@0.091,2280000@0.063911@0.978,2340000@0.063865@1.249,2400000@0.063971@5.733,2460000@0.063919@1.529,2520000@0.063826@0.1,2580000@0.063826@0.076,2640000@0.063761@25.374,2940000@0.063766@6.227,3000000@0.063956@0.08,3060000@0.063801@63.192,3120000@0.063802@18.57,3180000@0.063671@53.27,3240000@0.0636@15.396,3300000@0.06357@30.068,3360000@0.063634@30.126,3420000@0.063581@141.769,3480000@0.063602@18.921,3540000@0.06361@3.335,3600000@0.063612@1.582,3660000@0.063556@0.1,3720000@0.063581@0.227,3780000@0.063575@0.475,3900000@0.063613@17.329,3960000@0.063603@6.08,4080000@0.063649@64.529,4140000@0.063611@42.857,4200000@0.063571@0.215,4260000@0.063658@0.529,4860000@0.063578@9.385,5100000@0.063348@0.227,5160000@0.063361@21.636,5280000@0.063359@43.344,5340000@0.063353@14.62,5400000@0.063343@43.522,5460000@0.063379@15.181,5520000@0.063354@10.217,5580000@0.063345@24.783,5640000@0.063345@0.094,5700000@0.063315@0.257,5760000@0.063259@0.428,5820000@0.063232@10.164,5880000@0.063095@0.253,5940000@0.062989@56.241,6000000@0.062928@42.943,6060000@0.062923@43.104,6120000@0.062929@23.347,6180000@0.062922@110.112,6240000@0.062929@64.68,6300000@0.062929@4.161,6360000@0.062904@7.448,6420000@0.062916@8.02,6480000@0.062901@1.916
2018-12-03 22:43,BCH/BTC,trex,70,70,0@0.04006@0.28645085,60000@0.0400551@10.96261317,180000@0.0400551@7.149e-05,300000@0.04003506@0.43378889,480000@0.04000001@8.16737352,540000@0.04003505@0.13,660000@0.04003505@6.22891536,720000@0.04003506@0.05168749,780000@0.04000001@0.08,840000@0.04@57.329,900000@0.04003439@0.01509564,960000@0.04@0.0916834,1080000@0.03999999@0.34916523,1140000@0.03998434@1.11364534,1200000@0.03998434@0.01691523,1320000@0.03975407@11.83437344,1380000@0.03995279@0.01376625,1440000@0.03975409@3.17076968,1560000@0.03975409@0.67,1620000@0.03979384@2.26192912,1680000@0.03979384@14.74461978,1740000@0.03975409@8.32366791,1800000@0.03995283@0.10337973,2160000@0.0399519@0.50094586,2340000@0.03991999@0.1,2400000@0.03988499@0.02051946,2460000@0.03985499@6.2086,2520000@0.03973418@1.39839965,2580000@0.0397@1.68734581,2640000@0.0397@0.49638035,2700000@0.0397@0.11325446,2880000@0.03982981@28.55078701,2940000@0.03979999@0.04694509,3000000@0.0395412@3.66320865,3060000@0.0395262@0.27913461,3120000@0.03948676@2.30781742,3180000@0.03927@59.7875701,3240000@0.03927393@0.05373433,3300000@0.039415@6.618,3360000@0.03938999@0.44884294,3420000@0.03919693@1.75921766,3480000@0.03934499@0.09970342,3540000@0.03916072@2.81848826,3600000@0.0391@261.52224484,3660000@0.0391@117.7569757,3720000@0.0391@157.3656069,3780000@0.03900001@404.47381725,3840000@0.0391@155.42308752,3900000@0.039@169.61364858,3960000@0.0391@129.792754,4020000@0.039255@184.20328363,4080000@0.03900016@10.12461027,4260000@0.03900057@0.16624639,4260000@0.03900057@0.16624639,4260000@0.03900057@0.16624639,4260000@0.03900057@0.16624639,4260000@0.03900057@0.16624639,4260000@0.03900057@0.16624639,4260000@0.03900057@0.16624639,4260000@0.03900057@0.16624639,4260000@0.03900057@0.16624639,4260000@0.03900057@0.16624639,4260000@0.03900057@0.16624639,4260000@0.03900057@0.16624639,4260000@0.03900057@0.16624639,4260000@0.03900057@0.16624639,4260000@0.03900057@0.16624639,4260000@0.03900057@0.16624639,4260000@0.03900057@0.16624639,4260000@0.03900057@0.16624639
2018-12-04 00:30,ADA/USDT,teio,70,71,0@0.0389@0.0389,60000@0.0388@0.0388,120000@0.0388@0.0388,180000@0.0389@0.0389,240000@0.0389@0.0389,300000@0.0388@0.0388,360000@0.0388@0.0388,420000@0.0388@0.0388,480000@0.0388@0.0388,540000@0.0389@0.0389,600000@0.0391@0.0391,660000@0.0392@0.0392,720000@0.0392@0.0392,780000@0.0392@0.0392,840000@0.0391@0.0391,900000@0.0391@0.0391,960000@0.0391@0.0391,1020000@0.0391@0.0391,1080000@0.0391@0.0391,1140000@0.039@0.0391,1200000@0.039@0.039,1260000@0.0392@0.0392,1320000@0.0392@0.0392,1380000@0.0393@0.0393,1440000@0.0395@0.0395,1500000@0.0396@0.0396,1560000@0.0397@0.0397,1620000@0.0398@0.0398,1680000@0.0395@0.0395,1740000@0.0395@0.0395,1800000@0.0395@0.0395,1860000@0.0396@0.0396,1920000@0.0398@0.0398,1980000@0.0399@0.0399,2040000@0.0398@0.0398,2100000@0.0396@0.0398,2160000@0.0396@0.0396,2220000@0.0396@0.0396,2280000@0.0396@0.0396,2340000@0.0392@0.0395,2400000@0.0394@0.0394,2460000@0.0396@0.0396,2520000@0.0397@0.0397,2580000@0.0395@0.0395,2640000@0.0395@0.0395,2700000@0.0395@0.0395,2760000@0.0395@0.0395,2820000@0.0395@0.0395,2880000@0.0395@0.0395,2940000@0.0395@0.0395,3000000@0.0395@0.0395,3060000@0.0395@0.0395,3120000@0.0394@0.0395,3180000@0.0395@0.0395,3240000@0.0397@0.0397,3300000@0.0395@0.0395,3360000@0.0395@0.0395,3420000@0.0396@0.0396,3480000@0.0396@0.0396,3540000@0.0397@0.0397,3600000@0.0397@0.0397,3660000@0.0397@0.0397,3720000@0.0397@0.0397,3780000@0.0397@0.0397,3840000@0.0396@0.0396,3900000@0.0396@0.0396,3960000@0.0396@0.0396,4020000@0.0395@0.0395,4080000@0.0395@0.0395,4140000@0.0395@0.0395,4200000@0.0395@0.0395
2018-12-04 00:30,ADA/BTC,uobi,70,70,0@9.85e-06@1605.23,60000@9.85e-06@8.66,120000@9.86e-06@12.87,180000@9.85e-06@1900.58,240000@9.87e-06@0.61,300000@9.88e-06@2.62,360000@9.89e-06@42.69,420000@9.89e-06@2.34,480000@9.89e-06@309.88,540000@9.89e-06@304.94,600000@9.9e-06@5.61,660000@9.9e-06@17.58,720000@9.89e-06@193.45,780000@9.88e-06@51.4,840000@9.88e-06@2012.3464112903225,900000@9.9e-06@66.17,960000@9.88e-06@9.33,1020000@9.89e-06@23612.54,1080000@9.9e-06@372.26,1140000@9.91e-06@28.31,1200000@9.91e-06@3.13,1260000@9.91e-06@197.18,1320000@9.9e-06@2023.56,1380000@9.9e-06@15574.48,1440000@9.9e-06@1092.53,1500000@9.9e-06@7823.75,1560000@9.9e-06@3.26,1620000@9.9e-06@2.68,1680000@9.9e-06@59.552217741935486,1740000@9.89e-06@27875.22,1800000@9.88e-06@21356.26,1860000@9.9e-06@14668.93,1920000@9.95e-06@6589.166683417086,1980000@9.92e-06@35785.16,2040000@9.93e-06@1213.3719281518256,2100000@9.92e-06@555.52608040201,2160000@9.95e-06@28438.387710843373,2220000@9.96e-06@42193.541847389555,2280000@9.96e-06@71720.74,2340000@9.95e-06@15870.31,2400000@9.95e-06@13424.23,2460000@9.97e-06@16136.15,2520000@9.98e-06@10380.51,2580000@9.97e-06@76.89,2640000@9.96e-06@37313.53,2700000@9.97e-06@10340.33,2760000@9.97e-06@60148.68721442886,2820000@9.96e-06@8.52,2880000@9.98e-06@5536.81,2940000@9.96e-06@6787.0079458917835,3000000@9.94e-06@0.53,3060000@9.96e-06@36570.91,3120000@9.95e-06@87.59,3180000@9.95e-06@1.5,3240000@9.94e-06@627.43,3300000@9.93e-06@12990.65,3360000@9.96e-06@5569.76,3420000@9.95e-06@26218.2,3480000@9.97e-06@25229.39,3540000@9.92e-06@18981.89,3600000@9.89e-06@1091.74,3660000@9.88e-06@2.61,3720000@9.88e-06@5763.45,3780000@9.88e-06@2.54,3840000@9.89e-06@2067.09,3900000@9.89e-06@964.52,3960000@9.88e-06@2027.88,4020000@9.87e-06@2227.3,4080000@9.85e-06@1850.63,4140000@9.86e-06@713.12
2018-12-04 00:30,ADA/BTC,trex,70,70,0@9.89e-06@10527.20568,60000@9.91e-06@3234.8632452,120000@9.94e-06@9639.92158307,180000@9.93e-06@355.9919436,240000@9.91e-06@8603.09596571,360000@9.9e-06@2938.79382579,420000@9.83e-06@110.41919203,480000@9.84e-06@10001.0,720000@9.85e-06@972.88628528,900000@9.89e-06@563.45213925,960000@9.93e-06@5733.0,1020000@9.95e-06@144389.5727057,1080000@9.95e-06@85027.386,1200000@9.95e-06@29468.07825,1260000@9.95e-06@143300.0,1320000@9.91e-06@87.29438694,1380000@9.95e-06@55.0,1500000@9.95e-06@6534.60359903,1560000@9.95e-06@29015.15577886,1620000@9.95e-06@11317.36780433,1740000@9.95e-06@293998.25276379,1800000@9.95e-06@200278.77214322,1860000@9.95e-06@49153.0591,1920000@9.95e-06@205586.24052424,1980000@9.95e-06@352447.11368167,2040000@9.93e-06@64550.18592879,2100000@9.95e-06@6465.01687002,2160000@9.95e-06@117574.17239922,2220000@9.95e-06@100764.85449497,2280000@9.95e-06@192217.83218833,2340000@9.93e-06@600.00735956,2400000@9.95e-06@7056.37673,2460000@9.94e-06@9860.30004271,2520000@9.94e-06@2061.8026179,2700000@9.93e-06@300.0,2760000@9.93e-06@2502.26,2940000@9.93e-06@3412.88423154,3000000@9.9e-06@64.33128817,3060000@9.93e-06@12750.52731168,3120000@9.95e-06@15572.58009026,3240000@9.95e-06@500.0,3360000@9.94e-06@27544.318102,3480000@9.9e-06@3390.3421,3540000@9.9e-06@5000.0,3780000@9.94e-06@14214.8,3840000@9.93e-06@2341.56301056,3960000@9.94e-06@132.09255533,4020000@9.9e-06@19471.32222868,4080000@9.9e-06@7685.25809593,4200000@9.89e-06@57.09333486,4320000@9.84e-06@608.81165355,4320000@9.84e-06@608.81165355,4320000@9.84e-06@608.81165355,4320000@9.84e-06@608.81165355,4320000@9.84e-06@608.81165355,4320000@9.84e-06@608.81165355,4320000@9.84e-06@608.81165355,4320000@9.84e-06@608.81165355,4320000@9.84e-06@608.81165355,4320000@9.84e-06@608.81165355,4320000@9.84e-06@608.81165355,4320000@9.84e-06@608.81165355,4320000@9.84e-06@608.81165355,4320000@9.84e-06@608.81165355,4320000@9.84e-06@608.81165355,4320000@9.84e-06@608.81165355,4320000@9.84e-06@608.81165355,4320000@9.84e-06@608.81165355,4320000@9.84e-06@608.81165355,4320000@9.84e-06@608.81165355
2018-12-04 00:30,ADA/BTC,tbtc,70,70,0@9.9e-06@2000.0,120000@9.92e-06@5100.0,360000@9.93e-06@13100.0,900000@9.91e-06@4000.0,1320000@9.91e-06@21200.0,1560000@9.89e-06@20400.0,1620000@9.88e-06@4800.0,2460000@9.89e-06@200.0,2700000@9.87e-06@300.0,3000000@9.85e-06@800.0,3420000@9.88e-06@5400.0,3960000@9.88e-06@1400.0,4860000@9.87e-06@200.0,6180000@9.9e-06@1600.0,6840000@9.9e-06@300.0,8700000@9.89e-06@100.0,11280000@9.89e-06@1600.0,11760000@9.93e-06@1000.0,12960000@9.94e-06@3000.0,13140000@9.97e-06@2500.0,13320000@9.97e-06@400.0,13440000@9.94e-06@7500.0,14280000@9.94e-06@3200.0,14700000@9.92e-06@4000.0,15060000@9.98e-06@5200.0,15540000@9.99e-06@200.0,15960000@1e-05@2700.0,17220000@1e-05@300.0,19440000@9.96e-06@1000.0,21000000@9.97e-06@1900.0,22920000@9.92e-06@400.0,24120000@9.92e-06@300.0,25200000@9.96e-06@5000.0,25680000@9.94e-06@16500.0,27600000@9.94e-06@1500.0,27960000@9.95e-06@12000.0,28080000@9.95e-06@5400.0,28560000@9.95e-06@12000.0,28620000@9.94e-06@12000.0,29520000@9.94e-06@1100.0,30900000@9.9e-06@2000.0,31080000@9.91e-06@5000.0,33540000@9.91e-06@5600.0,33600000@9.93e-06@700.0,35640000@9.87e-06@500.0,35760000@9.85e-06@100.0,36180000@9.87e-06@12900.0,36780000@9.85e-06@500.0,37080000@9.83e-06@4300.0,39600000@9.84e-06@3800.0,40320000@9.89e-06@1000.0,40620000@9.87e-06@1300.0,40740000@9.87e-06@34000.0,43980000@9.79e-06@700.0,44040000@9.78e-06@4800.0,44100000@9.76e-06@700.0,44160000@9.78e-06@4800.0,44220000@9.83e-06@1600.0,44280000@9.83e-06@5900.0,44340000@9.79e-06@1300.0,44400000@9.8e-06@2200.0,44580000@9.83e-06@1100.0,45000000@9.83e-06@100.0,45120000@9.89e-06@500.0,45420000@9.87e-06@100.0,45480000@9.88e-06@100.0,47220000@9.97e-06@11000.0,47700000@9.91e-06@1100.0,48540000@9.91e-06@1000.0,49020000@9.93e-06@800.0
2018-12-04 11:38,MKR/USDT,teio,70,71,0@418.26@418.26,60000@418.26@418.26,120000@418.26@418.26,180000@418.26@418.26,240000@418.26@418.26,300000@418.26@418.26,360000@418.26@418.26,420000@418.26@418.26,480000@418.26@418.26,540000@418.26@418.26,600000@418.26@418.26,660000@418.26@418.26,720000@418.26@418.26,780000@418.26@418.26,840000@418.26@418.26,900000@418.26@418.26,960000@418.26@418.26,1020000@418.26@418.26,1080000@418.26@418.26,1140000@418.26@418.26,1200000@418.26@418.26,1260000@418.26@418.26,1320000@418.26@418.26,1380000@418.26@418.26,1440000@418.26@418.26,1500000@418.26@418.26,1560000@418.26@418.26,1620000@418.26@418.26,1680000@418.26@418.26,1740000@418.26@418.26,1800000@418.26@418.26,1860000@418.26@418.26,1920000@418.26@418.26,1980000@418.26@418.26,2040000@418.26@418.26,2100000@418.26@418.26,2160000@418.26@418.26,2220000@418.26@418.26,2280000@418.26@418.26,2340000@418.26@418.26,2400000@418.26@418.26,2460000@418.26@418.26,2520000@418.26@418.26,2580000@418.26@418.26,2640000@418.26@418.26,2700000@418.26@418.26,2760000@418.26@418.26,2820000@418.26@418.26,2880000@418.26@418.26,2940000@418.26@418.26,3000000@418.26@418.26,3060000@418.26@418.26,3120000@418.26@418.26,3180000@418.26@418.26,3240000@418.26@418.26,3300000@418.26@418.26,3360000@418.26@418.26,3420000@418.26@418.26,3480000@418.26@418.26,3540000@418.26@418.26,3600000@418.26@418.26,3660000@418.26@418.26,3720000@418.26@418.26,3780000@418.26@418.26,3840000@418.26@418.26,3900000@418.26@418.26,3960000@418.26@418.26,4020000@418.26@418.26,4080000@418.26@418.26,4140000@418.26@418.26,4200000@418.26@418.26
2018-12-04 11:38,MKR/BTC,tbtc,70,70,0@0.0989@0.59,60000@0.0968@0.01,1980000@0.0981@0.02,2220000@0.0982@0.37,5280000@0.0965@0.23,10320000@0.0961@0.1,11040000@0.0961@0.13,11220000@0.0961@0.09,12780000@0.096@0.01,15660000@0.0961@0.01,19140000@0.0963@0.01,27900000@0.1003@0.25,29340000@0.1003@0.94,32280000@0.0986@0.07,32520000@0.0986@0.01,42600000@0.1003@0.58,42780000@0.1@0.01,43860000@0.0997@0.05,45780000@0.0988@0.19,49380000@0.0978@0.01,51300000@0.0978@0.01,52440000@0.0978@0.01,53040000@0.0978@0.04,53100000@0.0979@0.25,53280000@0.0977@0.05,53640000@0.0978@0.05,55140000@0.0977@0.03,57180000@0.0968@0.05,63900000@0.0969@0.07,66300000@0.0994@0.24,69780000@0.0979@0.08,70020000@0.0981@0.39,70080000@0.0981@0.13,70140000@0.0981@0.01,73920000@0.0981@0.08,74460000@0.0981@1.31,95880000@0.0998@0.25,96960000@0.0967@0.9,97500000@0.0969@0.01,99120000@0.0958@0.37,99180000@0.0969@0.89,99660000@0.0957@0.07,102240000@0.096@0.01,102540000@0.0961@0.05,109740000@0.0959@0.01,112500000@0.0971@0.1,112620000@0.0981@0.07,114900000@0.0971@0.04,115740000@0.0982@0.06,116280000@0.0991@0.15,116340000@0.0991@0.09,117480000@0.1001@0.07,118980000@0.099@0.06,121980000@0.1001@0.07,128520000@0.1001@0.45,129240000@0.102@0.93,129300000@0.1021@1.84,131160000@0.1014@0.56,131880000@0.1027@0.53,132660000@0.1@0.98,132720000@0.1023@0.44,132780000@0.1023@1.23,133320000@0.103@0.47,133500000@0.103@0.02,134580000@0.1027@0.05,137700000@0.1037@0.05,137880000@0.1042@0.01,139140000@0.104@0.07,139680000@0.1044@0.1,139860000@0.1046@0.03
2018-12-28 00:30,AMB/BTC,tbtc,70,70,0@1.64e-05@940.0,300000@1.64e-05@60.0,4200000@1.64e-05@10.0,18840000@1.63e-05@540.0,18900000@1.63e-05@50.0,19560000@1.63e-05@250.0,20220000@1.63e-05@20.0,31440000@1.64e-05@90.0,31500000@1.64e-05@80.0,56760000@1.67e-05@170.0,65520000@1.66e-05@50.0,66000000@1.67e-05@200.0,67500000@1.69e-05@1060.0,73380000@1.79e-05@40.0,90660000@1.63e-05@180.0,90780000@1.62e-05@220.0,91500000@1.62e-05@620.0,138780000@1.63e-05@10.0,155820000@1.68e-05@170.0,202020000@1.57e-05@40.0,202080000@1.55e-05@20.0,202320000@1.57e-05@60.0,202380000@1.55e-05@30.0,286440000@1.65e-05@10.0,286800000@1.74e-05@290.0,286920000@1.65e-05@30.0,287100000@1.65e-05@380.0,287160000@1.65e-05@240.0,315600000@1.72e-05@40.0,318360000@1.72e-05@40.0,330660000@1.65e-05@20.0,346740000@1.11e-05@2460.0,346800000@1.68e-05@300.0,347040000@1.67e-05@10.0,347940000@1.67e-05@300.0,415200000@1.74e-05@120.0,415560000@1.74e-05@30.0,415740000@1.59e-05@210.0,416760000@1.74e-05@150.0,420420000@1.75e-05@60.0,421320000@1.6e-05@20.0,486060000@1.65e-05@40.0,496140000@1.77e-05@140.0,515580000@1.76e-05@530.0,516180000@1.77e-05@850.0,516600000@1.77e-05@370.0,535500000@1.77e-05@10.0,573420000@1.73e-05@30.0,581460000@1.79e-05@530.0,582060000@1.79e-05@10.0,598680000@1.76e-05@10.0,659460000@1.71e-05@220.0,660960000@1.84e-05@500.0,891360000@1.84e-05@130.0,923340000@1.79e-05@10.0,946440000@1.76e-05@100.0,946560000@1.77e-05@110.0,949860000@1.94e-05@10.0,957960000@1.81e-05@440.0,1027980000@1.81e-05@20.0,1031040000@1.83e-05@20.0,1035120000@1.84e-05@100.0,1067640000@1.82e-05@380.0,1182420000@1.73e-05@3550.0,1208700000@1.73e-05@40.0,1336440000@1.78e-05@230.0,1338420000@1.64e-05@200.0,1338480000@1.63e-05@10.0,1338540000@1.64e-05@90.0,1339380000@1.64e-05@90.0
2019-01-09 02:17,DRGN/USDT,teio,70,71,0@0.1465@0.1465,60000@0.1465@0.1465,120000@0.1465@0.1465,180000@0.1465@0.1465,240000@0.1465@0.1465,300000@0.1465@0.1465,360000@0.1465@0.1465,420000@0.1465@0.1465,480000@0.1465@0.1465,540000@0.1465@0.1465,600000@0.143@0.143,660000@0.1411@0.1412,720000@0.146@0.146,780000@0.144@0.1442,840000@0.1333@0.1445,900000@0.1347@0.1347,960000@0.1333@0.1333,1020000@0.133@0.1334,1080000@0.131@0.133,1140000@0.1273@0.131,1200000@0.1273@0.1273,1260000@0.1273@0.1273,1320000@0.1273@0.1273,1380000@0.1306@0.1306,1440000@0.1306@0.1306,1500000@0.1306@0.1306,1560000@0.1305@0.1305,1620000@0.1305@0.1305,1680000@0.1305@0.1305,1740000@0.1305@0.1305,1800000@0.1304@0.1304,1860000@0.1304@0.1304,1920000@0.1304@0.1304,1980000@0.1304@0.1304,2040000@0.1304@0.1304,2100000@0.1304@0.1304,2160000@0.1304@0.1304,2220000@0.1257@0.1257,2280000@0.1257@0.1257,2340000@0.1257@0.1257,2400000@0.1257@0.1257,2460000@0.1257@0.1257,2520000@0.1257@0.1257,2580000@0.1257@0.1257,2640000@0.1253@0.1255,2700000@0.1252@0.1252,2760000@0.1252@0.1252,2820000@0.1252@0.1252,2880000@0.1252@0.1252,2940000@0.1253@0.1253,3000000@0.1253@0.1253,3060000@0.1252@0.1252,3120000@0.1252@0.1252,3180000@0.1252@0.1252,3240000@0.1252@0.1252,3300000@0.1252@0.1252,3360000@0.1252@0.1252,3420000@0.1252@0.1252,3480000@0.1252@0.1252,3540000@0.1252@0.1252,3600000@0.1252@0.1252,3660000@0.1252@0.1252,3720000@0.1253@0.1253,3780000@0.1253@0.1253,3840000@0.1253@0.1253,3900000@0.1253@0.1253,3960000@0.1253@0.1253,4020000@0.1252@0.1253,4080000@0.1252@0.1252,4140000@0.1252@0.1252,4200000@0.1252@0.1252
2019-01-09 02:17,DRGN/BTC,coin,70,70,0@3.53e-05@335.8152,60000@3.483e-05@9771.2717,120000@3.451e-05@10163.6786,180000@3.463e-05@111.0,240000@3.463e-05@606.7933,300000@3.452e-05@5066.2583,360000@3.447e-05@1064.5276,420000@3.448e-05@810.6107,480000@3.439e-05@2322.2747,540000@3.679e-05@201725.4347,600000@3.523e-05@96282.3623,660000@3.529e-05@796.675,720000@3.563e-05@23804.6323,780000@3.347e-05@62477.7641,840000@3.249e-05@64419.7727,900000@3.279e-05@21412.4069,960000@3.249e-05@7583.0334,1020000@3.186e-05@7242.4186,1080000@3.178e-05@4928.8967,1140000@3.184e-05@29041.7905,1200000@3.147e-05@24499.3129,1260000@3.151e-05@304.9912,1320000@3.177e-05@14807.4045,1380000@3.21e-05@20621.5253,1440000@3.232e-05@1425.049,1500000@None@0.0,1560000@3.188e-05@28894.4294,1620000@3.188e-05@7478.6384,1680000@3.188e-05@1884.2531,1740000@None@0.0,1800000@3.185e-05@4951.7005,1860000@3.183e-05@917.4311,1920000@3.15e-05@15420.4971,1980000@3.121e-05@17986.0984,2040000@3.11e-05@7696.865,2100000@3.084e-05@33414.3721,2160000@3.048e-05@3290.6011,2220000@3.04e-05@6733.5299,2280000@3.055e-05@8772.0938,2340000@3.042e-05@1936.1508,2400000@3.097e-05@2096.0,2460000@None@0.0,2520000@None@0.0,2580000@3.094e-05@1496.9427,2640000@3.181e-05@1642.1951,2700000@3.185e-05@4310.6827,2760000@3.162e-05@27.7042,2820000@3.155e-05@48.1447,2880000@3.119e-05@1107.0272,2940000@None@0.0,3000000@3.103e-05@83.8037,3060000@3.12e-05@1163.647,3120000@3.118e-05@3.805,3180000@3.177e-05@4422.2199,3240000@3.189e-05@22244.5494,3300000@None@0.0,3360000@None@0.0,3420000@None@0.0,3480000@3.116e-05@3074.1421,3540000@3.191e-05@4532.345,3600000@3.116e-05@493.2562,3660000@None@0.0,3720000@None@0.0,3780000@3.091e-05@2194.2591,3840000@3.082e-05@1308.5167,3900000@3.134e-05@724.3637,3960000@3.082e-05@910.3992,4020000@3.083e-05@910.3762,4080000@3.108e-05@3499.1535,4140000@3.108e-05@2803.5352
2019-01-09 03:00,MCO/BTC,tbtc,70,70,0@0.00067108@34.0,1380000@0.00067348@376.0,1440000@0.00067371@258.0,1560000@0.0006712@61.0,4620000@0.0006663@3.0,7020000@0.0006663@1.0,9600000@0.0006663@3.0,9960000@0.00066214@90.0,12060000@0.00066@1.0,30240000@0.00066273@42.0,31380000@0.00065112@12.0,34260000@0.00065736@52.0,34920000@0.00065736@12.0,35400000@0.00065736@5.0,35940000@0.00065736@6.0,36000000@0.00065736@21.0,36060000@0.00065736@6.0,43380000@0.00066875@7.0,50520000@0.0006702@9.0,52560000@0.0006562@1306.0,53820000@0.00065871@287.0,54480000@0.00065689@150.0,54600000@0.00065688@109.0,54720000@0.00065716@456.0,55920000@0.00064917@195.0,55980000@0.00064852@221.0,56160000@0.00065938@146.0,56220000@0.00065938@375.0,56280000@0.00065951@130.0,56400000@0.00064811@859.0,56460000@0.00064718@358.0,56520000@0.00064724@140.0,56820000@0.00065862@1390.0,61200000@0.00065066@6.0,62280000@0.00064965@15.0,69600000@0.00065408@1.0,79680000@0.00064905@2.0,89220000@0.00064686@10.0,89340000@0.00064767@6.0,97500000@0.00064495@2.0,118800000@0.00065531@17.0,122100000@0.00066843@131.0,133200000@0.00066611@52.0,134040000@0.00067229@14.0,138300000@0.00066156@3.0,143640000@0.00066097@2.0,143760000@0.000661@1.0,156720000@0.00067224@12.0,159660000@0.00067152@4.0,162300000@0.00067307@10.0,164760000@0.0006745@2.0,167460000@0.00067574@12.0,167520000@0.0006757@3.0,167700000@0.00068284@4.0,168660000@0.00068221@14.0,200220000@0.00067028@11.0,215220000@0.00066677@5.0,217380000@0.00066225@51.0,217500000@0.00066175@6.0,217560000@0.00066186@1.0,220200000@0.00065503@10.0,220260000@0.000655@1.0,239040000@0.00066528@7.0,240780000@0.00066328@1.0,241200000@0.00065373@16.0,242160000@0.00066252@1.0,244320000@0.00066265@44.0,253080000@0.00066081@79.0,256920000@0.00066328@6.0,281820000@0.00066372@6.0
2019-01-09 03:00,MCO/BTC,trex,70,70,0@0.00065799@5.90545017,300000@0.0006624@13.81999089,1920000@0.00066379@1.82587866,3120000@0.00065996@58.51325598,3120000@0.00065996@58.51325598,3120000@0.00065996@58.51325598,3120000@0.00065996@58.51325598,3120000@0.00065996@58.51325598,3120000@0.00065996@58.51325598,3120000@0.00065996@58.51325598,3120000@0.00065996@58.51325598,3120000@0.00065996@58.51325598,3120000@0.00065996@58.51325598,3120000@0.00065996@58.51325598,3120000@0.00065996@58.51325598,3120000@0.00065996@58.51325598,3120000@0.00065996@58.51325598,3120000@0.00065996@58.51325598,3120000@0.00065996@58.51325598,3120000@0.00065996@58.51325598,3120000@0.00065996@58.51325598,3120000@0.00065996@58.51325598,3120000@0.00065996@58.51325598,3120000@0.00065996@58.51325598,3120000@0.00065996@58.51325598,3120000@0.00065996@58.51325598,3120000@0.00065996@58.51325598,3120000@0.00065996@58.51325598,3120000@0.00065996@58.51325598,3120000@0.00065996@58.51325598,3120000@0.00065996@58.51325598,3120000@0.00065996@58.51325598,3120000@0.00065996@58.51325598,3120000@0.00065996@58.51325598,3120000@0.00065996@58.51325598,3120000@0.00065996@58.51325598,3120000@0.00065996@58.51325598,3120000@0.00065996@58.51325598,3120000@0.00065996@58.51325598,3120000@0.00065996@58.51325598,3120000@0.00065996@58.51325598,3120000@0.00065996@58.51325598,3120000@0.00065996@58.51325598,3120000@0.00065996@58.51325598,3120000@0.00065996@58.51325598,3120000@0.00065996@58.51325598,3120000@0.00065996@58.51325598,3120000@0.00065996@58.51325598,3120000@0.00065996@58.51325598,3120000@0.00065996@58.51325598,3120000@0.00065996@58.51325598,3120000@0.00065996@58.51325598,3120000@0.00065996@58.51325598,3120000@0.00065996@58.51325598,3120000@0.00065996@58.51325598,3120000@0.00065996@58.51325598,3120000@0.00065996@58.51325598,3120000@0.00065996@58.51325598,3120000@0.00065996@58.51325598,3120000@0.00065996@58.51325598,3120000@0.00065996@58.51325598,3120000@0.00065996@58.51325598,3120000@0.00065996@58.51325598,3120000@0.00065996@58.51325598,3120000@0.00065996@58.51325598,3120000@0.00065996@58.51325598,3120000@0.00065996@58.51325598,3120000@0.00065996@58.51325598,3120000@0.00065996@58.51325598,3120000@0.00065996@58.51325598
2019-01-09 03:00,MCO/BTC,ance,70,70,0@0.00066@0.0,60000@0.00066@0.0,120000@0.00066@0.0,180000@0.00066@0.0,240000@0.000662@674.04,300000@0.000661@11.1,360000@0.000661@0.0,420000@0.000661@5.01,480000@0.000661@0.0,540000@0.000661@32.12,600000@0.000661@0.0,660000@0.000661@0.0,720000@0.000662@11.18,780000@0.000662@366.49,840000@0.000662@0.0,900000@0.000661@31.87,960000@0.000661@0.0,1020000@0.000661@6.9,1080000@0.000661@0.0,1140000@0.000662@100.38,1200000@0.000661@20.77,1260000@0.000661@101.8,1320000@0.000661@0.0,1380000@0.000661@0.0,1440000@0.000661@8.8,1500000@0.000663@390.18,1560000@0.000663@0.0,1620000@0.000663@21.11,1680000@0.000663@0.0,1740000@0.000663@0.0,1800000@0.000661@294.51,1860000@0.000661@6.58,1920000@0.000663@17.19,1980000@0.000663@365.27,2040000@0.000663@0.0,2100000@0.000663@0.0,2160000@0.000663@0.0,2220000@0.000663@0.0,2280000@0.000662@150.0,2340000@0.000663@325.82,2400000@0.000663@52.69,2460000@0.000665@416.95,2520000@0.000663@126.86,2580000@0.000663@618.78,2640000@0.000662@1997.62,2700000@0.000662@370.09,2760000@0.000663@11.1,2820000@0.000663@0.0,2880000@0.000663@10.11,2940000@0.000665@124.87,3000000@0.000664@50.14,3060000@0.000664@10.04,3120000@0.000663@11.0,3180000@0.000665@1.54,3240000@0.000665@7.51,3300000@0.000663@9.18,3360000@0.000663@58.49,3420000@0.000663@0.0,3480000@0.000663@61.96,3540000@0.000663@71.26,3600000@0.000663@42.08,3660000@0.000663@300.0,3720000@0.000663@0.0,3780000@0.000663@0.0,3840000@0.000663@14.91,3900000@0.000665@561.11,3960000@0.000665@0.0,4020000@0.000665@51.83,4080000@0.000665@13.27,4140000@0.000665@0.0
2019-01-09 03:00,MCO/USDT,teio,70,71,0@2.5319@2.5319,60000@2.5319@2.5319,120000@2.5319@2.5319,180000@2.5319@2.5319,240000@2.5319@2.5319,300000@2.5319@2.5319,360000@2.5319@2.5319,420000@2.5319@2.5319,480000@2.5319@2.5319,540000@2.5319@2.5319,600000@2.7474@2.7474,660000@2.7536@2.7536,720000@2.7536@2.7536,780000@2.7536@2.7536,840000@2.7536@2.7536,900000@2.7536@2.7536,960000@2.7536@2.7536,1020000@2.7536@2.7536,1080000@2.7536@2.7536,1140000@2.7536@2.7536,1200000@2.7536@2.7536,1260000@2.7536@2.7536,1320000@2.7536@2.7536,1380000@2.7536@2.7536,1440000@2.7536@2.7536,1500000@2.7536@2.7536,1560000@2.7536@2.7536,1620000@2.7536@2.7536,1680000@2.7536@2.7536,1740000@2.7536@2.7536,1800000@2.7536@2.7536,1860000@2.7536@2.7536,1920000@2.7536@2.7536,1980000@2.7536@2.7536,2040000@2.7536@2.7536,2100000@2.7536@2.7536,2160000@2.7536@2.7536,2220000@2.7536@2.7536,2280000@2.7536@2.7536,2340000@2.7536@2.7536,2400000@2.7536@2.7536,2460000@2.7536@2.7536,2520000@2.7536@2.7536,2580000@2.7536@2.7536,2640000@2.7536@2.7536,2700000@2.7536@2.7536,2760000@2.7536@2.7536,2820000@2.7536@2.7536,2880000@2.7536@2.7536,2940000@2.7536@2.7536,3000000@2.7536@2.7536,3060000@2.7536@2.7536,3120000@2.7536@2.7536,3180000@2.7536@2.7536,3240000@2.7536@2.7536,3300000@2.7536@2.7536,3360000@2.7536@2.7536,3420000@2.7536@2.7536,3480000@2.7536@2.7536,3540000@2.7536@2.7536,3600000@2.7536@2.7536,3660000@2.7536@2.7536,3720000@2.7536@2.7536,3780000@2.7536@2.7536,3840000@2.7536@2.7536,3900000@2.7536@2.7536,3960000@2.7536@2.7536,4020000@2.7536@2.7536,4080000@2.7536@2.7536,4140000@2.7536@2.7536,4200000@2.7536@2.7536
2019-01-09 03:00,MCO/BTC,uobi,70,70,0@0.000658@0.0502,-60000@0.000659@0.0251,-120000@0.00066@0.0583,-180000@0.000659@0.0288,-240000@0.000659@0.0324,-300000@0.00066@0.0512,-360000@0.00066@0.0312,-420000@0.00066@0.0296,-480000@0.00066@0.039,-540000@0.00066@5.1723,-600000@0.00066@0.0398,-660000@0.000659@202.4993,-720000@0.000661@0.6037,-780000@0.000658@963.7082,-840000@0.000661@0.0871,-900000@0.000663@303.7034,-960000@0.000663@0.0,-1020000@0.000663@0.0,-1080000@0.000663@6.0,-1140000@0.000663@0.0,-1200000@0.000661@12.668,-1260000@0.000659@0.2508,-1320000@0.00066@0.0121,-1380000@0.00066@0.0423,-1440000@0.00066@0.0328,-1500000@0.000662@0.0648,-1560000@0.00066@0.0732,-1620000@0.00066@0.0252,-1680000@0.000661@0.0571,-1740000@0.00066@0.0261,-1800000@0.00066@0.0451,-1860000@0.000659@0.2335,-1920000@0.000661@0.0404,-1980000@0.000661@0.0126,-2040000@0.000662@0.0429,-2100000@0.000661@0.0275,-2160000@0.000662@0.023,-2220000@0.000662@0.0468,-2280000@0.000662@0.0177,-2340000@0.000662@0.0671,-2400000@0.000663@0.0397,-2460000@0.000663@0.0526,-2520000@0.000662@0.0447,-2580000@0.000663@0.032,-2640000@0.000661@0.0433,-2700000@0.000662@0.0267,-2760000@0.000662@0.0122,-2820000@0.000663@0.0268,-2880000@0.000661@0.0302,-2940000@0.000662@0.0636,-3000000@0.000661@0.01,-3060000@0.000662@0.0448,-3120000@0.000661@0.0491,-3180000@0.000662@0.0707,-3240000@0.000661@0.0345,-3300000@0.000661@0.0874,-3360000@0.000661@0.0378,-3420000@0.000661@0.0601,-3480000@0.000662@0.0276,-3540000@0.000661@0.0875,-3600000@0.000661@0.0302,-3660000@0.000662@0.0569,-3720000@0.000661@0.0378,-3780000@0.000662@0.0136,-3840000@0.000663@0.0289,-3900000@0.000662@0.0169,-3960000@0.000662@0.0545,-4020000@0.000662@0.0246,-4080000@0.000661@0.0246,-4140000@0.000663@0.0169
2019-01-19 22:05,POT/BTC,trex,70,70,19 January 2019 20:57:00@5.01e-06@238.74651999,19 January 2019 21:05:00@5.01e-06@1849.08317718,19 January 2019 21:17:00@4.99e-06@14533.8779836,19 January 2019 21:19:00@4.8e-06@32664.42643919,19 January 2019 21:22:00@4.88e-06@182.63227321,19 January 2019 21:23:00@4.87e-06@174.09437655,19 January 2019 21:24:00@4.87e-06@168.33834197,19 January 2019 21:25:00@4.79e-06@471.53866121,19 January 2019 21:26:00@4.8e-06@498.18978431,19 January 2019 21:27:00@4.81e-06@150.16046279,19 January 2019 21:36:00@4.81e-06@1004.01606425,19 January 2019 21:44:00@4.61e-06@50000.0,19 January 2019 21:46:00@4.83e-06@127.30620457,19 January 2019 21:49:00@4.84e-06@309.91735537,19 January 2019 21:54:00@4.8e-06@1354.54120643,19 January 2019 22:00:00@4.7e-06@502.00803212,19 January 2019 22:00:00@4.7e-06@502.00803212,19 January 2019 22:00:00@4.7e-06@502.00803212,19 January 2019 22:00:00@4.7e-06@502.00803212,19 January 2019 22:00:00@4.7e-06@502.00803212,19 January 2019 22:00:00@4.7e-06@502.00803212,19 January 2019 22:00:00@4.7e-06@502.00803212,19 January 2019 22:00:00@4.7e-06@502.00803212,19 January 2019 22:00:00@4.7e-06@502.00803212,19 January 2019 22:00:00@4.7e-06@502.00803212,19 January 2019 22:00:00@4.7e-06@502.00803212,19 January 2019 22:00:00@4.7e-06@502.00803212,19 January 2019 22:00:00@4.7e-06@502.00803212,19 January 2019 22:00:00@4.7e-06@502.00803212,19 January 2019 22:00:00@4.7e-06@502.00803212,19 January 2019 22:00:00@4.7e-06@502.00803212,19 January 2019 22:00:00@4.7e-06@502.00803212,19 January 2019 22:00:00@4.7e-06@502.00803212,19 January 2019 22:00:00@4.7e-06@502.00803212,19 January 2019 22:00:00@4.7e-06@502.00803212,19 January 2019 22:00:00@4.7e-06@502.00803212,19 January 2019 22:00:00@4.7e-06@502.00803212,19 January 2019 22:00:00@4.7e-06@502.00803212,19 January 2019 22:00:00@4.7e-06@502.00803212,19 January 2019 22:00:00@4.7e-06@502.00803212,19 January 2019 22:00:00@4.7e-06@502.00803212,19 January 2019 22:00:00@4.7e-06@502.00803212,19 January 2019 22:00:00@4.7e-06@502.00803212,19 January 2019 22:00:00@4.7e-06@502.00803212,19 January 2019 22:00:00@4.7e-06@502.00803212,19 January 2019 22:00:00@4.7e-06@502.00803212,19 January 2019 22:00:00@4.7e-06@502.00803212,19 January 2019 22:00:00@4.7e-06@502.00803212,19 January 2019 22:00:00@4.7e-06@502.00803212,19 January 2019 22:00:00@4.7e-06@502.00803212,19 January 2019 22:00:00@4.7e-06@502.00803212,19 January 2019 22:00:00@4.7e-06@502.00803212,19 January 2019 22:00:00@4.7e-06@502.00803212,19 January 2019 22:00:00@4.7e-06@502.00803212,19 January 2019 22:00:00@4.7e-06@502.00803212,19 January 2019 22:00:00@4.7e-06@502.00803212,19 January 2019 22:00:00@4.7e-06@502.00803212,19 January 2019 22:00:00@4.7e-06@502.00803212,19 January 2019 22:00:00@4.7e-06@502.00803212,19 January 2019 22:00:00@4.7e-06@502.00803212,19 January 2019 22:00:00@4.7e-06@502.00803212,19 January 2019 22:00:00@4.7e-06@502.00803212,19 January 2019 22:00:00@4.7e-06@502.00803212,19 January 2019 22:00:00@4.7e-06@502.00803212,19 January 2019 22:00:00@4.7e-06@502.00803212,19 January 2019 22:00:00@4.7e-06@502.00803212,19 January 2019 22:00:00@4.7e-06@502.00803212,19 January 2019 22:00:00@4.7e-06@502.00803212,19 January 2019 22:00:00@4.7e-06@502.00803212,19 January 2019 22:00:00@4.7e-06@502.00803212
2019-01-23 01:20,LTC/BTC,tbtc,70,70,23 January 2019 00:04:00@0.0088291@33.037,23 January 2019 00:05:00@0.0088242@1.247,23 January 2019 00:06:00@0.0088284@0.002,23 January 2019 00:07:00@0.0088307@0.116,23 January 2019 00:09:00@0.0088349@0.004,23 January 2019 00:13:00@0.0088265@3.026,23 January 2019 00:14:00@0.0088254@0.002,23 January 2019 00:15:00@0.008824@0.005,23 January 2019 00:16:00@0.0088264@0.006,23 January 2019 00:18:00@0.0088207@2.046,23 January 2019 00:19:00@0.00882@0.464,23 January 2019 00:20:00@0.0088202@1.484,23 January 2019 00:21:00@0.0088341@5.61,23 January 2019 00:22:00@0.0088373@6.422,23 January 2019 00:23:00@0.00884@13.297,23 January 2019 00:24:00@0.0088389@31.941,23 January 2019 00:25:00@0.0088376@0.57,23 January 2019 00:26:00@0.0088368@196.815,23 January 2019 00:27:00@0.0088333@581.205,23 January 2019 00:28:00@0.0088207@915.431,23 January 2019 00:29:00@0.0088165@1184.988,23 January 2019 00:30:00@0.0088197@736.257,23 January 2019 00:31:00@0.0088163@1682.677,23 January 2019 00:32:00@0.0088144@356.703,23 January 2019 00:33:00@0.0088153@646.745,23 January 2019 00:34:00@0.0088184@545.038,23 January 2019 00:35:00@0.0088241@419.461,23 January 2019 00:36:00@0.0088262@1.866,23 January 2019 00:37:00@0.0088306@615.3,23 January 2019 00:38:00@0.0088316@476.21,23 January 2019 00:39:00@0.0088294@1621.315,23 January 2019 00:40:00@0.0088288@534.683,23 January 2019 00:41:00@0.0088309@1564.708,23 January 2019 00:42:00@0.0088284@120.577,23 January 2019 00:43:00@0.0088316@0.002,23 January 2019 00:45:00@0.0088325@98.152,23 January 2019 00:47:00@0.0088331@315.177,23 January 2019 00:48:00@0.0088329@161.065,23 January 2019 00:49:00@0.008833@93.62,23 January 2019 00:50:00@0.0088326@614.519,23 January 2019 00:51:00@0.0088316@17.404,23 January 2019 00:52:00@0.0088286@43.556,23 January 2019 00:53:00@0.0088294@2.923,23 January 2019 00:54:00@0.0088287@42.673,23 January 2019 00:55:00@0.0088289@144.453,23 January 2019 00:56:00@0.0088284@12.298,23 January 2019 00:57:00@0.0088286@71.685,23 January 2019 00:58:00@0.008824@350.058,23 January 2019 00:59:00@0.0088177@140.65,23 January 2019 01:00:00@0.0088007@103.663,23 January 2019 01:01:00@0.0087843@1155.72,23 January 2019 01:02:00@0.0087901@420.902,23 January 2019 01:03:00@0.0087917@813.2,23 January 2019 01:04:00@0.008789@123.846,23 January 2019 01:05:00@0.0087843@189.741,23 January 2019 01:06:00@0.0087855@54.569,23 January 2019 01:07:00@0.0087863@280.353,23 January 2019 01:08:00@0.0087897@515.18,23 January 2019 01:09:00@0.0087893@185.267,23 January 2019 01:10:00@0.0087909@324.991,23 January 2019 01:11:00@0.0087923@240.888,23 January 2019 01:12:00@0.0087924@281.235,23 January 2019 01:13:00@0.0087925@39.271,23 January 2019 01:14:00@0.0087917@967.974,23 January 2019 01:15:00@0.0087857@615.852,23 January 2019 01:16:00@0.0087884@73.986,23 January 2019 01:17:00@0.0087926@0.001,23 January 2019 01:18:00@0.0087953@694.128,23 January 2019 01:19:00@0.0087931@90.104,23 January 2019 01:20:00@0.0087947@1384.38
2019-01-23 01:20,LTC/BTC,uobi,70,70,23 January 2019 00:11:00@0.008839@0.1676,23 January 2019 00:12:00@0.008839@0.0,23 January 2019 00:13:00@0.00883@16.6736,23 January 2019 00:14:00@0.008829@296.2062,23 January 2019 00:15:00@0.008827@91.8151,23 January 2019 00:16:00@0.008827@1.8975,23 January 2019 00:17:00@0.008826@0.5042,23 January 2019 00:18:00@0.008826@0.2039,23 January 2019 00:19:00@0.008825@0.3617,23 January 2019 00:20:00@0.008829@181.0255,23 January 2019 00:21:00@0.008838@76.5853,23 January 2019 00:22:00@0.008845@359.1664,23 January 2019 00:23:00@0.008843@164.8335,23 January 2019 00:24:00@0.008842@70.9051,23 January 2019 00:25:00@0.008841@68.0117,23 January 2019 00:26:00@0.00883@347.7286,23 January 2019 00:27:00@0.008826@170.9649,23 January 2019 00:28:00@0.008817@130.9723,23 January 2019 00:29:00@0.008819@0.3365,23 January 2019 00:30:00@0.008817@117.807,23 January 2019 00:31:00@0.008816@135.1183,23 January 2019 00:32:00@0.008819@95.9502,23 January 2019 00:33:00@0.008818@2.0191,23 January 2019 00:34:00@0.008823@0.9749,23 January 2019 00:35:00@0.008828@5.407,23 January 2019 00:36:00@0.008835@0.3104,23 January 2019 00:37:00@0.008835@0.0,23 January 2019 00:38:00@0.008835@0.5059,23 January 2019 00:39:00@0.008832@218.4538,23 January 2019 00:40:00@0.008832@66.6541,23 January 2019 00:41:00@0.008833@0.2275,23 January 2019 00:42:00@0.008834@0.6736,23 January 2019 00:43:00@0.008834@0.3016,23 January 2019 00:44:00@0.008834@0.3616,23 January 2019 00:45:00@0.008834@0.5262,23 January 2019 00:46:00@0.008834@0.0,23 January 2019 00:47:00@0.008835@60.4773,23 January 2019 00:48:00@0.008835@0.2592,23 January 2019 00:49:00@0.008835@0.0594,23 January 2019 00:50:00@0.008834@0.2374,23 January 2019 00:51:00@0.008833@0.05,23 January 2019 00:52:00@0.008834@0.1768,23 January 2019 00:53:00@0.008834@0.2082,23 January 2019 00:54:00@0.008832@12.1056,23 January 2019 00:55:00@0.008832@0.0,23 January 2019 00:56:00@0.008832@0.0,23 January 2019 00:57:00@0.008832@0.0,23 January 2019 00:58:00@0.008825@8.8648,23 January 2019 00:59:00@0.008823@0.2794,23 January 2019 01:00:00@0.008802@93.18,23 January 2019 01:01:00@0.008788@47.2723,23 January 2019 01:02:00@0.00879@0.2107,23 January 2019 01:03:00@0.008792@4.4449,23 January 2019 01:04:00@0.008793@5.8801,23 January 2019 01:05:00@0.00879@127.2468,23 January 2019 01:06:00@0.008791@334.1905,23 January 2019 01:07:00@0.00879@292.925,23 January 2019 01:08:00@0.008793@6.0333,23 January 2019 01:09:00@0.008794@73.4619,23 January 2019 01:10:00@0.008794@140.5045,23 January 2019 01:11:00@0.008798@86.6658,23 January 2019 01:12:00@0.008798@0.3027,23 January 2019 01:13:00@0.008797@6.1804,23 January 2019 01:14:00@0.008797@0.2307,23 January 2019 01:15:00@0.008789@0.4056,23 January 2019 01:16:00@0.00879@68.3082,23 January 2019 01:17:00@0.008789@0.2521,23 January 2019 01:18:00@0.008794@112.0816,23 January 2019 01:19:00@0.008795@172.0371,23 January 2019 01:20:00@0.008797@5.785
2019-01-23 01:20,LTC/USDT,teio,70,71,0@31.57@31.57,60000@31.57@31.57,120000@31.57@31.57,180000@31.57@31.57,240000@31.51@31.52,300000@31.41@31.51,360000@31.41@31.41,420000@31.4@31.4,480000@31.4@31.4,540000@31.4@31.4,600000@31.48@31.48,660000@31.4@31.41,720000@31.52@31.52,780000@31.59@31.59,840000@31.59@31.59,900000@31.59@31.59,960000@31.59@31.59,1020000@31.42@31.42,1080000@31.42@31.42,1140000@31.42@31.42,1200000@31.42@31.42,1260000@31.41@31.41,1320000@31.41@31.41,1380000@31.41@31.41,1440000@31.41@31.41,1500000@31.41@31.41,1560000@31.45@31.45,1620000@31.45@31.45,1680000@31.45@31.45,1740000@31.45@31.45,1800000@31.45@31.45,1860000@31.45@31.45,1920000@31.43@31.43,1980000@31.44@31.44,2040000@31.44@31.44,2100000@31.44@31.44,2160000@31.44@31.44,2220000@31.44@31.44,2280000@31.43@31.44,2340000@31.43@31.43,2400000@31.43@31.43,2460000@31.43@31.43,2520000@31.43@31.43,2580000@31.43@31.43,2640000@31.43@31.43,2700000@31.43@31.43,2760000@31.4@31.4,2820000@31.4@31.4,2880000@31.4@31.4,2940000@31.4@31.4,3000000@31.4@31.4,3060000@31.29@31.35,3120000@31.25@31.25,3180000@31.25@31.25,3240000@31.21@31.25,3300000@31.21@31.21,3360000@31.21@31.21,3420000@31.21@31.21,3480000@31.32@31.32,3540000@31.32@31.32,3600000@31.32@31.32,3660000@31.32@31.32,3720000@31.32@31.32,3780000@31.32@31.32,3840000@31.32@31.32,3900000@31.32@31.32,3960000@31.28@31.28,4020000@31.28@31.28,4080000@31.35@31.35,4140000@31.35@31.35,4200000@31.35@31.35
2019-01-23 01:20,LTC/BTC,trex,70,70,23 January 2019 00:07:00@0.00881001@10.0,23 January 2019 00:13:00@0.00883794@0.36911814,23 January 2019 00:15:00@0.00879984@1.3,23 January 2019 00:20:00@0.00883771@1.01502099,23 January 2019 00:21:00@0.00883794@0.0565457,23 January 2019 00:22:00@0.00883794@2.8,23 January 2019 00:23:00@0.00883794@0.864,23 January 2019 00:25:00@0.00883794@1.50590612,23 January 2019 00:27:00@0.00883794@5.8148392,23 January 2019 00:30:00@0.00883778@0.27844335,23 January 2019 00:35:00@0.00883244@0.28056449,23 January 2019 00:40:00@0.00881505@0.34,23 January 2019 00:41:00@0.00881505@1.08603034,23 January 2019 00:44:00@0.00883777@0.06217551,23 January 2019 00:50:00@0.00883781@0.36647178,23 January 2019 00:55:00@0.00883771@1.039728,23 January 2019 00:58:00@0.00883792@0.82701693,23 January 2019 00:59:00@0.00880514@0.33342101,23 January 2019 01:00:00@0.00879647@72.39898022,23 January 2019 01:04:00@0.00878091@2.04316132,23 January 2019 01:06:00@0.00878091@0.18462,23 January 2019 01:13:00@0.00879983@30.1317,23 January 2019 01:14:00@0.00879979@0.31414663,23 January 2019 01:15:00@0.00878221@0.259,23 January 2019 01:16:00@0.00881@0.16066501,23 January 2019 01:16:00@0.00881@0.16066501,23 January 2019 01:16:00@0.00881@0.16066501,23 January 2019 01:16:00@0.00881@0.16066501,23 January 2019 01:16:00@0.00881@0.16066501,23 January 2019 01:16:00@0.00881@0.16066501,23 January 2019 01:16:00@0.00881@0.16066501,23 January 2019 01:16:00@0.00881@0.16066501,23 January 2019 01:16:00@0.00881@0.16066501,23 January 2019 01:16:00@0.00881@0.16066501,23 January 2019 01:16:00@0.00881@0.16066501,23 January 2019 01:16:00@0.00881@0.16066501,23 January 2019 01:16:00@0.00881@0.16066501,23 January 2019 01:16:00@0.00881@0.16066501,23 January 2019 01:16:00@0.00881@0.16066501,23 January 2019 01:16:00@0.00881@0.16066501,23 January 2019 01:16:00@0.00881@0.16066501,23 January 2019 01:16:00@0.00881@0.16066501,23 January 2019 01:16:00@0.00881@0.16066501,23 January 2019 01:16:00@0.00881@0.16066501,23 January 2019 01:16:00@0.00881@0.16066501,23 January 2019 01:16:00@0.00881@0.16066501,23 January 2019 01:16:00@0.00881@0.16066501,23 January 2019 01:16:00@0.00881@0.16066501,23 January 2019 01:16:00@0.00881@0.16066501,23 January 2019 01:16:00@0.00881@0.16066501,23 January 2019 01:16:00@0.00881@0.16066501,23 January 2019 01:16:00@0.00881@0.16066501,23 January 2019 01:16:00@0.00881@0.16066501,23 January 2019 01:16:00@0.00881@0.16066501,23 January 2019 01:16:00@0.00881@0.16066501,23 January 2019 01:16:00@0.00881@0.16066501,23 January 2019 01:16:00@0.00881@0.16066501,23 January 2019 01:16:00@0.00881@0.16066501,23 January 2019 01:16:00@0.00881@0.16066501,23 January 2019 01:16:00@0.00881@0.16066501,23 January 2019 01:16:00@0.00881@0.16066501,23 January 2019 01:16:00@0.00881@0.16066501,23 January 2019 01:16:00@0.00881@0.16066501,23 January 2019 01:16:00@0.00881@0.16066501,23 January 2019 01:16:00@0.00881@0.16066501,23 January 2019 01:16:00@0.00881@0.16066501,23 January 2019 01:16:00@0.00881@0.16066501,23 January 2019 01:16:00@0.00881@0.16066501,23 January 2019 01:16:00@0.00881@0.16066501,23 January 2019 01:16:00@0.00881@0.16066501
2019-01-23 01:20,LTC/BTC,coin,70,70,23 January 2019 00:11:00@None@0.0,23 January 2019 00:12:00@None@0.0,23 January 2019 00:13:00@None@0.0,23 January 2019 00:14:00@None@0.0,23 January 2019 00:15:00@None@0.0,23 January 2019 00:16:00@None@0.0,23 January 2019 00:17:00@None@0.0,23 January 2019 00:18:00@None@0.0,23 January 2019 00:19:00@None@0.0,23 January 2019 00:20:00@0.00883102@0.738118,23 January 2019 00:21:00@None@0.0,23 January 2019 00:22:00@None@0.0,23 January 2019 00:23:00@0.00881933@0.015433,23 January 2019 00:24:00@None@0.0,23 January 2019 00:25:00@None@0.0,23 January 2019 00:26:00@None@0.0,23 January 2019 00:27:00@0.00881591@0.012703,23 January 2019 00:28:00@0.00880023@0.011021,23 January 2019 00:29:00@None@0.0,23 January 2019 00:30:00@None@0.0,23 January 2019 00:31:00@None@0.0,23 January 2019 00:32:00@0.00879485@0.011167,23 January 2019 00:33:00@None@0.0,23 January 2019 00:34:00@None@0.0,23 January 2019 00:35:00@None@0.0,23 January 2019 00:36:00@None@0.0,23 January 2019 00:37:00@0.00881162@0.013257,23 January 2019 00:38:00@None@0.0,23 January 2019 00:39:00@None@0.0,23 January 2019 00:40:00@None@0.0,23 January 2019 00:41:00@None@0.0,23 January 2019 00:42:00@None@0.0,23 January 2019 00:43:00@None@0.0,23 January 2019 00:44:00@None@0.0,23 January 2019 00:45:00@None@0.0,23 January 2019 00:46:00@None@0.0,23 January 2019 00:47:00@None@0.0,23 January 2019 00:48:00@None@0.0,23 January 2019 00:49:00@None@0.0,23 January 2019 00:50:00@None@0.0,23 January 2019 00:51:00@None@0.0,23 January 2019 00:52:00@None@0.0,23 January 2019 00:53:00@None@0.0,23 January 2019 00:54:00@None@0.0,23 January 2019 00:55:00@None@0.0,23 January 2019 00:56:00@None@0.0,23 January 2019 00:57:00@None@0.0,23 January 2019 00:58:00@None@0.0,23 January 2019 00:59:00@None@0.0,23 January 2019 01:00:00@None@0.0,23 January 2019 01:01:00@None@0.0,23 January 2019 01:02:00@None@0.0,23 January 2019 01:03:00@None@0.0,23 January 2019 01:04:00@None@0.0,23 January 2019 01:05:00@None@0.0,23 January 2019 01:06:00@0.00877985@0.140483,23 January 2019 01:07:00@0.00876291@0.140107,23 January 2019 01:08:00@0.00878@0.102474,23 January 2019 01:09:00@0.00876364@0.089872,23 January 2019 01:10:00@None@0.0,23 January 2019 01:11:00@None@0.0,23 January 2019 01:12:00@None@0.0,23 January 2019 01:13:00@None@0.0,23 January 2019 01:14:00@None@0.0,23 January 2019 01:15:00@None@0.0,23 January 2019 01:16:00@None@0.0,23 January 2019 01:17:00@None@0.0,23 January 2019 01:18:00@None@0.0,23 January 2019 01:19:00@None@0.0,23 January 2019 01:20:00@0.0087725@7.219452
2019-01-31 23:52,BTT/BTC,ance,70,70,31 January 2019 22:42:00@1.5e-07@407004.0,31 January 2019 22:43:00@1.5e-07@9279959.0,31 January 2019 22:44:00@1.5e-07@370050.0,31 January 2019 22:45:00@1.4e-07@21970108.0,31 January 2019 22:46:00@1.5e-07@582116.0,31 January 2019 22:47:00@1.5e-07@1944756.0,31 January 2019 22:48:00@1.5e-07@7905133.0,31 January 2019 22:49:00@1.5e-07@419099.0,31 January 2019 22:50:00@1.5e-07@1816160.0,31 January 2019 22:51:00@1.4e-07@5538889.0,31 January 2019 22:52:00@1.5e-07@17210834.0,31 January 2019 22:53:00@1.5e-07@1725778.0,31 January 2019 22:54:00@1.5e-07@4856706.0,31 January 2019 22:55:00@1.5e-07@5123643.0,31 January 2019 22:56:00@1.5e-07@9879645.0,31 January 2019 22:57:00@1.5e-07@6905.0,31 January 2019 22:58:00@1.5e-07@897166.0,31 January 2019 22:59:00@1.5e-07@3764451.0,31 January 2019 23:00:00@1.5e-07@7140435.0,31 January 2019 23:01:00@1.4e-07@1257522.0,31 January 2019 23:02:00@1.5e-07@917385.0,31 January 2019 23:03:00@1.5e-07@3746798.0,31 January 2019 23:04:00@1.5e-07@2029764.0,31 January 2019 23:05:00@1.5e-07@952715.0,31 January 2019 23:06:00@1.5e-07@2038796.0,31 January 2019 23:07:00@1.5e-07@767078.0,31 January 2019 23:08:00@1.5e-07@2574805.0,31 January 2019 23:09:00@1.5e-07@1052717.0,31 January 2019 23:10:00@1.5e-07@124769.0,31 January 2019 23:11:00@1.5e-07@1945263.0,31 January 2019 23:12:00@1.5e-07@2055407.0,31 January 2019 23:13:00@1.5e-07@4609823.0,31 January 2019 23:14:00@1.5e-07@687450.0,31 January 2019 23:15:00@1.5e-07@822214.0,31 January 2019 23:16:00@1.4e-07@103223.0,31 January 2019 23:17:00@1.4e-07@3714760.0,31 January 2019 23:18:00@1.4e-07@43515.0,31 January 2019 23:19:00@1.5e-07@91634.0,31 January 2019 23:20:00@1.5e-07@1693226.0,31 January 2019 23:21:00@1.5e-07@3562887.0,31 January 2019 23:22:00@1.5e-07@3153807.0,31 January 2019 23:23:00@1.5e-07@6962620.0,31 January 2019 23:24:00@1.5e-07@759538.0,31 January 2019 23:25:00@1.5e-07@1038012.0,31 January 2019 23:26:00@1.5e-07@809463.0,31 January 2019 23:27:00@1.5e-07@237626.0,31 January 2019 23:28:00@1.5e-07@21223544.0,31 January 2019 23:29:00@1.4e-07@1763298.0,31 January 2019 23:30:00@1.5e-07@58393973.0,31 January 2019 23:31:00@1.4e-07@666846.0,31 January 2019 23:32:00@1.5e-07@7031857.0,31 January 2019 23:33:00@1.4e-07@1160870.0,31 January 2019 23:34:00@1.5e-07@1099162.0,31 January 2019 23:35:00@1.5e-07@1153724.0,31 January 2019 23:36:00@1.4e-07@298436.0,31 January 2019 23:37:00@1.4e-07@850444.0,31 January 2019 23:38:00@1.5e-07@1743801.0,31 January 2019 23:39:00@1.5e-07@1061376.0,31 January 2019 23:40:00@1.4e-07@47753.0,31 January 2019 23:41:00@1.5e-07@734388.0,31 January 2019 23:42:00@1.5e-07@5044243.0,31 January 2019 23:43:00@1.5e-07@7695451.0,31 January 2019 23:44:00@1.5e-07@289286.0,31 January 2019 23:45:00@1.5e-07@53809255.0,31 January 2019 23:46:00@1.5e-07@3090518.0,31 January 2019 23:47:00@1.4e-07@359227.0,31 January 2019 23:48:00@1.5e-07@220177.0,31 January 2019 23:49:00@1.4e-07@13078107.0,31 January 2019 23:50:00@1.5e-07@5052880.0,31 January 2019 23:51:00@1.5e-07@45181.0
